940153
1386548
1762247
505947
1822036
4185995
3628129
4373226
444571
4636503
3996006
3395548
3239613
4713723
1396626
4309137
3325197
3198397
2311860
1610341
2575734
3762152
907872
259919
452014
1722916
1906107
4979609
4591588
3841972
3776258
3403069
3997338
1434395
2976845
1336093
2693339
930216
1019605
2970299
2250267
2937262
4579379
1736171
2320751
1534111
1688597
3074150
381811
4660242
3402385
985917
621443
4863145
29370
3952938
2142077
1661469
4812194
3056023
1610676
1861012
4953753
1928954
150796
273003
2183085
2785070
1008104
1126052
3213831
3416899
392243
532987
4571996
322331
1969387
2133969
4787097
109336
3421533
2685032
1424346
2782225
4160557
426000
1438241
2491114
4266176
764742
4039485
904275
4314706
1074614
1088418
4066217
4739203
3887735
239479
3678805
4702515
3272806
107925
1625865
4223810
2417381
2753121
2255734
4006396
4964695
2124156
929586
1183866
4334000
1501773
3258009
1178840
4606102
2844972
3107858
1832653
2602369
4755092
2679869
2952868
3867894
2353479
1813661
3843873
4873273
2385952
2032459
680280
4866339
628436
4721989
2643340
325824
948819
3210111
3022446
98648
1306428
1809150
78237
4886811
2398419
2463967
3412865
1654889
3084647
1604002
155190
227567
2032543
2206023
4468315
289118
2508637
1554901
2352279
1800138
4536478
317825
3141263
4969711
1437134
53641
2371981
1467072
4049
4198331
4109031
2435038
924966
3583831
2222098
2535501
711944
85384
1121024
3311062
2320993
2197834
3288939
3144078
202591
706365
4967250
2061954
2052289
46946
4701692
2390526
4494173
1662000
2339105
2012831
4441143
4199971
829482
622463
970418
1477439
800789
549818
1025863
590552
1527686
524063
4515244
2600750
2748305
475463
2556794
4172644
3432611
1015856
2109260
826708
2309084
2350712
4384922
1399145
4586096
1767080
524753
980988
2080850
2885805
921203
57859
2468576
4905974
1916194
3440
1835034
4869951
2433508
3796794
4638566
2486514
1143428
3069935
927631
2695771
3954643
4905370
2927615
2692110
1228765
1808702
2250850
2043144
2134961
972607
1820133
719742
3935365
3248111
3417018
536373
3331404
522171
2619083
2625642
2961717
3170775
3563957
4924821
2738241
2462268
1890815
147393
1177211
1573268
4530754
2739642
123557
1350318
2547108
1193131
1300664
3817582
2518815
780901
4970205
3110276
4679878
2613629
2649429
1304107
487676
204971
2718555
1914376
452099
4510563
4360122
1911029
3154830
2276513
2563494
2479451
1986942
144363
872361
2297282
2059779
4231281
3228429
2734973
3853092
4123055
688074
4550911
66106
4872666
982645
3775211
3541029
1026702
4031145
1009967
4209704
3552090
2853196
4737703
1068846
1745856
3267234
1492885
2419934
4069175
1415112
1476200
1744292
4964198
2659457
2541278
2184918
3006509
51798
707375
92586
3206910
2261529
459744
3414211
3922556
2189115
604285
4479827
1932890
1849889
2505249
3621292
4465466
4250294
3733670
3002663
2302832
2325413
4222039
1205
3462881
432621
18545
4638553
140339
2151508
1354924
3809481
987217
1676360
35927
2795029
2211721
3683685
4597108
4902442
2473871
2922028
61285
645105
2063056
1245352
1667530
2425713
1879568
232666
2959489
4341256
3384599
199589
1290629
4583787
1266869
75062
88732
4038047
3067312
3145177
4298441
2396395
4558038
2160679
2074726
4961503
1210730
3799722
3115991
731618
4776845
968896
3315703
4196604
3168616
65486
2623752
869085
4096857
4107393
4843669
4023024
983738
1561921
2937629
1375223
2233072
4655483
2436493
642277
1922379
2825102
2435203
1328953
3882890
2549591
4985637
1226312
3902217
28570
4455599
234981
2021770
452846
1577200
2688088
2492537
1321354
4014125
4011346
466399
3044492
1036092
2939269
2377447
4893814
1476191
251762
1493655
4147004
1459017
4807738
4623794
4494713
1950613
2160632
3823586
738485
359793
700798
465728
3597542
3877212
4830414
84173
2007565
3661433
1684556
3660141
3879396
2081560
1091579
3317780
2540087
3587872
2028039
3938564
582891
4020075
1746939
2324131
1925807
4313042
4738273
4346642
3762607
4423237
1781570
2611955
2386339
1730726
3190107
4145803
1889292
1594973
3915837
1535198
4981243
4236121
765714
3942157
4588319
2925272
483349
2614518
1038993
3242348
1096570
1765389
4726208
2253649
1519652
177805
3717941
2173109
481122
2478702
1858890
1605140
4119688
4224400
3654223
1850485
3484529
2510279
2795141
3820245
3406691
215964
4056861
4114119
2346442
2911304
2567348
1071452
2192567
664126
4933610
1465587
659117
3856993
4626442
2207965
262197
3073466
1957380
2660681
174044
2979208
1801556
722552
3579978
3417523
735852
138567
682594
1577883
514532
230707
3362879
2424038
4542353
582106
949147
3721893
3411912
2488393
554412
991639
281502
4223419
2734065
4965520
2575559
1806613
4860812
1316851
4907630
3899107
1954806
3923666
3967200
4705533
1363318
3331728
1574970
429313
2227278
769834
3631963
545007
1178214
3056869
2337244
120665
3281765
1236904
3343252
4928131
3067254
3719864
1141907
2168861
175008
2794424
2020717
3904847
600923
1242534
3690825
2583492
3093165
645215
3432963
4741143
4984729
1634937
3585076
3436752
2174692
2323835
1856140
2059774
1143228
1603083
2329264
4430723
3966652
1855530
2262458
2052748
174668
1366481
3973210
2060438
4464803
4889846
4994641
2097986
2581922
4690469
3733539
1081606
1051556
1363415
4328955
2580319
4535347
2726208
182257
147315
2805744
2372002
4002575
4384026
2814139
2603359
2677997
3358244
3204126
450672
2697403
1835082
4070696
1551151
1454205
450334
2477880
3392605
764985
3486680
2672664
3496656
1183479
4823505
2383716
3841613
38918
3520003
1088128
4021811
2258821
888813
1993385
4259287
1428701
4519706
2355913
2727369
1475850
995775
3341483
986621
251689
2289665
19695
1361134
699106
842654
3690270
4133093
4254019
492333
3594087
3285487
615875
2403661
2419389
2100265
4866684
2074103
1493018
3414430
475746
2461411
4820006
818195
2872238
1681661
4321008
2548791
751231
4429212
408408
2644719
1078984
1598218
979298
4674264
4840571
1699052
688238
113513
406993
3707841
1187140
4479369
4310229
3959354
2684183
3397937
3556549
2209249
1478204
4618634
1526881
4864522
2109082
2487659
3257470
4521781
3025522
1524807
447023
2616367
3890217
3234670
772694
4460593
255044
5654
1327214
1882766
2425325
2592268
4154115
1318507
1150809
1128932
3300455
847517
2186624
2534885
686707
1448439
2365820
3148152
793518
2138711
1425698
3788907
1051189
4591361
3422900
2219149
3774480
3453730
321066
4576722
2642546
4230285
244487
1912987
1590847
3217603
3128978
2442343
4076150
2730897
2248162
2141133
1202509
4412831
3142045
174947
2270101
3289820
3739342
685640
4945759
1442220
85474
1715199
3252215
3518186
3735857
4613586
270886
805510
1547374
3356085
1068432
1791527
2819572
1531240
123417
1802012
2886059
2383442
4797598
4623055
2631036
4851198
205292
3370853
322472
1037902
3259701
2114240
697272
353005
1353576
2176277
2402485
105494
875692
3255713
3654184
1572868
3893999
1109971
4744988
1051409
4465546
4980820
1690885
3181945
3765397
4863239
98691
4205310
2703386
1925581
3202373
821007
3434142
277813
3832219
3223072
1628434
3519019
4024689
3603522
1535350
2745304
2860875
3578020
2805144
301699
1934506
1978451
1292600
3207975
3111023
3670502
3009228
3394897
415950
4641203
603624
1314194
2959831
3730526
2138918
1569204
2168040
2600020
2889568
3107186
2685922
641641
520555
2332107
2897010
1765535
4430030
164613
3480682
1220982
3356815
4737568
2154437
4380307
3969877
4764312
3689766
4051289
306580
426571
3205093
3158341
2462183
2779436
1960056
541078
3599478
1035157
494164
1348789
4570508
1059160
3189407
1511697
4011770
4700333
4751391
3744633
4176683
3634215
175637
2398918
1111154
802645
532327
1677974
1695854
1154438
4701624
3795308
4225051
2614638
970470
4535266
4258850
2931151
354384
94517
681818
2742481
3911821
4579951
717111
4643467
1236762
4125976
994520
16271
2786537
2992513
4577043
2209848
4524231
1063696
4667140
4509194
1622440
451024
1320708
4484537
3000400
116274
3021295
1267061
4566537
4283322
556590
4124155
1499229
8084
2092933
4714745
859424
2963646
3063899
3045991
3391292
1660178
2743325
2189773
2417705
2621293
1925806
1092745
4425375
1182854
1053390
4381906
351412
3005108
159601
1609503
1141135
2582889
517036
1307277
109771
1492489
4272430
65844
242608
2777475
63245
4743405
1218296
4052008
3613521
4765909
1932928
696903
1767980
4260919
2245515
3605488
2012194
1169880
3750992
3078761
3269255
2963974
4694821
1038077
3331487
798969
2779716
1233464
525409
389070
1877872
1733250
3575944
3958448
3799198
1920840
3769326
4955503
2177552
1438435
4225105
547623
2641576
1105530
1821251
149995
4551598
2093817
3948207
4384971
3075569
2780926
2096741
1459199
2639440
799192
2760033
3301065
3749990
2872541
3974673
2436961
4272163
3390721
1169444
2232763
543575
3197291
1488566
1070228
1772732
890894
3301947
24803
1449786
3028754
2437562
4657124
2438631
560455
4197014
2362046
4745211
992272
4300726
574393
1786624
4406516
4525329
1412199
104152
3581486
366706
3526202
4915819
4989901
947872
717156
3720516
1589054
3709319
692857
99903
3240957
1317981
4735162
4081432
2686181
1711117
4406276
4205985
3235435
3165472
732395
2551767
2566626
4806022
3781389
4380153
4306970
1991831
2765660
3952265
2562901
4271968
2846563
731571
1390505
2795163
688091
444405
840684
427273
4401265
1298984
2181681
2568180
2564346
2885439
3812558
391055
3176421
1133012
3954668
3159130
3135848
680583
3524956
3109814
1769820
1850683
2354128
387107
3517051
1886373
2187723
4120866
3679873
3616993
3617041
1469118
2236880
693171
2487807
1550197
3409845
2762918
957672
3047416
1118889
4930054
3060888
4386500
2545736
3314517
2985094
1482928
3531966
1163750
146013
3731183
2357947
3120184
592869
3076585
2837483
4242313
1237643
789316
3236372
3501155
3483526
4063397
3836270
2234955
2953860
391991
2383047
1731669
909748
1182405
3207041
1423212
3543136
3017140
2504669
1768231
3248846
729746
4442158
318094
320256
2409960
4063964
3750585
3453933
1276307
163876
2477112
735648
2001547
1157943
4065829
182311
1826668
1736650
1131605
4406907
2773408
3042816
4445070
2268404
2050283
715398
4448341
2689818
4982544
3695635
3180181
4913265
3494257
3263302
4361268
292944
1092275
892443
3729008
3854310
4188290
1832347
1549939
4601350
82192
570881
2738341
4439756
1920467
2811800
1541545
4901623
4410823
495790
2253470
2426140
2594528
1521235
2448110
3031029
83458
4128738
535849
772574
3447078
286808
3936393
3711145
4677911
3616188
2274456
248380
1971918
1995622
3034477
555401
4966752
3910254
47688
4827912
2451630
1081831
3732120
3715866
1772419
2149159
918446
2827357
2224394
2650129
626658
2957617
4296737
4946258
1975891
2156903
2552335
1278891
2799254
4957013
1320983
4655233
1307041
3312827
4312121
160421
4347806
967329
4207215
4917231
1642928
2359369
510685
1244349
3211018
977888
4139836
3336264
521427
4726121
2229034
2078116
4235201
1742718
1029616
3485354
3728711
1471385
145196
4599321
2981450
230074
1084326
4903058
3442295
4522881
1946087
300533
1217729
2338851
380919
3140187
2780934
455469
377475
1101332
1805879
1641760
3035568
711656
1633141
536794
3570
3964941
1577954
2135419
701774
4885640
131628
4974140
2661947
4941677
811304
1856909
4980942
3783055
1042066
1943076
4872731
4896650
3587163
4714591
3314795
3786603
4695131
1162653
4198068
1361356
900595
922256
1629998
4505124
4671007
2146977
3797318
610956
1108838
2354066
2515259
3262054
1280845
2544888
833681
1969106
1506988
4410916
1704817
3813043
4970273
3620860
2275694
4723833
3806438
2040784
284837
3626514
398651
3243664
3415351
1223648
1425998
1182980
3979450
52034
1370370
3089933
3089685
2529594
2524152
2128911
935606
4142265
3783987
3028051
4293842
4935333
1361005
2134518
4946214
2385501
663599
2822415
86435
1015546
4897555
123850
4777238
4913882
655543
2609432
1447330
2887622
3959896
2842283
1563783
2051391
1583390
1049514
323746
2315198
393372
7476
2856104
4051076
2097335
2815534
1719212
32582
4770268
3964818
2417818
2579076
2113486
3696790
1110766
4768770
891536
3240296
2826720
1791888
3610547
2607897
4878078
2530068
1303286
3032383
3803491
3971218
4265904
4247162
4245785
3928741
4647906
1525941
1269280
4007183
2632795
4000053
649859
72789
4251078
398139
4366308
3483989
340672
3045091
2368785
4083406
4389393
1233738
4607582
3207478
4962675
3285029
3814862
1627054
2013642
969030
1679766
2701906
4099825
271251
3340777
2100254
4186416
4146554
4839057
1924790
3468879
4895290
3849025
4113956
4335643
1442004
4120268
2136656
3786157
525616
3684422
4284937
4842777
1442413
2509778
3472797
3723925
4071736
3794721
4484973
3678576
3316344
2841720
2211301
2181792
198857
3669415
3422015
3814228
22367
713257
2801574
1174915
2314655
3184210
454499
2072525
1741112
3113871
3356287
3756453
1166215
473954
3117757
2264081
1302245
4495897
3327579
905123
2179369
74724
3957508
4776741
194942
2051000
1319429
3693153
827427
2538116
2318748
4154346
1405765
3890484
4678032
3923525
2332083
3105723
3310703
3247805
1489999
4560027
2872615
3692874
3768582
246981
1053794
2522578
3659521
1541394
1473781
2818734
4685615
4775331
3989007
1602876
924364
4948604
4357900
3971059
4489383
4700874
3583049
695891
3564218
2130102
374269
4066443
1753313
2701539
2837949
2475273
2511139
1835910
1335774
1204794
4041608
2135327
212598
4021054
900122
1191771
320299
4527948
2287447
1759601
1821134
1623453
2747448
3985059
3412902
2833944
1719840
2765151
1891855
1086160
2330597
4496030
1913947
787709
3446395
4631423
4832273
2111066
1214677
1510623
2130310
1626994
4913667
4225755
2856270
4755912
2025897
669968
3996744
1322521
3056535
4470344
1606052
548967
1834450
1514302
4671154
4597497
4984617
3227243
4848702
1297896
2518733
865132
3471810
4557416
185757
4020383
4275885
1543805
4849594
3098331
4455556
810702
2402256
157539
3533584
2782321
3142863
920995
2507465
2657358
2287129
4105591
4188580
2952480
783565
396613
3567681
4085559
2640272
4869122
2686959
532677
335790
4237876
2298345
2610880
2492807
1258072
2568143
892910
1232061
1379042
346549
932137
3304789
2323228
3952902
4468353
1444132
3620875
981472
1007354
3807835
3738093
2038576
352512
4792912
598173
277617
3963429
1596788
3638295
4907505
1454622
4846217
3030134
958414
4144537
4780277
1627740
750249
4052475
3591077
3893635
801802
1399551
2109744
2045349
2369591
3681115
2145102
2328747
196498
4762297
3366079
1455474
3693423
2161316
696777
603806
3864288
1662691
4503448
4485962
4693794
4061692
4717501
2555867
4289166
4690662
1334461
4109942
1679743
3141025
3265657
2382245
2668315
463802
1674020
1112325
725316
3867569
1023677
898350
1987053
4869123
4045872
635776
913634
1762004
4260200
3496191
2241226
3694124
946183
3131568
4391
3121849
682471
941773
1743804
3198753
3348230
1195458
1872627
329156
2997212
1664085
3664767
2720911
4687396
1735700
2910049
955209
2005360
152882
3339510
4288334
883337
324960
386395
1683674
4773441
3206411
1800556
2228418
448909
4914448
4506986
4734025
4884974
652180
1888267
833997
3418415
3821755
1224352
3017514
574540
3951359
1712351
2603819
2334998
2690111
2070682
4603614
4797091
4769951
3138846
1610465
3753790
2497679
4468479
1184589
1833676
1488802
705627
4698307
3969022
3296634
1138181
1915182
2073447
4241104
403443
3466623
2270469
4838581
4965439
3853886
1890668
101479
1583866
1645233
388804
734353
4755318
871111
1057060
52922
973164
3807700
166644
4624213
141136
4593034
1718847
4026395
3124623
4216881
3296017
611521
3446450
86183
654610
4833182
2892188
3202930
2261951
3677754
1857422
4981663
3247890
3835546
4818814
4998621
3398912
4396586
233653
2074744
3236952
2925487
320695
4165803
4463940
2461401
440963
555536
1478530
4180432
2185856
2154154
1220057
1146029
1352194
3871958
2490334
3901098
1914331
1529937
4706255
4805942
2840877
1160924
2389793
953765
1625033
1193448
925733
4606319
3380026
4739201
2105667
4741818
839607
4826657
1908346
4020463
3242524
4212693
3671640
4508631
4833279
1664750
448692
3566880
4557598
2378598
963803
2746440
3922647
2904644
2801236
2698463
4390357
959381
4240033
2948570
993619
1680530
544241
987484
2567808
437783
2381364
4044759
969282
3887399
4189582
2651660
1880835
3731492
3166655
1267896
1553062
836949
4661955
4332536
297832
1368549
2537826
4296780
1156399
2612356
3051717
544304
591865
853239
2251848
212426
535970
2173247
758316
352304
694619
428398
1248795
903944
2640448
2041448
2146549
1835261
1334860
819968
411146
3955108
4795654
2754476
1013546
3407181
3318161
3839793
2424647
1542450
1410311
4719821
4005241
2331991
4179017
2795224
19483
3405206
3987601
4712091
2872685
3269167
4627045
4521163
2468286
3879800
667846
2257169
2615868
1188992
4935492
812061
14274
4731519
2268414
368692
2038225
2591634
771961
2240770
4380383
4863527
430939
1962931
2131961
1657118
2802474
1307288
3423990
2867976
4064793
3130925
409979
2769997
2298582
3457869
2850736
2361152
1422142
338884
867786
2532760
2828928
3307553
3192933
3681583
2608663
1456799
2527348
2273789
1453370
1240689
1310092
2259684
192084
1630128
2088138
613088
3765923
4649320
4983243
3626101
3691869
3055150
2293383
4634957
2823937
653857
3685181
810189
4409524
3881863
998340
4456690
4573751
2187036
1413240
4555122
1455784
4207810
601039
2987591
97527
1073060
3059502
3434634
4690626
4051150
1338023
4612109
1250488
691767
2313823
1893594
1600745
4279508
4108312
1240364
2631016
2409996
4772742
1887708
575100
4217364
4519958
234075
1312082
4585679
1291985
4795035
1807199
738387
4735025
1672482
2315131
3257536
3638921
4580863
617238
4030828
321741
2556235
4877517
3654440
1099946
2532582
4343767
4093422
1681364
3168709
3821917
436973
2175712
1563516
2336350
2127745
2338982
2617434
628135
3903169
2088922
3345384
2841744
1290992
3741282
1241653
558712
3201652
2701565
1358335
172226
452040
4176900
2542179
2668454
2231064
2857064
3750381
4636464
3703080
2915052
4136673
3790519
4005966
1325152
2057939
2329486
213497
2951017
1394443
3526430
3942451
3006939
2671301
2453095
1746714
182305
4935142
2565373
1120394
3215824
4963722
3621876
3630640
2696748
2855587
1486038
1228223
714509
1647900
4894979
1433425
3256957
229373
4018114
4799549
913283
1686955
3050488
3273885
568311
2548605
184172
3373750
1747368
1852716
3447852
1605054
296006
1740953
3178117
2583653
4598654
3140707
1945828
990321
642945
3092333
2013645
126847
1402710
2656334
3190379
1961656
578579
1634441
2060812
2251371
85835
2309093
2107066
2603158
4920178
304737
4930964
540232
261616
4690700
3922441
3469034
1670856
2599584
3302794
3497463
3613760
846891
317045
147366
1089059
3352988
3679965
914556
181579
2197395
2988540
1049132
4350562
3163007
343681
4444118
2819740
4323853
2083222
3984309
4356617
1016802
3894677
3289271
3926244
2888889
214567
2484052
1277160
3820095
2588421
3836092
4279792
1442625
1205101
3931235
342321
3028409
1506152
135361
3608028
2473691
226566
725054
2007352
971080
346227
2479172
2284504
1830242
4811801
215776
2071515
1409941
3667532
4499909
1022016
3386033
1449714
932326
4573465
274086
721359
2929517
1831458
2324049
186755
2078369
515954
928190
1194487
579415
1430296
1404218
3417735
2361952
3489077
2655140
1113330
1169421
833095
1346194
2682907
4197944
2716415
24855
3427182
2227547
4253147
4452483
1797242
2083589
980842
3301140
2943147
1954607
4865105
3109781
1324656
2081299
2405208
4105020
4430352
2504671
4840326
1067529
3177664
4936065
3248746
2988199
3684915
4768934
3790969
4309031
1628039
4339034
3870174
678477
649200
72947
727422
386330
454535
1657797
3798945
4112025
624820
1696787
4865707
926307
4148487
54652
2406682
545642
1189687
3135217
2768750
2260924
772364
1294943
2285366
4883445
3438896
3444578
4027458
3139310
46833
3261405
1382963
121758
3021777
908108
3511368
91473
1394182
490228
2390761
709023
2045096
1415155
1423483
2121782
1276523
3330311
2746221
1829336
1759551
1464694
638870
4973595
3748421
2041063
2315308
2557140
2132685
4747659
4160614
1146112
1205309
1942415
1431866
1379769
3598402
2180392
222178
4680457
3719971
2243
2309970
4098130
1007386
261104
3319437
569023
3553756
4414011
1411394
3245932
868873
1329737
4511616
1134367
4154735
4226538
263123
3991808
3940289
3741741
1817210
706972
4167848
4032218
3112762
1138729
2307159
2625584
3342910
2094293
3860370
2724369
531413
2162684
3723047
2359830
4760240
4895007
1525351
4256579
1272072
1627149
2612197
3624334
4895521
1573617
3828019
765393
4135241
1039195
2326806
1020247
2594471
362276
1060904
3581220
1103186
1728929
1862301
3706869
597294
1469531
706974
1260218
333895
801462
4427183
3466063
559167
229343
3129990
866857
2238225
1374457
274267
1841683
3581405
3597593
2860052
3347414
854031
3361316
1266653
2108963
1219713
3152644
4574936
1130201
607136
3650462
2516480
2716496
2329725
2883262
3406787
2329988
1146710
1834316
933807
155489
1156275
1560333
4174092
177911
1655606
638452
3049236
2005058
1344149
2072857
2993878
1979763
4973203
2866138
3138038
2097273
4559891
4664863
2118303
3129018
2511587
2194513
3784503
1297883
649368
3565934
61517
4025922
1204621
2650866
1877248
2205599
3968666
664838
531201
496872
747192
1700002
859349
47274
2547806
4582744
662660
4130947
1777425
4785587
3876704
2514442
301164
4756699
2637751
1369358
695834
4106317
2940795
574726
4452332
1087015
2073178
2313394
2147626
823958
47004
4378053
3942198
595021
2183588
91356
3462999
161784
1765592
664730
4968109
315450
2062448
4858161
2526611
441879
1625668
2433186
735157
4908185
2952144
3395784
4110568
4518805
2931046
119066
1542806
4880573
55674
4271335
1756599
2779262
2164316
1636169
1385347
2070470
144294
3707282
1100275
2425360
1917208
1245998
683733
4469341
2640380
2103280
1297002
4115268
2154343
2112872
1161879
409929
2826303
2142411
4941539
1956968
1428751
1929526
1058216
83530
2388386
1745359
4066142
546954
496051
3617226
4291431
4671082
977389
1931129
2999032
3499637
1095335
1815678
1279720
1095047
926420
1033632
4710539
1065093
2497208
897195
2240538
1692963
47817
1799657
1617746
2675931
2848676
3080747
708965
1046851
3452812
1360542
301991
1807085
4243726
4901851
282783
1541867
488717
1397155
4178233
1438590
1126187
754752
4835693
4464796
3225390
1330979
582719
4688368
4592189
4011169
109577
3296736
2675774
903895
4384611
3444557
743443
1062962
1344261
3755285
2793277
4844260
3985925
4808570
233880
1014120
3800391
941995
800969
940703
3274605
4947788
3185580
4351382
1292480
1815275
2840250
4276216
4099671
3200909
1635206
3290587
2591134
1210281
3576933
1856315
2421608
1809507
928082
770871
3373276
2595496
4146780
3919749
3467928
4913008
753665
2673934
122507
3465224
2892557
3261339
2663045
2541064
3473540
1173434
2417441
4051032
2135631
146063
4920755
456669
4074599
906085
2189163
3473008
4439479
1045843
3962204
1489201
879805
4898751
227157
2579872
3191486
4372057
2437937
360412
1627475
2527755
4137205
3218008
3551024
2204864
346561
3484062
2298511
1866294
928136
3338747
3266212
4697742
1558804
4861870
3637654
2884150
2615622
1236269
978681
3403994
1881930
4941128
4554541
795364
486795
3667714
59656
4612712
4872725
3007233
2775708
1148919
1597092
2568531
4726108
4462147
705834
3659804
3933866
1620482
3771736
302229
1214807
4026859
2244027
1404854
2661047
1892147
1698290
2784462
3732447
4387787
2536307
3458280
3560742
3270713
424339
879704
529735
3540814
2199762
2037177
2388609
4342688
1087878
3538249
2094890
4716053
3061975
4583671
4094453
4929353
2874833
3151387
3693503
3262263
2578596
3587430
185012
1219881
4669182
3709412
4261877
1011486
3109969
4125787
1576051
1067189
4209326
2933439
855146
184158
3673231
2771289
2327092
3821014
666781
455700
3414938
242354
397432
663695
3476628
1175511
4627418
376135
3015472
1446587
4074512
3616550
4964707
829272
3653021
3263872
1626957
2980734
4290472
1241417
2802831
731050
4010995
2241810
15640
2617347
1021018
4883453
3380327
746120
1158245
4790104
1082438
3681571
2772690
2287326
2039031
622864
3450364
4079785
3042828
3944345
1183313
1975273
3609297
3390736
2969744
2616232
3593921
49485
893753
1093435
870959
4736048
839333
1073716
2299186
2412711
2679167
2507977
2068118
3784047
3590323
4308734
2196394
4696893
3451136
3499937
2601873
4265572
1205482
4889623
2472153
267540
2067871
4038710
1193252
2542253
2257679
1417168
3787892
3534879
3968585
3626292
2434399
3251939
1474182
2690319
4601722
3036454
2799620
4888201
1745172
1567256
4936374
256820
4411785
4766011
1592520
3835878
427741
2543964
3958972
3115848
576920
2248046
1360870
3357050
3151381
778331
2153151
3256216
125581
3552936
3244383
233004
2890441
4628464
1498602
741381
2974427
2911270
129610
3927461
1560281
1344197
953996
4494048
1946930
774656
295261
4282023
3310191
120033
1753115
1599211
4464080
1376140
2149173
4949641
2215364
3635018
2050125
899536
1868217
3796073
4214962
1542488
2363326
1011177
3286901
4924242
3787169
234549
2493768
1541667
2583883
2315055
1448654
931380
782491
695579
341389
3996779
48911
3326891
3401719
2573680
4606297
3496593
1609046
4598526
2898436
3330697
2112148
4219634
3988924
4145180
2963265
4393946
4011564
1101337
2544585
930392
1008379
1244078
3589997
906225
1167756
906355
2122226
2271022
1542390
4152138
2674340
308919
3329083
705389
2877285
238824
2221291
3671702
663536
3273908
313176
4622239
1559378
981861
4502992
1608079
2175212
3419060
594184
3585580
3905696
3101486
2215947
43017
3220858
1652978
1632915
4228407
783822
452740
1151951
160750
1029317
601281
1811081
27909
86273
2023406
3280669
3687784
3457596
1387720
1077259
3620209
126564
3248782
1387721
4080260
4415541
2076267
3106415
1849041
2231137
1395861
4048935
3325977
3002438
2529506
938125
1734595
2793867
4138650
3295417
2763079
1438205
3145866
4741082
1586246
3523144
4717478
1984525
1559380
4702577
3251997
631664
832815
2445045
1304587
1101896
778923
2943650
2421873
4572141
1788883
3238629
4492904
1849995
4356938
4197556
2533611
2517721
3386623
1819990
3655184
2158040
4446737
502804
4405018
4915423
3759499
478710
3260236
1084628
766884
495730
3633708
751739
4252043
2130811
4845748
3632109
3828589
1401516
2191170
878912
3638835
3499554
534552
1464584
2456914
434132
2964163
1013388
4387607
4555742
1341346
3702329
988474
4115476
4068445
92796
400283
4400442
714380
280796
852913
741916
2636272
3773016
3092536
340942
3993888
3072828
4331312
2243006
3647763
1552662
1138829
4755899
953109
2732815
713996
2254558
2427551
2457589
835900
2009985
2436258
1765938
1278490
2423199
498200
4899892
4426442
4257730
851284
4594322
1398394
607013
2042192
1884982
3328136
1937058
767836
1771530
1382264
4658345
469353
3836544
973561
3905355
47363
1534074
3707555
3070058
3994168
1439569
829427
3812575
3151635
3611929
3793818
2776218
4293171
2952974
178702
3357516
1496735
4497019
3012455
671771
803371
2117783
3032232
1460621
703759
1883679
1115680
2261960
4183681
1056872
2758279
933625
4327868
851028
2436392
67754
2262050
1303030
2538651
3109765
3974388
753372
4756746
1775009
834805
1092671
4647433
737160
9899
2176419
4493796
2812440
2509850
928392
2378747
4315627
1383610
680872
3138713
2369972
1503808
920228
1504766
549564
2090709
723918
3451482
3387888
3000227
3295945
3271283
32684
4798356
1426199
4743351
4197392
4000682
514423
4401032
198799
979467
4293803
3181416
4214327
2064660
4747571
1920125
38267
2025940
477546
3355140
471964
1429804
1393631
3725531
2709174
278852
3586978
2953058
39408
1879851
399610
3116195
4973508
1613762
3897152
1069320
1706865
4767673
127925
2406700
736001
3807602
1683379
29597
4209229
2070696
3749461
1773918
4763876
1515970
3459369
1188606
1927015
2359036
1228408
515165
2660891
2049381
1298957
271984
605255
4814934
3990872
4226042
1414288
3389233
585063
2837178
2163351
2464952
4577914
3882756
3710979
4122666
2056661
1154091
2210344
711528
1342507
2444765
2726716
4186753
3530623
159033
3903076
3931282
671308
3735849
1014052
2265255
189319
1231531
4833607
2324827
2924661
3738873
3202678
3241091
3176087
3498128
1831400
438053
2501986
4091624
3627875
4938026
4388378
4718385
4114223
4476841
1179562
1727971
4514859
2582906
1744166
4072909
4479667
601512
4245091
3581322
407655
1064752
2722836
4893880
2150825
1562173
1481151
2951667
640880
959403
747711
93686
2667055
3037860
3588851
3350629
4471019
4737018
1057558
468256
3386916
1338148
2039034
4512210
286247
524752
1338167
117180
2865413
4844158
2598454
1451466
4114166
3480171
3523116
752511
2148532
4820165
3403347
2570652
56522
1545875
814280
2756062
3936893
4540553
3455583
4830495
2504281
2613056
640077
3290057
3738445
2630245
1354024
815561
3500201
1762486
3215794
4855114
3007946
3079454
1690253
371233
1868024
4393606
2732979
1100645
3111910
4736689
1115214
1869165
3663193
4943753
4853675
3345148
4602520
4623427
218127
2066378
1871912
1284180
4550098
4553373
2444744
1091948
3856594
2581669
39788
2604076
4384753
2813009
56941
4886072
4031
4000008
3882251
4906289
621688
181437
2589078
2592430
919065
2915319
4389530
1114729
2909570
2671092
3249426
3333657
4688160
2269926
2934220
137712
2932266
2445229
1341357
794779
844747
4937034
4410490
1512183
1678805
427752
2801665
3478533
3043720
4599860
1795904
501599
3179594
4100908
1858096
2846043
4895919
511544
517254
686456
296171
3127852
4956279
2046985
890635
386786
2031725
709926
3098818
2909794
1426575
3778263
3318520
2035005
3590896
4016534
4408240
1275778
4518066
832209
2189418
4070988
4200555
1696575
2728195
3018313
4028505
2004086
758403
4734337
4651386
3376605
3149179
2452862
4466246
2277314
3396330
1855443
4378732
2558771
2514120
2959704
4457719
78867
4657610
3013126
2190360
4048392
30690
4464915
2413954
2549018
1808492
3255318
4013358
2593187
3981622
1370138
2968622
295413
222797
3281949
2700392
3528039
2785573
3419820
657181
2850057
32313
2295643
3629176
2418429
2306930
1225706
3035721
4465790
798448
3970342
951945
3983312
616110
3511669
2030475
2998330
3090241
2310284
708983
2121232
3197788
4713512
3985778
3194892
3888282
4769739
462750
4996206
3997915
473663
4618755
220792
419200
1564055
2212586
4972243
4940946
2425552
3107800
1732976
3276932
2649773
3841525
2505614
4422640
1400123
3351422
439007
3397704
318131
2382924
2079340
1328647
4029751
3107221
2093768
4250577
752656
1374532
2469380
3429113
167092
2838041
1606961
2721903
3045710
581388
646994
904290
2455060
407416
771938
4926743
3851867
4229040
3464252
1517592
4296446
2952234
2930519
2592849
2448443
3599811
1835068
4554222
3999867
2026650
818103
3943710
991608
3867298
1182811
2827794
691578
4395080
4638179
752913
2536559
20905
4494409
549945
1055509
3091731
4151071
2586281
4686457
2606439
4361870
2240358
3851049
2489464
3287638
3628332
1876912
1454097
3098352
3345498
2822940
2217528
808952
1278232
2536515
3571829
4030306
2237244
2610910
684717
1447608
1455018
4983770
2218530
4194414
827946
3393529
2220543
2672185
964664
1307481
4249593
317407
1355951
3447882
3702930
4720988
3098724
548002
2057696
1938022
839879
61845
4768039
4074166
643148
172541
4581559
4722526
4513405
4086835
4092902
4836622
4045653
1191466
1246576
3139382
4376249
4802903
2250330
1249530
2176071
4211694
988501
3058690
587477
148674
3962636
870757
3918995
1324972
24793
222530
567116
2625998
950811
3557672
3989382
1719404
1363532
3340301
2589853
474433
1377974
2963698
4272642
1790376
4422749
3667142
4783986
2016254
2723071
4422270
4537514
3736397
2104507
1144831
4460389
3233982
1437240
4233903
2683351
746078
1324576
2414460
2099848
1508214
2271390
2498638
4113278
4610093
2940156
1495298
496547
1618702
678674
1511742
1570457
256861
3476037
730211
4468505
2963252
3095178
1319919
3047544
1095927
2038710
2683099
4295934
2059224
4607704
2262266
2254044
3976135
1464723
241871
2446833
4359573
436691
2014517
644556
4452112
4057453
1100009
2659902
3409071
1596686
3361153
2730801
4668230
4823463
4222406
4123107
3137586
4658109
1070772
2460950
4274012
4518223
4582871
1079079
1385284
3757244
4045011
4309413
3402673
1953044
2045589
2031967
1756982
914662
183626
4766227
883491
1223103
686104
3588037
3880536
1358702
276448
3594690
4730060
4857818
1399286
4540763
663885
486424
455160
3866194
1570608
239863
4138352
91735
4472032
3827131
138073
4696555
3344317
200175
200456
858578
4992271
4538273
4099529
4360178
4263092
140945
3754517
4371203
644924
3790693
575704
392308
1006145
698776
4042379
3698342
1719665
1292250
4128459
2031122
4712099
1616143
4185062
962614
4722478
1643672
4104338
4015495
4690072
4322343
704913
1696793
1753532
1262882
4516274
2315417
4638001
4765895
3927652
2943447
4452204
4758234
2995284
695998
4229600
1109091
4140478
1336509
2137060
2864358
1512733
1913181
526646
4716077
3180718
2953483
2177288
4906522
931818
1790803
1713322
2023110
2796959
1827647
1643301
3114094
4751483
3095481
627254
3298473
627686
3999583
3435485
2300985
2878490
111001
1994661
3283305
108630
4804018
4376472
4415469
2911040
3831187
3461253
3607391
783723
3012538
3270945
1353942
3500185
1324236
650088
4345402
361800
2836345
3092824
3619381
2332956
1609129
2017372
2621241
4854522
1206593
1080540
288560
4707325
3570977
3316723
3670775
4907682
489992
620188
1884544
1476431
3431879
2277945
4360379
1111920
4927004
770572
3414768
642047
4453116
4112473
45254
2351088
2802070
630936
2852838
3819350
614524
4830312
312417
551920
3954312
85086
4980511
4841588
3987039
4068345
4825305
1866459
2596277
2544227
4052831
3077748
2125185
802026
3202083
4753776
4485325
316175
3962813
3242207
2867671
1479631
984315
2553990
2402673
709283
1787856
664448
4306800
4378312
3711858
1171328
3281153
4439961
525356
2602886
1820047
3769983
4594806
92847
1164840
198835
1135987
3215388
4994992
1469168
480615
4814650
4545453
4932325
341853
4356908
4786892
3701349
4355513
4974562
4385065
4943352
4867829
4972672
2106417
2528838
3057143
2250505
3271872
3019058
625077
3173809
3772371
3883479
4564562
4915604
3891121
1626720
2283428
4220812
2490562
3665867
4485511
1715619
1496616
167462
1618715
445188
1153740
682961
4057915
1706736
328254
2065448
3997815
3901105
4444872
1007951
4091638
1214789
2359351
1414399
2122569
4657229
3666068
209854
4099989
4833479
1525729
2459100
1720826
1841657
4166042
2535717
2100827
973906
3691267
352693
92281
1473019
4896161
4655597
4904136
2715661
3072996
3967081
4154828
30984
3456130
4056196
86809
2441752
1874382
3087080
617475
4359240
342834
3183810
556988
4884393
1360571
656676
1192110
3860401
4314346
1957601
2856040
142274
3535973
1231057
881846
3958477
4844043
1823712
1116285
3606819
4939748
3248542
4496832
2454858
4665322
4862910
1341956
2608410
2745836
2110569
4594406
2205474
2644944
2534521
334438
1657768
4041654
1021941
1938769
222418
497790
4880663
282791
4573517
1075613
3211702
3569700
12074
2705030
1426840
4826052
4068195
4065669
3895622
100689
2780470
4291913
3060722
319236
29697
1841363
227005
1520215
3430513
3099507
3413915
4648609
3273871
841590
4205754
3476437
882229
4352558
4179794
3390617
3017907
3972488
2077163
4004689
1577687
2093041
3935033
3731735
3401883
4711638
2713080
4168838
2496745
2668099
164159
1342036
2224508
1701922
2446581
3870530
4644979
637700
2524501
4965869
1288880
4903197
3737649
155376
1274348
2256496
3646347
1716850
4364645
428582
1466444
1255910
2366518
565347
157763
4978206
2420529
3613557
2119417
552850
4430375
4663451
329336
3285287
4807295
4476211
4232784
674178
309362
4951918
4550836
2709755
4853019
2906627
4337736
3473554
1558621
57028
2688352
4394595
3835995
4385993
2670846
2042034
4140787
4096098
753008
2458692
2332512
2400798
4200454
4197527
3660852
4210216
1095631
3356737
3479280
329125
1080199
241384
3779762
748752
3244484
2815944
2573634
726736
4985247
2262379
4045533
1562202
3254655
3872664
106206
4531207
4138264
4617477
3972642
3419253
177181
4294334
763946
1337927
529349
2230624
2276995
3686235
1744737
1296569
2139075
4334431
4182904
672854
4276900
4626855
2809517
3641934
2493683
1398362
2239430
650256
2653467
590297
623715
3792828
3017818
3622561
4828292
3464549
4666500
2689900
3870720
1039807
1010454
1910409
2824102
1935854
4179441
153298
4193657
2852187
1227598
4672358
4526925
4514150
3766818
2129371
2864645
3815455
1896269
4518552
2430375
886404
334825
3595622
2410306
4855378
1801009
2614213
3776879
1948133
3918931
3522011
2320007
1758343
2600701
2517913
376119
972209
2260390
515661
4539059
4870886
1543451
2231416
4263631
4371444
3134815
3896596
2549328
4874255
1232426
2582290
3318039
1555299
3465780
1814396
866257
2672485
2264105
3945290
4029347
445252
375970
4508689
4131083
2081267
2979781
768340
2689147
3670799
1069188
723427
3705804
3630532
1827155
4647965
4446525
2035914
4140970
2499262
4494605
703120
1537665
2422435
3177637
3916403
2730402
4757017
2396943
2922303
2610493
1901103
2014012
962320
1852640
1870578
4786496
4755566
1037536
1385199
3666431
1835906
972613
3577360
3133148
420787
4810015
1967331
4037253
2807412
1733097
3158025
4931161
3429423
2053747
618540
4159864
3549740
1917242
321372
1614244
918399
4309574
696718
313084
4063267
614144
871497
93003
3958675
594530
344060
2001965
2641333
2667590
2029826
1747522
1494606
1135532
4991417
3907855
1318897
2934696
2458316
3156174
2682458
2407509
2331129
4485986
969138
1801596
3697249
944580
2962972
2446620
966596
2634974
1666591
798872
2327789
1833728
2105246
4604412
161654
4604783
329505
2751829
240734
4764887
6346
3935028
941740
2147438
301777
1380496
2063834
1447653
4852910
351155
1680633
2622759
539195
4626881
479383
2604545
1502685
1899245
4137430
1353992
3411996
386345
219528
1299664
2434066
4221815
3171903
4706430
471471
2256887
3906911
4144378
3002907
4344279
4232090
771353
3074508
2226665
3052049
1870146
2371442
201092
1030893
4213207
4447338
1162874
1005341
333545
114806
2744149
4927135
1251276
1036454
3038373
4156741
2000445
4442684
666012
882880
2304570
75957
2919593
1060489
1510202
2860271
397590
4459820
3611785
3584839
2838722
4346980
4843255
2166797
144269
1919308
3775454
2542735
831701
3053000
3267713
4527548
4521821
1532440
2378711
826512
157832
3653945
317445
4536241
915275
3446110
1162004
4898370
3672954
4653114
4784048
3947645
2977363
1176011
1837032
3277720
485185
2660775
492324
1426046
1457035
1036183
4446103
4302350
4746638
1725135
4611216
879686
231571
3655616
887456
4143182
4186935
3395338
2951411
2785408
1473925
3394756
1157671
1190202
3105850
2983950
749087
4094706
1320721
1166588
2894852
4250012
1992747
703473
692869
1738750
1148093
4984317
3225714
3444655
1181612
2395262
3291637
601874
2261525
4573306
905323
1707762
1689597
3933806
3443023
197886
3388563
4943988
2424789
4295212
1783429
308443
4140616
2472710
4540614
695170
60340
3089523
3593319
3385115
2757628
1137433
3427031
364833
4450193
3749834
1134572
306532
2197074
4739616
2704464
2246635
4203593
2477548
2305830
4608775
1051947
4368335
3898545
3982639
1526104
3988491
2983082
3840477
2299806
878038
932445
1782299
2893218
1564611
4095453
878610
158243
599393
1492
1861105
3396398
3302832
2408268
4737992
814458
4558172
284602
4502398
4731281
1926766
3764469
2057762
2405619
1558137
1445079
2265519
609480
3998985
544157
1807059
2623890
786903
2218398
1015168
2422748
899077
129249
1393420
2997938
2277167
1831981
2027096
155679
4875368
2445891
1290559
4905777
1290287
211002
2761730
3515884
2349593
2712466
2767011
1377126
1959318
4033087
677545
2236116
4168494
1599056
1620702
4118751
337601
2563885
1004542
1960483
2389227
737023
3231840
4595057
2649931
1523836
3249853
2975106
4874441
2382328
3144119
2839299
1098354
3678793
1899889
1122644
1947378
3576776
2436767
526996
2166621
107724
2653472
2871764
2594380
4548537
2668388
903980
184733
1180098
2839145
1445882
715118
1588851
321790
2775487
542709
3564254
2951874
2447956
3841247
4421398
1383415
4659034
22231
4527245
2710893
410898
3952037
2268523
972006
3947548
85083
627573
2746778
974517
842028
3782976
4090444
1972476
2410115
3513344
338596
4316149
1027214
2777789
2157620
2491907
4856341
3019685
4488741
4238946
2389737
3163217
2008288
3917233
2268534
283511
580742
2617471
4176193
3126506
3019463
482308
4757998
3110478
2771337
1269898
4233102
4273393
1505138
4683957
3674263
1134499
1999886
1114967
4934314
4491984
2197098
4137583
3838398
3482552
2626881
4009889
4340324
2974114
160688
1964780
1595418
4940373
2901969
4441260
3578138
3823868
4647140
4072098
1326125
403753
4486866
2229849
4426997
1001353
4647931
1427321
1925696
4056508
4713245
923292
2689492
550472
1981532
3865
3927215
597619
4161932
3785567
3029553
2118003
3143819
156395
3917457
2321817
1278357
1372340
2241667
2203009
2925640
439019
1759016
2568380
4690116
3133769
4319547
3103100
427289
2126493
710862
1799454
4731592
1276922
1342087
2599297
2712303
613287
830140
293374
2608300
131731
3507789
2175047
1282257
2172063
516711
763354
3669023
2906961
4770609
4042281
1283864
1878951
241901
3357255
1498084
774774
1381577
2927652
3808184
3268284
2489271
5369
3891462
3912140
4994457
4889268
1129713
3754451
983776
2741024
2400215
2064017
1025374
4022910
2783627
2707525
4440863
3754592
2687356
322724
4519078
4269076
3779201
898115
2563272
481897
2427767
3381606
243987
644615
284901
1835501
2238766
3825563
173134
292507
3030722
1493695
4480694
2294829
4746249
4194217
1241415
3930899
2279073
4314014
2066563
4343302
2113465
2077820
3890068
1745988
4215263
4022542
4261235
2886897
3041354
3750633
310925
1808226
1518095
4717253
789385
876340
3462897
1511705
2983104
1195114
2072570
3189386
815770
3303663
1564071
2121682
4834538
1150025
293165
1644166
999150
2413933
4008098
4777078
3179456
3710112
1020584
1972643
251241
4738046
503222
258988
3343484
1280278
3080908
2875894
1566961
4132240
3420321
1330706
4361927
3006316
335396
2487350
2029148
767157
2475728
1620539
4794130
88903
3957420
3510098
2440708
2414599
1913158
4339118
2183170
2824554
2188552
4828209
3136413
4560329
119487
3177839
349787
1369925
3058623
774160
4084694
4709585
2406083
4244457
1793419
3398725
4809391
4304854
3123769
976680
1116683
2041478
4709533
1111195
41838
1098842
3625891
1380506
168387
326523
2997572
2126856
4240641
3508100
507203
4752273
955721
2403602
4585165
1929131
3618
2144923
2563461
3326910
519072
1608316
3527785
1875924
1715709
370945
2831769
4536678
405221
3376957
3087817
4113291
2074095
377576
2080725
3183272
1369404
1791795
1968251
283755
2527185
4342154
2227723
1713202
4580419
3138597
2927866
3238430
3028276
4271627
1181012
431077
3894410
571212
2166888
4281506
3171994
36523
972175
4029101
1738301
319098
4057909
3617194
1388311
3667638
3361296
3947303
3559809
3967902
412867
4793304
1983958
2242090
3979666
2831413
4037947
381942
341778
3426009
2115610
2854963
3514631
4168517
1027439
4597381
346971
4160941
3336997
3259245
1208016
3863622
2295951
4319667
1171266
2444968
1676117
109730
1683982
832884
500499
2608467
572293
96449
1137671
4165950
4024119
4599393
2121505
73446
4370813
21829
2240444
3209432
2531398
1254575
1752865
2374547
38096
881264
1968459
3830635
432295
918730
1799866
542244
3355613
632086
4549003
4912209
2205686
3659846
3351216
2105941
3551645
4484050
3426481
3101182
3079364
2431023
1756574
3895621
1244309
1444768
1859472
2321809
2929816
150329
3614624
2668900
593023
1744385
2992800
2027512
4393113
124173
513413
902703
1848470
374718
2764446
314805
91916
2905329
194982
3351190
661036
4461197
4260421
3278920
4384953
4346331
4594260
2049473
3780504
2997999
1961998
2006094
932295
4771940
3360292
4701620
2891498
1902914
3616539
2460197
3670142
2423207
132511
18547
846975
4102544
4334381
1216871
3399477
1883082
2163902
3374801
3335226
3520789
469470
1395997
3101911
1373564
1511737
2330556
1848176
1536987
2225701
4467059
737287
1124061
3023792
450212
2457250
418363
4325139
72067
1637383
2069645
1777514
2501608
2594281
4160420
4672573
1337109
3090866
1486859
3192883
4037040
2127573
3797623
2105186
1308767
4502513
672657
981691
2135959
3192406
480644
1883249
4983177
423085
2551728
3322260
872487
792029
46987
2554556
3969674
1722805
4818151
2212048
3734169
3629971
1625225
4102262
4363553
4607344
2484910
2212923
4024527
3307290
523397
2420115
2981028
4311098
2488638
242444
3632075
3191431
2868312
4230708
1932555
714838
1912848
3951006
547105
626935
4631020
4394981
4742104
1731209
2984697
1637506
2642906
3913842
1460175
1288830
2961810
3997513
3573935
1676390
3149847
2321917
1745198
1534443
2963206
4045717
4950901
1388817
3830542
1881705
4669071
3127832
1821800
3862912
568944
1156314
2295961
4699883
36506
1863623
3920781
1772763
58251
3139947
1314344
4103537
1290823
221462
309138
2172925
608002
2552874
4145832
3496028
4395466
2901734
4584486
1773
4029684
1261581
862128
844665
1176197
1368557
4049295
1207069
1814375
244875
3312700
2107557
4849777
3885168
4251980
2950804
2698085
2974750
699104
3756555
3293531
1608947
1188527
2317159
3793441
2740288
527040
1742997
4181800
3584326
1829453
4558160
1987918
3580264
2566036
525003
3320599
3847928
596011
2142159
4289526
4496046
943481
1230157
1184408
652075
114641
3149363
511285
4110343
2277377
2822788
2904147
1200315
4384830
3455650
3971324
1282052
2988285
4449086
3707232
3089384
3512948
14542
2251380
4047266
3660657
4996400
1488743
2228389
1490613
4507490
2860457
2344741
3593863
1714193
3749133
3450835
2957477
2150608
2696349
2290472
3417520
1650976
4274452
58229
1743493
632215
2794812
89489
2058867
948589
3447460
2647905
286632
996829
638536
3998357
1727366
3707292
2391087
4031104
350597
1153329
3878078
2344529
275675
3574505
3571176
3367476
1638812
431180
496117
1898854
1852426
571725
1715465
1536382
4791106
4882759
1191607
291379
57565
3027108
4061850
2118119
2205276
1203702
598039
326415
1415652
334190
4759136
874320
1566611
1639809
2984887
3704270
1294296
3917996
1691133
20075
2207011
1875892
2495110
3638855
1402329
341014
4877724
2804676
605533
522908
3184544
1822926
1590
3203475
3052053
2295509
3858413
3819836
4691777
4531273
4068869
4685251
3919623
4450683
1075235
425019
710554
4760912
1813292
2530981
3091066
359913
3640441
1263532
3168005
4750979
2003408
1746952
3580739
2119540
4282487
3521160
3876604
2259643
4607312
44325
162418
1743032
4604568
2050155
3917028
3916402
48036
4789300
4509684
1293227
2882724
377783
3478034
4348080
410782
3620000
3163015
3257046
4492412
4648383
305821
2388956
1973914
916633
1464680
2279261
4232796
2130764
4882629
3928526
4665685
1378017
2038779
1753407
1649621
1487778
488284
1445125
603371
2017796
1460655
4579500
958461
812476
1990517
2135134
1253184
2764536
3026690
3752330
2761583
2179345
4076416
4523021
862914
858883
38720
2967027
3074414
3417364
3871286
1983134
1052169
2039334
4923927
2448663
3760287
270276
195392
1585548
1276265
197402
3224795
510035
971949
3998950
2199488
1948007
332819
2700207
95157
1522659
617419
57670
3734308
1401361
3667153
1190521
4709189
3306766
616804
12234
3872181
880735
1344431
234115
1691335
4176278
78580
4535997
3509260
611060
4210589
2587687
3353423
4014945
3455623
3459316
3233966
2188721
2145878
3491336
3719451
1825278
1921865
1560896
2045677
4968866
2278051
4631065
4600513
4186861
2718428
4550670
4664930
1298278
3870324
2281508
4074457
2454799
977921
3441188
2184253
4657927
679551
1498311
1018466
561244
4749316
414654
182600
4157016
1214088
3378691
4011965
3198364
2049768
309326
2647472
376359
2963567
3082138
827569
4692948
896493
4094945
1488900
3034320
1368906
588833
3577286
1860276
2463864
1081791
683793
1551684
3214209
2304110
1478820
4275511
242388
3841257
4657089
4453021
2030179
4245441
376685
2856569
427999
1491785
2683550
3181474
3210456
542787
2384951
3770922
253747
1514565
302070
2383053
4006743
3735120
82984
2706785
646788
457984
2587210
1724638
2517171
4806068
57551
1888992
3764853
1388540
3969281
4480854
2097081
1778926
707660
1993504
155438
1397435
1332063
1062884
3144819
1625170
617092
4267709
1061418
528102
3941802
4092437
3913405
2427724
3335277
3307860
2368155
4503024
3537945
4709698
4884845
2669386
3998538
1064217
2981946
200140
4450273
1372575
4790245
741547
2603159
2249763
403122
564157
2823636
2427240
1437761
4220198
1757857
2150919
3495280
1090854
1862768
1960117
3513626
1801677
152086
4355464
3594584
4702659
2435820
4987606
258636
1743540
4601823
4696899
1947487
3758294
359873
1906258
1001161
2435783
1370901
4736741
3051911
1852713
3570725
1423788
4560983
3268371
4316709
2918061
919920
4023013
2741902
2628756
306909
2243897
222565
4522729
814616
3506479
1939396
2944413
2141092
91928
2152521
4037572
3748233
2622922
2602549
1994934
772946
912282
3470058
4941067
1267181
1745408
3039329
355440
2593316
2955411
4915244
3786788
4043450
4993486
1527908
448088
2664133
854775
1461720
2644024
129245
2567724
2136448
135813
1566078
4043430
3194865
3121310
1826851
4365676
4689167
2761135
3436500
2569647
4872136
1292770
304424
651270
2854429
2079059
616055
3478020
1812549
788884
2060470
186160
2877679
4048352
1566345
4734983
3923198
4740258
1476311
1206941
959050
4563196
62101
307647
2988316
667622
2533955
1643560
549042
416169
116388
2862299
1355767
4653937
397713
1104382
3887268
3353080
3804919
648874
3901859
1868169
3747666
169470
2376251
3302319
1600498
3685072
510554
2041197
3235430
2987706
2295121
3918608
4377540
2761185
1583600
2834384
1101815
4506486
165125
1060678
2871590
267365
1139020
1047889
3809391
3388576
4613436
1045958
3592772
1471943
614660
1412526
592486
42153
4406667
1343317
3069424
3865025
4058347
2943257
2972623
4635017
4278308
3060689
2540575
616935
3760300
1501083
2761653
1495384
2044183
1734686
1967428
3322186
4522672
1965872
464022
1310563
1127336
173543
4020897
3888918
2323477
4689376
1996986
536450
2793265
4201886
1842087
501684
453779
1201094
615392
710416
1170274
932960
1026889
1500768
4813097
4053753
2169664
1352460
4095534
4400920
4963771
456564
758892
3632107
3080591
2777064
1565317
46450
4262533
1106466
3327037
3431284
4956671
1994686
3785827
1980815
1958932
2143000
1729107
4336002
235970
4205884
3117369
4420810
2871738
2968847
3668233
2786261
4890216
2249330
4223412
2615801
1536423
3010580
500643
829245
557322
4066899
1609108
4104779
3281228
2062956
4454434
1589649
1475114
3140229
285005
2028042
4729922
593632
3669852
3869448
1249021
3317180
540422
4860081
882612
355968
4437325
1108204
4802436
3522819
1656287
67261
66053
1655972
3616148
2847577
342567
3676407
379568
4734316
3664010
1216393
4821238
3944078
86945
1720545
2878651
2293612
1758955
1620160
2190241
1350142
2357637
403436
1943549
1813536
1130174
377969
2873964
2048401
768849
4860550
3082241
1526316
2669464
267521
707217
1471264
608122
3720657
917735
4782298
4458428
3607535
3411247
1511200
2790898
1052817
1355318
244868
4354510
3509455
2805579
4014257
4140838
903916
683124
1456130
4823015
4823691
2051476
933948
4479013
2279440
907324
4732681
1479717
2871748
467775
2869499
1297863
3615272
2263897
3939772
4030860
2088162
4320956
2678110
4264105
1958837
3050017
4255741
3675028
4160541
4784094
2883028
541101
2709574
216836
580900
2334302
4551876
915224
1750550
82204
1675669
569340
3415620
619069
2999427
573647
417647
431127
473410
1252695
1320898
4161297
626484
927036
1413136
20473
2121954
1408659
4942860
1615990
1319282
2402893
3849530
2204210
855054
3795673
596297
1712968
1384211
2574591
2804495
2666563
1010507
890040
1491797
2207854
3996222
2531215
285580
174967
3342876
4738391
3848546
2351041
2793270
2625162
3880664
3004639
39138
4221821
420519
100961
4553406
3466727
935483
4700022
2100531
2915068
2044956
4509644
946414
551239
422528
4105709
382318
3822796
2013933
151119
113002
4701644
3505463
173853
3656670
1793433
1484076
629153
3757723
3050688
3027660
1619042
2937234
3748715
3897345
3519026
2690159
3196705
2960645
1649611
1134573
2310989
3475222
747759
4845138
4667754
2651382
34788
4956772
4150105
2208393
1081314
2554039
3368646
2840038
2046159
616276
2559057
3760807
2083240
4165955
3349076
3368413
2455027
4333435
644304
234034
3357883
3313241
1134269
759174
1828848
321305
4297713
2624234
3223644
528372
1203930
3171010
2401992
247203
605530
3254571
2171995
3269059
4066824
2113917
4098556
431630
1162572
4813152
2532689
668394
3389717
3285623
2733100
3690041
2924772
4683670
2820515
948513
839212
3849344
2406404
1686595
4972047
135260
4652789
3532964
1198042
2830842
73967
4838448
885049
2394226
4891
4650076
2772914
2617380
1954693
4604443
1651509
2797727
1299387
2162257
4710448
3427346
3467503
4177730
497437
377485
417608
761249
2841540
2665989
3327948
1305783
4215874
1253803
4608696
2249760
902044
2564888
4717305
1434763
914131
4869995
225770
547598
258616
1356138
3119969
1528722
2852798
50177
2227414
3029197
1715859
1857743
2206083
3079183
4165216
2002314
2310199
4914896
3981069
924840
1032860
827379
4682323
4694707
2076757
1709511
2903545
1629304
1800732
601946
1650846
3164960
1314681
1992382
1748077
588700
3022579
2746709
3935679
2088582
136449
3562900
1677949
4632676
178987
2448983
2398622
1212966
3845392
4208619
1844511
677955
909005
4248499
4894381
1735046
3342042
3999521
4465334
4912439
3397071
480973
4266541
1047355
4896391
606478
1487745
2843484
3316815
405855
3537309
4191277
4911194
4351408
2633967
4493585
861216
3103857
4154236
1151909
2932339
1548449
3385136
904943
3552002
1027547
459315
3934269
2768621
745051
1266207
1110954
1534870
2218503
2764907
2931020
1819229
1968232
339970
840194
2732480
223828
4524535
2797585
4509060
451961
3383890
1518181
3961897
3626023
2930073
3746130
1189137
4368679
1292926
423393
540180
3965131
1375872
479700
4403957
1493304
1408937
156679
4748495
2387429
1891813
2265997
1020787
4124870
230973
2317556
1515385
3966237
1916471
4918314
1806899
2956652
2026990
4221552
2678624
836313
3755120
956981
4401461
100843
4173053
1719444
2163884
1732914
2924934
488259
1835372
941508
1622012
1161893
1984515
3957223
4179058
1343022
825046
3443717
2599132
387690
1035313
2553892
210412
1662652
306636
2802949
3721757
3174002
1556744
3030648
2674776
523124
868691
505755
4436228
2317102
440800
149423
196979
4528062
2155648
2517778
3158661
4008188
4685157
2878744
4191722
2083468
366088
2661874
4073626
4017735
3604943
2175372
1819449
276826
2530667
481302
1172876
4851995
1840346
3693204
156043
2578490
3166185
1623822
3666931
2846729
2084800
3931624
4582224
222143
1185643
913550
3475448
2912862
3813876
1945204
4159159
1277261
592232
2619536
4137847
638434
4920865
4272950
1639985
1779471
4626121
1205916
143047
183408
259652
3021307
3163621
1938662
3354615
2186245
2270756
380617
4347873
976974
2640928
635543
4870871
1070568
3440757
1927001
1124538
4531165
3968341
1642396
3197367
592416
833851
4446259
4598549
1928283
4041358
2230940
707071
3385941
2869039
2490015
2619476
4430786
1645627
2766226
30604
1920579
1427841
2459396
1704406
4183042
1392222
1743768
1426733
2843656
2716051
1680773
1591297
3830162
2868789
736769
4150330
1764849
2557110
407352
4094503
2725443
1442421
3332417
1127531
3601316
1605928
1418141
983256
617088
4401103
1890684
3323724
4332716
2372774
1266275
764193
1281667
596610
2994009
3228673
1684411
1898733
2429855
1979519
276249
2090929
2797474
3021655
1893238
3766896
4582004
2952601
1192731
2702023
944579
1045422
3194023
4077988
3492236
2077358
166743
2263051
79505
534129
2795006
2741383
4757182
4593846
4096691
3678785
4379476
3098617
389508
3284992
1113951
2199508
1042548
3990759
3341570
2262694
2709140
2698749
2762920
1050608
514125
2620561
1174244
2908354
633162
1888694
3284572
2051758
3125637
3578711
3029279
3025201
1430646
4867479
3341359
2216886
2832057
4767395
3483917
4857851
1084083
1677779
526582
46151
4395626
1229075
4728794
1331815
1044438
3035876
3056402
3860854
3854268
2420426
4650815
1453799
2464834
1627901
4487587
4031965
1817940
1583516
953832
1509326
3092237
4405613
2848702
4837609
3289836
3664567
2190498
2591907
1482301
1289087
4523247
4711440
4805391
30704
3172598
1306771
4339318
1920766
687724
3363889
2854046
2945097
4580328
2146030
142308
144189
3046663
4054297
4760755
2418101
342894
1302774
3923948
3507174
162861
2819599
646435
4589407
911435
294865
3247277
3030584
3490812
2994599
1024586
1763927
3757941
4004076
925347
164187
1895708
4252323
39591
1557344
2627928
2188151
2975946
4760490
4662219
1597001
1089397
214485
2950721
534763
3585733
4409377
2390053
229206
3903609
2288956
1703461
1494098
4846312
420449
4077120
4147035
1371418
2527466
1546287
885783
2594140
1044496
4540804
4105165
2962097
3558719
901985
4823238
2387149
1940725
2399257
3091354
5433
1906460
4631165
3941288
421058
272332
4242746
902556
3628664
240140
2199576
2013814
4317449
4711511
805144
478236
1734424
1656441
1507274
2042634
1194660
1826506
4834948
2878801
4910059
4589157
4570403
89723
2592300
789787
1009580
263264
2550515
1610137
2106813
4297767
1598501
4866875
4151964
44958
3080175
4965445
500088
364403
1364051
1774620
4088868
2729312
3438180
1696393
578347
1510190
2475804
3105067
550299
1892650
4760461
4809905
1429720
1045627
3054309
5305
1246575
4015121
3207858
3577557
3625550
4773034
4019573
2333513
3014823
3403401
3869348
4785132
1268122
1031360
3882188
2380023
4075789
752198
3017447
4278364
4430021
2148350
4981553
1117557
1360179
3415754
1062693
2889785
515410
893709
2670960
4559921
347224
4779099
1127177
4363026
4870125
3894592
3799782
594055
4922682
2509724
1042492
1002708
546044
3032949
3598730
2097513
1879012
2125198
3790262
486068
2669218
4761256
3061529
1585411
1432225
4129032
507012
507040
1191955
47007
4772656
2019773
2522528
2840520
609319
272500
4783503
3672481
3984426
3873347
4154088
4781581
2047429
2169850
61334
2902696
1909174
4447425
1738104
2846802
3384950
314311
4420936
353938
3264084
877248
579626
4050711
2513070
2832758
2481294
2637696
2194542
1739559
3312760
2736475
4458400
143094
3167894
3979426
4310687
701516
4207781
3797894
1893363
3041473
4356330
3282436
2467918
4537102
1476353
3055949
3964905
4287241
1976052
462971
221432
4240174
18150
1580619
3582946
1357035
3090527
4637467
4377444
1337888
4000495
835491
3237887
2543365
2999245
3868411
1240090
1001307
4249225
4125763
3026172
1665220
2812278
3196852
2293533
3394462
1029443
3772254
1762442
4533080
1398271
1653018
2507999
3029890
274434
2747668
1136406
4917557
2008580
3814152
4727874
3662039
3678430
1102208
4300471
233710
3225516
1351828
1962809
4734109
3573871
261214
1800328
2933461
3754452
1785696
3002112
2196793
808806
3082025
1833890
2387062
2396249
3071467
4765813
4635379
3016629
3090717
701836
284452
2507563
1812397
4196834
2802994
3334710
1603833
757292
3367183
3119395
3260845
4508005
1161225
4712607
1975853
4626408
355027
2928773
4287386
3712857
2019603
4947723
4779818
2606752
2062660
1994748
1383002
4397509
2323859
4858648
895554
3258207
3331517
3890460
2957589
2037757
4653008
4971864
401918
262596
385651
2437230
1851085
2806299
1030732
2516596
259819
345385
4749459
3645754
4452505
3132344
295695
4990937
621093
2253267
2957327
3842477
3073853
3262358
2025829
2154141
2773027
871503
3379062
4657670
3081519
729502
2654236
4428543
1195464
3061948
1200776
4879134
3011911
1725406
4997354
4479122
4501337
3468702
536136
481278
4124889
2481030
3268683
807930
2198361
2610467
2278930
3516199
1711910
1572581
1904268
3679800
1275756
1918155
3276585
2614970
3342187
357582
4188781
4973414
3073830
2878314
246345
1184687
130495
3278460
2393757
1551248
4999534
3314958
1110369
4710711
1249979
4502563
796976
4891377
2999700
4747272
1701422
1886735
3131576
2854885
4315165
48144
3437538
3845073
2929285
678622
4538297
3964152
1248903
1275839
106685
1663785
2242556
4596892
4905779
2455984
2783919
499234
2561450
1216855
4903980
964987
630742
3553739
1102747
4890285
3219966
357140
4368928
4659144
3510604
4405686
1534748
3463410
4248406
821361
4215738
357999
1610448
240878
4501642
696314
606160
3156713
3120905
1354998
2014610
862614
4546685
972692
689776
3055766
1817450
2018991
1590661
1873615
3424650
2958864
4841815
2697195
4624771
1558364
317019
3352818
3611192
1652738
728089
3781919
1720394
3831626
3316460
919335
4427896
2063540
231578
4822957
1040771
1857446
3603908
3506393
604417
4568475
3020006
3107731
4441460
2912708
854722
1691492
1395732
2293266
4171022
404942
1361736
286330
2213563
1396552
1436132
4599880
235134
512988
3197240
2549740
1055810
721082
2973491
4579486
3069950
3363297
1646266
179254
4895405
4190862
3558395
1458456
1046266
636504
3492865
4813505
2489168
1874264
2633035
103541
3937277
2494716
3072983
1588376
2939868
2007049
4154156
4037211
2103016
3578912
3976077
1313416
30006
572045
1775451
2148044
1131704
2062352
1379012
861933
1126151
1168346
3111658
3291935
3642996
4895014
4283036
4378449
831271
2718564
3304266
3848171
4502361
2279267
578811
2584330
2800424
2103486
2517526
4695146
2017223
3561171
3550044
4023829
2277313
4474066
3655810
1502265
2834989
4843745
860529
2512827
75107
3004800
3074641
735547
2094532
2454526
2656679
1019382
545502
3740568
4889101
1270976
4912911
551414
4022081
3913429
1620652
4820470
3086950
277319
3980507
759124
2172910
4550760
2164901
1799526
4546770
4580550
47639
3090520
942159
2604565
2427615
3873253
1393014
3771715
1270021
2075788
4085978
4999469
496778
1748028
3531556
106362
350461
3691411
4690900
1569715
1471441
1439006
3239206
2344605
4918015
1210411
1810097
4133672
4698439
2990675
4061178
2317838
648635
3458215
385944
1627562
1773453
1575038
3170869
3834070
23582
2110761
2469126
3885680
3087357
3322491
1677046
45339
584612
1594116
877779
2833268
1145168
2397811
1077190
457394
1130639
2555109
3804734
4567774
3745137
3901327
1300739
3869195
2678169
3657818
4548083
1174930
3758290
3428648
1003081
1957316
2540326
2259654
4837814
1899651
2258297
520173
1371284
4908875
1061391
3390029
2599689
4873822
1957351
1640325
4573279
787642
4454485
3818082
3184379
3097219
3289827
150342
3277462
4688880
1337436
4503710
3711780
1751306
4659159
4089405
943319
559694
3439230
3996802
4540983
1149635
3844583
1999354
3122252
4823650
2619374
113729
2223138
2012928
991489
3749436
3880742
2389721
4301329
2351232
4275439
711147
2179356
170297
1067087
504703
1056422
1859721
1209850
1869918
2905284
3668196
3458769
845037
2393256
2487187
951360
1185215
3655755
2283135
870041
3878025
995642
3537716
2990576
2578088
3033541
1172438
3538335
3388874
2207730
2848941
2863044
2841242
257234
1904487
2147011
1103557
3277663
1066220
2384406
1676642
23146
3869170
2262565
2731053
211842
3814613
1549017
498259
368435
2457593
4172754
3464338
4253542
4547052
4972054
2299030
1843678
4356310
445520
684747
4477955
2742715
4586787
4792848
3656732
2271512
2225434
1039507
122384
131233
2042094
1490776
1813726
1300151
585704
817295
4700579
4553520
1293237
2798837
350980
2205002
1070895
3387629
506221
3005843
3595309
162610
2989876
4900856
105685
239598
4337175
420899
960854
2733185
4095200
893793
104858
1134068
3713993
3241384
4972144
1168913
4296083
4379054
4757381
3470014
1887685
365486
3924374
2466861
1288701
206282
2330882
3402097
4693637
1706991
2434842
3624144
2597054
1076850
2717346
2354323
4559083
4865696
2253426
329009
1867939
4866085
1764917
681857
3842703
4915822
2196917
1523376
771949
1566464
1833889
1317901
2199626
655575
3793847
3776135
3368165
3875230
2108536
3738992
4025518
2403422
4883221
4440697
3514895
1489519
1414613
3964657
2429687
2764230
84932
2894154
2049531
3427841
2683097
312183
1468140
4562740
541490
1906506
4032792
39126
2793486
1682328
430010
4573894
403302
1799250
4501858
128768
1144849
2141259
2157950
3534136
885866
1723210
1680425
52635
2953538
1510820
2378627
1613721
3998165
1442299
538858
12614
212603
4643510
698808
1895871
3542151
2809932
3788764
3835489
1737577
1637225
3402526
4192273
3119997
4269931
610922
2216553
2799288
4659498
233810
1921511
398164
4701952
3824784
1152532
2180395
1993163
2258169
2795391
2161538
714147
285868
3796828
3702034
1688044
2807061
4778696
3517453
4707783
369880
2802403
3708616
4849779
4954178
2579318
1177216
2230176
1128799
3229917
1920207
2661167
3661096
3599740
346947
4562968
642179
1694013
4711341
1945137
1423670
1936195
736210
2254991
1014412
828157
2144417
2052123
2500558
882124
1303282
1506523
776351
1343913
4912844
2230722
1811543
4865936
2762067
2373515
2731330
906790
3244890
1201678
4202841
2647214
2840743
1063447
3172579
4774904
3332837
1898070
4942971
4873868
4653267
391209
768889
1084120
165624
3188135
2663226
676387
1297070
656229
1227313
4417203
1127073
3015162
3394343
4483660
1956995
654624
313065
1052756
2604393
816499
2011328
549422
2681735
3275637
790938
3646883
62493
1909276
1420216
4180204
364675
1085917
2018841
3307432
3858909
22903
215987
2881685
1102971
3475910
3603519
3619856
3075120
4726633
2473668
1010445
3300316
3244032
3481627
2910054
1291178
1429897
601265
2498859
1718034
2252623
1007503
1620493
4674751
1433463
3451741
1481207
1527105
1625192
2402027
4682116
2721429
66332
4995784
496246
3790322
4497777
1453910
3474925
1031488
2520160
3827464
4699002
3232644
2570909
3561510
365527
1117498
46497
285029
1700533
1532449
2417036
822116
1811104
406654
1576954
4159288
2356643
4259023
879098
4883099
1437334
1259661
3757800
4436867
1568611
1191026
3755705
39333
1785333
934852
4136839
2225156
552621
972295
3599528
2637686
1858324
419824
753207
1558421
224815
4914466
4175647
2124377
4713996
2572141
3231393
1665324
3096028
3136542
4148799
3256757
702839
4499227
2525692
1991354
2208037
3433494
3654714
3119627
1454344
2237650
3514470
4108814
4376380
2108219
1677948
3744437
58948
1256848
1246456
3133886
3276038
4832593
3836763
4072593
3295151
996069
2051017
4807339
660985
309931
3986415
656344
1247137
762209
2379689
4809068
4782878
587110
2543328
4611055
272269
2804396
1348395
2930377
4566523
2959147
3535320
455315
4232008
4277976
3599818
4131719
4525
4089250
3175123
3303134
2714905
1122929
1041824
3125375
1524689
4917109
4237920
2829215
4479426
4952698
4151423
390238
2097348
2834947
4551318
1394923
183516
3177058
1010134
2488812
4020458
3864856
2878426
3735424
246361
4082831
2299396
3791051
4163859
1288344
472181
2138516
1852336
3417925
2031609
4512110
4225569
1231638
220609
671193
4489710
1436622
3475135
4270935
2118184
135830
970736
4454169
1719967
2291789
4626182
2535549
4499473
2123722
4457954
539212
4481509
267887
1959775
1344861
3174678
3582973
3293459
4105912
4746869
2775786
350882
1606584
4371217
2134455
2688248
3747705
952006
2243249
203918
871277
2512926
1312193
2132106
3190894
220388
2393075
3586578
1139571
2792935
4303160
4108847
3468739
1952559
2238158
4816721
3624261
4438033
3866001
4454840
244893
361525
4619067
3773772
1274865
4578914
2682613
1540600
4173023
1887901
4693123
2808053
1971055
3598826
3026777
4977071
2820024
4802583
1317513
4376943
178065
1239353
1719586
3062242
771314
554029
2960687
2312669
2053003
2747898
3585952
140220
1729669
798128
2432891
2683584
3637075
3619037
2881606
454210
1561518
4174456
863575
3501312
1234695
4654614
4669653
2198879
4255805
2363414
1680003
3196717
745427
4295572
4911710
838361
306664
859106
1082799
4111911
1790068
2180536
58803
839844
3356491
698739
1427067
1399150
1780070
363993
1844836
2352298
803734
378228
2295177
500625
2896162
2254178
2817162
1177721
4388283
408817
2965680
573002
4329000
1411258
1132227
3808257
424185
3501079
1607736
1739565
2788228
1470478
126445
1849690
1708587
4423763
1047284
1639926
4042511
883668
1287203
707833
710731
586578
1231720
357728
1717262
1015349
2825959
2013124
177068
4117814
326894
4169866
3883237
1275134
3331838
698699
544628
1055914
3607399
1191234
2514912
2105148
3912178
2506696
3074772
2777657
1573744
3490538
3993677
2301029
4688381
2654152
2762472
4722134
2535616
2675439
3884638
1616675
2299498
572971
4182669
2574549
1631119
4683020
813747
4744347
2434602
2302385
2039496
4808559
2392806
2704883
2786922
2971389
2694173
334048
2207119
1299951
1949498
4439301
4724989
1870557
3332038
1424676
2780890
2137798
2739529
1928967
2445536
4835010
3902651
697212
2780392
4896211
2365706
1800724
95922
4161767
3565584
1795436
599681
368768
4609604
3417014
1754633
4776177
2308781
479791
272013
4752431
1303876
1866626
2552629
317325
4490024
4721160
4379112
148896
1986903
3746444
4507684
1696801
3798436
4684848
788613
2877107
3945796
3489782
1281834
2429165
1999419
2744885
2338249
2427171
978994
4067593
1014886
13704
1664996
2978499
2988437
93854
1566698
1017541
3812456
4919323
4651661
4087565
1208469
2098661
1738580
4786686
1204231
4773276
3978122
2430533
3590084
4508426
225897
3635276
3048322
399061
4715517
1861008
1911198
592473
2471621
3559676
2338198
711912
1696824
238298
4070190
779509
627005
2544151
1072697
1566311
3160610
1913726
2506147
1863099
1961643
1737484
834201
4574878
443180
2917245
2051546
1645056
1766394
4018535
3309050
357188
4663084
952785
1196285
2388836
2226143
2243707
3486018
3744597
3432513
2624586
4390220
4806455
243066
3248874
625147
3713325
1206368
1472788
1957402
1641279
2150565
2048707
2113252
1454488
1441697
1965991
4535974
2299530
1259068
3138386
2307584
2713648
227232
4818774
4041252
2638916
4707525
1491145
3210896
3258575
2613188
1291464
1518941
1628093
3073600
902730
2708655
569315
2965853
380619
3530635
2759013
4056549
1544839
891876
3784171
333787
2881874
4702700
4497594
3332392
2451391
2487705
3269682
3992997
2830530
3733722
3484412
3035916
4100063
244961
4530396
406733
2848572
2024686
3364898
4722143
4255471
4972504
1414811
1261782
631665
3616711
3056521
2324219
1369989
4224071
3208102
226231
300909
2030709
1088187
1464476
2202188
402546
1585843
4985222
4699560
3009056
2111808
496679
1898753
773705
3429969
2639171
4730838
4382243
2116258
4594148
672759
4782100
2702670
1889738
2913680
4261151
1717712
722812
3401066
3260224
3751525
3409147
3427191
4640441
953795
49011
4118082
4839009
3418372
1850996
1546680
2618435
495678
707710
1544812
3643337
1656368
3979220
587759
1116700
184905
2211275
509607
2991006
378976
420050
1094113
331086
4761454
3373740
181378
4666476
2447258
4084579
4600294
1723089
537019
1163700
1254139
848337
3884462
3305790
878412
3118593
2442179
2100343
1280478
2963164
3526344
422077
4974056
2103058
3982694
710277
1188557
4434147
4917564
4293257
2697486
1428801
323110
3158904
1084607
2400812
2188768
3089374
4408698
506522
4466542
1890465
677618
4637095
1350684
3550346
3172118
552119
1450000
184577
4644962
499964
140519
2753306
654354
1738219
4312460
3261796
20113
3057128
1412620
2494328
2695445
958984
3471536
3684519
2657008
4659415
2801699
3636744
3198818
4534685
3214314
265515
283828
186305
3776441
3569976
1389995
1998610
563456
1909082
2989367
2437972
2897045
654308
2927274
4097925
2567793
1348838
1678612
3647155
2212580
1506456
2177872
1185501
3135744
4641389
82278
3523930
1852416
3191435
1580183
1084996
4773734
2136765
3066957
3478620
192187
2316317
411917
2670279
23855
2939292
3960270
224948
1328523
1654229
4118856
3888498
3957896
1231253
4270443
989595
4799739
3972247
4806537
4014933
1651661
3086027
2362568
4901107
465098
2532235
427911
4736066
2955883
1827234
2556200
529718
2868678
2304393
3873440
730012
1605485
3395388
156553
3897289
1424172
600384
1611274
569055
2378226
3262527
1944833
2395111
4583801
4701962
2839098
2698657
3175931
2866485
619181
37458
4320859
4029051
1177610
4644574
4717654
3577649
2773461
1911774
4597798
520604
1996524
690160
3061518
785790
222023
3445870
3093004
4001481
1077203
488723
939313
4898650
242084
2493755
1514538
3413748
3366934
32945
1485778
965055
4676909
51578
1535337
381156
4505778
4252908
4208883
1162409
2860286
1417180
2233354
3967836
2097230
3285963
711733
4048017
1977305
2003899
2071913
2855774
3486226
2051693
4401285
1166757
1722251
780291
3985873
3440752
4553747
2308381
3020373
1949530
2597440
1653384
1390822
1204991
2511353
1105722
1707865
3522283
3008611
2718858
2873308
3902222
4288853
4914195
4406166
4609693
2052861
1053098
1982626
747753
2208659
1700990
776053
1818992
213430
4916734
4742382
790725
3198115
2936712
1809013
2364775
1817649
41705
2750351
1446345
1031150
2014158
4591875
2500116
3559412
4098426
3649955
1075997
2833379
133586
1326034
2596374
808253
3779319
1653928
2199656
4016080
2740307
164044
4489838
3003403
2696208
7302
2735771
3536962
215881
4997572
2044728
1582903
2609672
2128152
2345755
2131559
975175
2663588
4794514
1108667
3387682
4790324
3460092
1404818
923173
3374958
2101748
1768098
2231130
553722
3091596
3027412
1714123
2425106
2027138
610569
1809042
3166533
2796203
3777030
2078946
504365
3560018
330099
3523836
161597
3725766
1660176
769996
3476264
2538426
1153237
2391067
2474060
4273484
792395
4072719
3757365
1524315
2713150
2163509
3490783
4382600
3003294
428065
1935645
364762
4705062
2525131
2380016
222841
238937
3787055
515471
4883437
3669114
4663189
3169406
4796789
4077861
3589818
1525190
2980159
1671068
4657988
2044520
3523056
2694659
4707414
4785006
4843888
1350451
886195
3522311
2345494
2915258
1024532
2675203
3891940
162397
3528744
1699955
1102366
3258056
948904
1197166
652913
2767300
3614326
4208825
1648248
410948
1853283
833698
3742500
2604148
3363741
4628616
3340604
4595262
3606473
4961052
3156021
3685956
1092792
3517035
4714318
2529046
966847
1057277
2895698
2272007
4297049
3076092
2682568
4113487
3799714
268261
2832611
1899799
12700
224597
1748902
2232703
336031
1013760
4711242
2524823
3511462
783848
4455419
1474852
1934012
1755332
65453
4084312
2639017
3954631
2628273
387387
2854288
3282714
1489482
4989457
2263286
4094774
1338345
503859
3521055
2412539
859768
1003230
1401351
2661305
99633
3125409
626952
1950913
1915911
1856363
4376981
791651
520002
1202092
2011275
2307148
4696840
3649022
1558394
4981416
2776478
2612459
2589648
3745493
2967670
1906090
4400864
745763
3505194
4136594
727221
4259693
1681049
535585
4312069
4590330
2298438
1716382
3350199
2069356
1330102
4018835
18342
388677
3880670
4432423
1069040
2011113
3009835
3913511
677537
1624419
4066871
1578380
4238023
2924166
2631766
3117592
2091627
103484
3140987
234488
2210793
4166686
25195
940158
630650
4659593
4206044
2609334
3025339
2719288
3105613
176837
4492675
3456210
622533
3512938
3076808
336143
4759572
1958662
3705672
183233
700933
397884
536674
4443653
4445561
4058036
2751013
186406
4185371
1665479
295029
1165302
3676159
2753468
4283287
4620815
3342657
4460138
982196
3683699
4787214
359428
1293865
4807788
2891567
747879
155428
2374436
103040
2596030
3799162
3662737
1710004
4204070
3588072
2973384
1390706
481924
3528973
4542038
2634884
596479
1141535
2826743
4036364
1599772
2991988
1344970
3693688
652954
3446995
3685336
4890903
3129559
3741572
282990
3678324
732558
3232750
908009
246652
1646038
4929118
406524
4156709
246170
4900721
1449767
4118332
3603729
4940968
3330992
4378698
3154584
524559
153093
4412735
2879675
4197045
3062929
1033790
3109595
2892183
3859768
1747630
671392
2667980
3568135
4581550
1609988
6646
758602
4892412
2175271
1506207
3743412
2186810
649615
1226054
627880
4764226
222708
3812190
4049960
828547
1486805
1120300
3917206
2815123
4514175
2767648
3548063
2230142
4082230
1948175
4487228
1917782
4490886
2017644
3367197
4260895
4123856
114234
3538545
3733780
421991
3390483
2112406
3853863
2695880
622134
1655139
5327
3431834
4227475
1135618
1823571
3111903
3459313
4736488
2067753
4385273
2436810
3229581
3542315
2269212
4074397
3917085
2132521
3997108
3961520
2397294
2235380
1849351
2636476
3002159
33769
1508749
1312474
258747
1820061
1794972
3327617
3610288
3986846
2897846
604794
3253157
3933625
1891270
3057443
428040
548759
2865538
3665790
883727
752237
3576884
2725078
3593314
1197671
2962007
3627219
4024994
3173668
699295
3768954
3312824
2831920
1196401
4011501
4628974
4032044
2800829
4128263
186817
599635
2091273
4484805
2361447
4945103
3528130
3997035
4307120
4930084
2966062
800953
2993263
1279242
2284989
2498787
3146667
797615
675635
881516
3444441
1926988
965346
4471361
2049977
1184102
3516983
2341360
1290562
3985011
2557652
1212631
806586
1560527
377651
3700922
1020858
4212517
3143506
4281915
3540983
4036906
4010858
2967284
315405
1657688
4265770
3241545
3834495
1994644
1063829
3670967
1877866
4577608
981070
1032154
2380860
4212691
3416111
1857176
1650151
4530876
2579768
419498
3220400
3412126
2579180
4766074
4753142
4759684
3863641
4686083
2612084
1886556
2216581
2280108
1912496
4325475
291788
2491720
1334677
1344130
127654
3964709
3830829
924831
2925570
3352090
140326
4662766
3434785
1812997
3852453
4836607
2303382
4550955
3397272
1626244
1078629
2793886
1117808
4692325
2143879
3031231
1229668
2360853
1084218
3628926
1808681
2307181
2277560
23417
125224
1156526
4053602
1883537
3917036
2692515
1428172
2895741
3653386
414168
3591162
1057218
3140756
3145214
4884946
2855092
3402512
4317725
4807783
3164037
4593706
462850
2170866
2298967
3656178
1784961
4434896
4720420
253876
2870432
26252
774053
4621381
83105
827016
3698375
3523410
946498
4921284
1267862
567891
893448
1586859
4029542
3063507
3688680
4911666
917146
2704764
3102771
2256000
3348909
2449440
466969
365900
2353227
905448
4986785
4143032
4902330
802100
4017372
682468
4881967
4608240
302577
4847957
2020835
2029469
1594318
505849
3117406
2228313
3902671
2213823
4316027
3755352
1076291
2555108
871855
3563150
2889223
2154913
4860227
3798033
92987
3538397
4120937
599327
3420022
2424519
2898768
3059422
99195
1898460
2529048
872837
3413216
3272039
4457607
1077700
2345557
1375545
1510615
4420314
4875032
3487457
1556589
2278264
2405912
4613543
1061048
2490823
4693684
4247369
3149123
502106
2805748
2218650
3374886
2674948
251692
318146
1089935
4668485
1338455
291556
872301
2454313
4991859
2300444
1573395
1932173
4221772
187156
4624738
3724989
2027727
2729202
3008770
2050022
3059822
1999021
3460558
2085073
2121870
4941453
2980910
189293
4387831
1937987
1426475
264442
4049898
1580908
66436
2207294
2301918
3615310
2233952
594844
1427249
2724103
4200638
473332
807121
3781596
4150710
3931654
4646440
1661695
982367
3081972
1160990
1583373
2255463
1088776
3112571
1086358
2685921
2288744
3842788
1419172
4811978
4573114
74275
1509890
1581824
745128
2496361
947904
4122888
2610021
3042219
179541
3893386
1923676
308911
1741585
209540
4717523
1310209
1351583
4328381
2458036
1249386
2738068
2016680
56774
3563332
3210401
3550412
4295491
1057190
1104557
55341
4321715
2692838
1911347
468836
4523471
594043
1333705
4239743
490688
2803118
1237964
3040075
2708783
1115038
916989
2953410
1605833
4260876
120572
4815356
4136647
4255648
3068196
4424875
3985345
2158791
109925
4491063
3357557
1390876
4989685
4719706
3549820
3781777
3735102
221415
3054003
4252431
4105936
4278373
3981493
4416148
1201444
4947011
3465291
3214439
1196854
4616164
2831423
3517588
1789557
2485282
1055230
4300179
3908624
2253102
2405149
1608786
1571114
2749468
2638485
2906592
114903
2859976
4215277
4898974
883973
3208874
4311188
3379246
1865178
539207
3124967
1223466
3733696
252094
3056997
67687
807986
1827639
2848598
4647394
1200193
3368478
4993683
2597737
735366
624652
1686239
1847089
2527745
1612123
1321063
2182079
2409157
2218768
917698
433048
3091016
510138
3991731
4084158
975876
765117
2418116
2822800
3979833
645898
362229
3099364
3347402
4525457
1637934
4059781
1204044
948618
4811237
1941010
253129
4594722
1212439
2427952
3469141
3259973
4137701
3211842
1045925
4346655
3959130
2114244
122063
4021992
1412748
2340127
1927850
1715016
1471394
4009850
1447411
1275622
3664777
312707
354531
3522555
3782972
1830959
2368235
1397216
2322511
2064144
2691925
940899
1955077
888802
2805791
415138
2373385
1557441
379160
3470858
4885007
1585838
498939
1894773
3498188
542950
756383
4622614
4788736
4647513
801899
1218900
2769149
4248461
4174297
2215718
3573012
2322683
522639
4833028
788639
3775130
570727
2265489
456439
227718
1438416
2483137
1456437
534898
1748361
805718
1334420
1086184
3967652
2856658
1548671
1193974
2191837
4487968
2650441
2149868
1011683
412209
1963455
4234325
595040
3551730
1025178
3892577
812395
3283707
4029196
2459188
1855937
3432346
3488091
3245870
2538162
2133403
618365
277440
3298265
421382
1265177
2723476
1037737
3099539
165106
39738
4960194
58048
818460
3463727
4140656
2161568
4454793
3735463
4973379
243739
3031473
1201278
464998
4401562
3670223
648455
4285835
4586438
273838
1644318
1556452
2912959
4337877
1543837
416687
1673268
2108514
753217
1849743
3369229
3950815
3038437
2651761
2873391
1276056
3698984
3442976
2922081
1818909
380491
449452
2320955
4573210
2550864
569835
3512999
2908978
482167
4052197
1698188
686143
3294867
3949145
4337183
2038313
128515
4447625
2980831
2956696
3149724
3693103
1383544
440257
460614
2997106
1738247
1415439
1176536
2517921
2099926
2117708
4952581
3767989
3374600
3522708
17354
4733848
213885
2231196
530654
4987073
3769379
237425
4778311
2000478
279140
445775
500540
4534966
4818147
986362
3082425
1897131
3533906
440295
3899458
2267238
4409993
2550859
4798459
1505900
1238221
2194760
3866562
1516207
3588846
2124389
2158481
2672717
4850598
524400
537843
2079178
4772296
751734
3903940
3411622
2339810
1356719
393879
929212
2596213
3047421
3531015
797573
2255012
2701762
2049089
1260894
2743506
2366549
3477668
2460140
1260764
3172233
2338492
4177916
1584403
4841596
35473
1689665
4772825
4420194
1223498
1498003
4478737
4571838
2664051
3302862
4756521
1924920
4517037
4995345
141663
4222586
1252138
3267974
1554768
3621944
507388
1013656
316589
2143468
1970917
3085725
1513562
478335
1201367
3463612
211998
645229
1009908
2760431
2683333
679070
3270874
3409090
2586930
4978235
4527055
232672
1609486
446540
4980712
4694719
3959493
4249174
1726509
2777744
89841
73368
884345
4126602
2437781
304893
735210
2521539
2225771
316564
3623922
3883102
3830670
4440084
4642320
819726
2272256
1046848
1519999
1944404
2160246
698240
2619123
1744174
2707944
3267260
4250326
1056529
3225635
135767
12260
3396542
2446155
510254
102329
1569381
4900534
438429
1744263
1382209
1326062
2090848
3388677
3974587
3497896
2475107
4407411
3660873
23737
4065753
3389084
3172605
4063412
171016
2301231
4808520
3210535
260838
1280468
4499895
1637139
1362647
835986
174334
4095604
2367147
447996
907854
75110
3798648
144919
4879511
2116446
3363363
685044
3863251
1706710
4559218
213435
3875873
2223179
3855886
2716289
4387903
929743
1337394
2436169
2107602
1509823
978984
2821005
2569944
4452340
694303
687550
349510
2872256
3659861
1918052
4883081
949310
760521
2727538
2221519
4030140
473285
533039
647027
4216601
3831196
1770451
1476241
1809995
4430610
2155585
3680096
17201
3169016
946359
2755500
4315847
4958437
224024
1864354
3689980
3138311
3622143
2008644
134152
2379662
1762632
3445433
2513064
239842
510187
2221558
4791818
3659394
1107478
4131143
4816630
1538715
4873485
2095934
1403165
4080718
2519631
1092546
4568554
1218670
557714
1102108
4178102
2100994
550349
270641
4927538
3950923
215546
3111897
4337868
3057114
2227937
3626063
124681
2348130
4992660
2258826
2123042
1770197
4172691
2682799
2328534
572031
2664995
4030338
397478
1935369
4962930
2219837
4951153
4476503
132630
4175150
2470327
4673028
1514184
4447720
1352419
4148454
3303294
3307723
4195709
3349935
968151
3295304
4075465
445596
2145797
1903642
4706349
2038222
2601456
2856308
3225371
2089427
1472319
1330648
1511780
2190977
4283871
1266176
1598268
4358820
1252985
4309166
4271035
4174750
3842468
4332041
4187765
3628573
3290519
355668
3383674
567690
1336984
2450525
3271418
2525916
3684850
543401
2116791
4106774
2900395
4001647
1659710
2401193
3914306
3521154
4303702
1978429
4401473
3499943
3867714
4167484
708172
3034543
2598881
2431638
1891659
2686263
2215510
2822802
2181591
1308247
1382886
941198
3177685
4324995
1312291
3883606
2901936
625195
886920
1903702
4762584
4796132
871060
1844208
1886059
4884144
852256
3998909
2569926
4625976
257413
3144058
252072
2911311
312255
2771853
3311292
4182514
3491289
4654743
3007716
1282377
3839098
3193999
2858837
157853
4919398
3654567
504447
3121978
4447143
4251079
1701462
781449
4223525
4196461
4532678
3948097
1770490
1697013
578048
2261970
325265
3653564
1648402
1752765
1435530
2364294
2212893
3054720
3028998
4932097
962442
2425601
183055
3440275
1522395
665066
2050912
3094272
2788106
1392830
2892731
4209686
46578
3124206
1548830
2346753
1619600
3191750
770471
4457483
2220752
4415761
1246571
2282958
3712304
972800
1408946
231943
2066365
360757
4229023
3087026
677093
4719209
2961823
4239403
4069874
2851033
637986
1191242
3224731
3345780
3663944
3517311
3694018
1449989
3539011
2999197
4340371
4055842
3085975
4303133
3340590
4589995
4337402
929616
2279339
1692527
3216592
2755105
4634107
4441990
1355990
3723645
2606902
1761478
2887248
4669348
479387
1669327
4326604
2990068
4038308
1347528
3952316
1782690
4177100
3149084
335666
3359599
4378724
4163899
2137671
3829058
4586834
1118164
3414961
115437
4102794
2352519
2580647
2708171
2235959
4753403
4230137
1754622
216171
428460
2334176
4126681
4926954
4819725
934686
2651031
1698793
3372702
735319
2990808
679708
3635223
1833500
1874290
3800214
3316591
4029507
1946429
425419
4071027
821015
1610979
1879815
2412296
4285689
921008
1388457
841923
71442
3125696
4139880
3992114
3441819
1816832
4942670
300289
743097
284015
638462
1354307
2384658
4911270
3315250
4839718
730658
2729968
4475600
541520
1541542
4713608
1543914
2926312
3505552
4441954
772181
1186715
581070
1880569
475943
870430
306932
3810010
511363
4831756
3550608
4353385
1281931
3121992
3769462
517182
3819698
4144869
390968
3038956
1386140
4263471
3816946
3733512
3132792
3337470
3427022
1380227
4766273
409087
2962055
170841
1518558
1489937
4458603
509597
2631015
367372
525033
3565042
1203758
4893687
1136497
649245
4320298
2902747
4816411
4885633
3600863
1891677
2429192
1711098
2549845
3163569
3787770
3861742
4633529
3449383
1393581
3134252
4849039
928312
992843
2878271
3739885
3754956
2262987
4660836
1328951
3976196
3039066
1354220
3400277
3160964
1729809
3388522
1247625
4822550
3405372
3035522
393580
1067805
1966477
281800
630467
1000481
3998395
1209420
2848995
4830001
2832288
2382847
2806010
262347
3906269
4759954
2485277
3308805
697830
1504212
2224482
1026967
4035200
2908625
601675
4750472
652362
577932
3774950
2121635
122619
348938
2129652
4552041
1203123
2559612
1920079
2501778
4450043
2721185
2688492
1382759
307779
817355
1095610
4181657
3587845
1923919
4226135
651701
2641961
2812811
3712154
1686648
1402939
191344
2310785
1733324
2431144
901466
8403
1819495
2178447
4057916
1775596
694810
4450473
4327546
2540078
2243626
1033345
4605154
2950023
655866
3074127
2202004
1350483
2074454
3989237
1408418
751837
1129675
2085984
2812567
3202591
753689
2360363
4556218
3749144
1996145
3871512
1570198
4962929
2263110
4962785
3590625
3118607
4670586
671388
983111
4381190
2469418
302172
4060696
3782101
4126135
349414
4645007
4628718
3716631
250733
3295825
1222511
1826481
3620403
3901672
4761894
3868114
4985262
890017
1582949
883382
1069942
3601662
1621181
1105328
2566340
2391843
3374000
564829
1806645
3000650
4974615
1970042
3147010
58429
2875056
2474166
2695105
2987629
4969485
1920948
1780440
3116424
2732228
4096649
4591099
3144312
3675894
4056609
4994067
871923
597744
1374392
867480
3381800
2054460
1165098
2862161
4028488
778529
3513998
247853
3926251
1642888
784931
456355
3686714
3228573
3207951
774917
4701250
2963651
349212
1217149
1475091
3413388
3406066
149643
1746619
817854
4473970
2776815
1638275
4890039
2199557
3866191
4845655
3946153
960019
3809532
2906303
962200
546085
4722003
3269356
1215641
2810712
2097472
1561992
164053
1103999
2437254
683615
2223342
1866577
1406504
2825843
1031663
132038
3773840
1952331
2719131
132526
4687
4732250
4717401
2279335
378852
4482841
4767815
1332541
4379604
2359488
3524997
2129909
3344490
4510809
68032
764202
4110858
3335157
415243
3751091
1904706
2236438
2531639
3197789
558977
1198779
4954530
4061910
1905888
4956194
3631973
3891699
484898
1406857
4212188
2913323
4698313
964501
789080
2110026
1174131
3741427
1868940
3086971
772263
2555586
4622726
4440035
3025452
4368705
3587394
3148334
2569007
4001302
3789126
861826
1096797
2726250
1204144
4490666
3912073
1509426
3337658
4037833
4901746
3092413
1335101
2153212
4641014
965556
4962386
3275200
67264
2481029
508865
2088617
3671651
1592726
4997048
1554457
4402524
2284517
4245840
4449291
837069
786403
3211594
1974994
2217861
1618886
3986126
4764437
2873238
4015682
2995086
1160188
4964029
619527
279189
3023546
1709308
3493904
353803
1102634
4437914
2834559
1627241
944834
4917119
285284
2349018
666759
1462314
3808142
3909341
3283558
1788887
1563283
311329
923133
1918319
443629
3428233
923478
4973218
3159659
1582789
2867714
3820526
4770246
239766
946317
1584013
1940438
2551852
4543767
3045757
1076099
388271
2016412
541663
1502059
1595450
3600465
4189456
198101
3905575
1895136
4747052
1239284
3416291
454029
4747477
105585
646907
1915755
3858379
4558982
3830275
2925294
1612784
2480517
3558521
2356994
2312679
3556544
2817961
1836424
3704773
2008445
2173777
3559803
724099
2174523
1963969
3831288
717555
772037
2707366
4068386
328790
4089931
4748990
3699550
3059733
2023972
3695333
2889689
3846635
2134762
2864156
1487070
206793
758250
1467890
4654081
4163878
133515
1791836
4174979
2901135
1293281
4573887
3613572
2890636
675640
1122635
3588783
3303664
4124873
4976906
2280043
3985467
3690104
2430769
1130372
4336702
2180529
101783
235594
2372539
1183925
1810533
4745233
1506440
254163
3464973
1892849
13778
258933
163147
2696712
4169334
3676778
2729308
4615714
1789826
4605906
1570157
1047490
1644928
4494594
2417962
3098912
3300006
3703884
1593452
3874664
4238532
4008097
646850
4270378
4503084
4574065
217966
1920673
504068
3754739
3552315
4547418
3498061
707172
2016112
233101
158998
1788712
154643
782674
663118
4946082
3502157
109017
4557518
3092641
1304246
404735
1599356
2032682
697497
4637731
3468434
1849213
1486684
2614822
3207894
4312847
3539125
57679
1946010
4940772
4144341
661079
3158686
892437
146517
625241
2959209
3343705
3398017
1131923
3087784
2843260
4574260
2491752
1126610
1940430
810636
2374474
1218981
2493691
2756891
168178
3576321
3512793
3355499
709708
3436109
1019915
1622385
1729520
726143
2799962
877706
4942602
475755
3994586
3770451
572906
2473588
1059259
378655
4899677
3687324
1215228
3401363
3732510
3006833
2023158
1230383
1580817
3352456
3618977
1296236
2675321
4110055
2616248
931888
2936239
1810118
2781575
261973
1051427
4187427
3551842
440915
1955251
3354618
920547
964406
571170
1944255
4313551
810177
2982760
4891073
1272856
3686175
4851440
2452514
4151782
1606603
833462
4434805
150650
1766364
2751097
3876987
2665524
458999
1700246
4249152
3993870
3554712
3939260
4762510
405708
3844680
2428882
2530128
118541
4348025
913714
3970617
4340465
530978
3089459
1710985
2881227
3913035
1846393
3975440
1092283
4603282
927349
4122536
1421200
4133599
4558385
4854883
3972647
170854
3285278
4045779
3717131
4694963
4235988
608812
2471545
2979305
1852838
1687577
1214420
2745951
1701913
4381178
2502072
3952549
2512911
2090523
1962154
1774780
3469783
3085883
138878
1577184
4080244
2547639
2033821
4584820
739820
281007
914916
4992835
3062999
2043899
1163003
616949
3672778
2500162
2584732
2829423
2430080
1354197
3992514
2401270
341015
2538475
4380671
4409838
4069482
2633781
2381786
1026359
2832905
3747881
4613254
3670103
2915393
2676804
2828901
2431441
1776844
4891476
2067256
1444200
2680157
4092964
129174
1068641
3214032
3520830
2875564
1287414
1860241
1592165
1719959
4030604
4400737
1832176
4684531
599398
4616424
1880762
1708712
4637242
226103
1696585
2474828
3974494
894673
69300
697819
45318
3164844
2785323
592094
927570
3325750
4426673
4577863
3853121
2131829
3590520
1365449
853213
3983629
4345842
3886137
3818038
4788711
878267
4114005
1013805
2214810
1874272
3878187
574550
1418886
1583492
845830
61582
4272405
4016785
2943683
2221416
1804175
4624807
154733
2728693
748680
3120798
2514283
1853317
1747164
1523866
428336
2144139
3420591
4967053
1844508
4183868
3505663
168817
2662639
505404
2649709
57984
619549
2096792
3263048
4004803
215185
1545151
4768438
3786355
3586940
125354
2109277
63511
1696170
574566
855084
4805760
1783625
2678368
2986987
3229956
4460398
583136
2599503
626911
3401012
867385
3883655
2018118
3540705
1557104
3343657
1221559
1726370
2846589
2312032
2077189
3630251
1073903
416367
4503643
1861083
211719
1515196
4306275
570074
4473686
1553196
2297215
542434
3266845
3111124
904092
4139588
2853822
4364712
347700
2948932
4889391
3170256
1342071
415391
135628
103171
1735567
787733
577363
1804035
2101244
4010336
3142749
4900118
1425655
2481317
3839581
753090
1231327
2042833
212006
3220603
2809382
1187987
160316
3435380
1636292
2121624
3155303
3242773
1818648
1024998
4008291
4776106
4990605
4920535
3240078
708902
625349
3913174
3339115
1227202
2016333
429057
363896
3549041
2496682
969665
2266401
4402142
1769707
2218705
92188
28651
3271733
1248880
2486066
3175415
1175952
283726
594717
4923630
585748
3256807
4046580
639310
2128131
4343023
3045038
1302408
4000772
1754200
2671384
146095
998145
1090357
1722366
1121967
2523206
415974
3639971
3634971
3186958
4401411
868835
4446540
930648
1055785
4921499
245712
2578946
3998951
1980253
2530670
2791611
412647
3331376
3598200
2281573
2472401
4228761
1096018
2990073
1541743
4563623
865649
4848090
3890754
2136157
3143647
583104
208272
2079089
1564637
4376265
3639631
207321
1257207
546806
4307201
3445311
4002228
45529
4847802
4962953
4312365
2044345
2016627
1609313
560447
2838964
378551
2559439
981365
4584440
3949133
488321
1013486
3789898
64353
2303918
3491006
2998340
781053
2292142
2038981
2938642
1269116
3948031
4340347
163511
4035361
4422311
2805303
3892458
4036670
4562927
2319523
4203709
1720605
4145087
854111
3771980
4264967
4716142
3862224
2653651
1237662
2749126
4340941
3440215
2596861
1007522
3697829
1027069
1567459
398587
4056661
1350627
1226776
3110385
2408884
4712892
3134542
941219
3549568
1420554
3022124
4027172
1168386
2418306
199054
3226560
385114
1252797
4482284
1274744
4650753
4255713
515091
1011927
2913124
851847
282684
4812393
4347017
4227497
3051217
3648401
2265932
2109077
901476
415230
399223
4091344
3793354
455426
1694491
592484
4160745
1902973
175265
3228343
2715316
678792
1991684
2883582
2750008
3492821
1811486
3217403
3319546
3784716
894803
4592256
2053839
2289647
4944759
450315
2402075
1834164
2202405
1988778
4597655
199418
110692
3751819
3007600
4496026
283557
4690535
3441585
120253
3075512
4853735
2207682
3536332
1771929
2878945
4144635
4591506
3829612
3098674
864614
2872424
1623016
1785816
3945461
2713753
4434204
1879657
1593128
1546754
74323
1802919
3383151
1499175
2250094
1892886
3061375
590066
4775289
1696930
4738959
1224356
1412210
3667905
4518927
3522962
4412949
35490
635347
3885158
2965606
470699
305158
4147487
1997835
3967771
327742
638090
2581843
3022090
3351642
653894
182792
3280036
3975658
1451343
3531563
2776562
425386
4935832
4522816
3306289
1671228
3830013
3292536
4980733
1980266
4699493
4378647
2213001
196328
1508022
1119475
4087290
1871168
3357534
884688
1239026
2541886
498835
1807500
3514629
609645
2841865
4823317
617652
723815
3816988
1433122
2635456
606875
1754203
870520
1877676
3772299
278499
3612929
3668868
2526522
1922891
2554207
605871
1062273
584516
751097
1060485
2731688
4891113
163937
2119244
4064028
4711308
3338184
3979570
3096493
4470297
2557212
4991558
614217
711100
488397
3177113
4282678
728197
903462
4188469
299639
4598447
431086
4568570
4084157
1952661
3069133
968326
1077077
3261283
1387796
2023983
3785750
2379666
1685492
1720677
4228067
602525
4919745
3967916
4980192
3246019
2390904
2080222
2598279
2748142
2216859
2576954
3924459
123582
1151270
3940871
769797
3007215
2867622
3080404
1024583
464660
3851337
370209
3697663
823549
2247188
3101918
3558783
1046174
4520670
4279909
741369
451239
2693712
1152362
1829839
2083056
4304684
300236
3450774
2213244
3190963
3363507
1379017
3939016
1739319
429042
4257299
3013173
4090354
3933717
4385824
4819178
1919125
139338
3577476
3404405
1934681
2153724
4292800
3381328
4603132
4756739
2539948
599095
3188834
1386633
3873831
2868714
2159601
2571913
4297317
4880705
161951
2018220
719624
3734081
1333028
3818488
2415474
4738116
2367883
1144137
500720
2333462
688685
3646990
3296989
1205946
3971880
499361
2037111
4888523
1918400
1981270
4222928
261690
4204531
584966
237582
4771369
3524777
4197695
2240640
474854
751565
4108686
4293876
4932977
1174878
3453282
4223958
2904088
3281523
1025619
3243835
3823884
2662855
1854647
3728746
3974391
253180
726312
3107038
3835046
1256956
2928080
3167843
2657997
531566
810947
3720126
4610364
264422
1582846
2130657
4213018
3342730
3728506
3139157
1650258
2021788
1963061
840724
2383751
3444290
2745966
1254169
3827777
595441
4046444
235534
2809171
1680433
1477947
362599
4536242
3135092
4604778
1857695
4390061
4962192
932477
3385299
1016268
4362240
3913018
2586262
1694677
219626
4824574
3944164
3725947
635227
101437
1785496
3199128
4190243
2021329
4567720
150690
1404509
1976229
1302022
4079688
3144388
1748701
3474447
3407166
2823513
230080
2692204
2066372
1900762
3962387
4802073
2734359
1122099
886652
3116773
3651971
835710
4687464
699513
1869209
4780397
1851164
3785218
265496
3227663
2584901
4392683
3575304
2209949
2028009
1445960
4529115
3663490
2778575
3452051
3012356
4735678
3928731
2327466
4031818
2626218
2212959
2837110
4163803
2515704
3574861
1043600
663973
3486743
847670
1984891
152984
3220985
4094633
4806263
2043600
3327903
1396489
1623598
133938
3805936
2508
2142778
3058341
4077262
2914299
4382982
250643
3993295
3056122
4083244
674979
308668
4146673
46665
3173627
3692328
3620775
3532624
691056
2194581
199908
2404449
2175104
3369252
927830
2658391
1768253
253483
3355943
3126565
1380998
338585
355160
4021407
4258276
595175
2702146
456616
2297376
2327436
2069225
2718366
1607403
969765
1729247
1674238
4392478
2752431
3312905
1643307
4535722
1686581
4817578
4703918
1021562
3765391
1939345
3838254
2455848
4322908
2222066
284980
4678422
701509
4273556
1395232
2221230
4968647
1083327
4056282
2462301
1985456
754200
905831
1415118
1221264
587812
4311510
560976
4056114
2212920
4991803
2440851
2448102
959515
3149002
1230270
1233784
1380086
630534
4141745
3850160
3048347
836153
1747993
4145528
4698831
2877144
1710332
3737549
4763930
4511894
4322031
1291148
1665425
3672284
120250
3478813
3764329
1215660
3855393
4913698
668151
2893964
3544344
302626
1560269
2526293
3620260
4839312
4976101
3932878
563564
2396914
1647739
2843475
1249181
241225
2518653
528712
610232
582014
3763660
4680623
2001500
1225823
571029
4115385
3864191
4814116
976903
4924968
280131
3034075
4973347
2147252
23118
2008475
4263912
3690862
2329367
1857034
583542
590138
4521316
2130363
3554562
2645442
3896966
4463957
4359649
3753886
803442
2735482
4283502
1322561
4492741
4806253
810378
4511287
3477810
1963586
1655658
4946588
332996
1114156
1422629
990797
4152472
4737208
631884
1539151
1404717
3808346
2896040
897687
2599258
1136682
4500767
3005253
3109512
3215583
3415013
2053588
747857
480216
2356259
2612338
4361316
4961578
2560667
3926890
178936
2274418
3377153
1243700
673240
1140362
3933378
4484068
3997142
3560287
1277361
869223
3693922
3974808
1098676
3564149
230844
1704962
1306118
3192108
4641084
4172108
3189552
4140930
769162
3275842
15064
2761306
961169
1921513
944306
2474319
4570111
1786032
4846742
2803571
3493045
668244
1169144
2276974
4895814
927740
611697
2558012
2789922
186686
1235057
1035093
1673598
2413502
1397425
703197
4185299
150709
1559828
2932070
822861
429414
1069149
3127259
1740279
4946566
1862702
2609153
1753940
1740199
320523
3046133
1168495
2698483
1606533
2914602
4567753
684850
2406313
3510468
3459579
386801
1067006
2223847
1914038
4347827
301094
156687
3924242
3335235
1602667
2017878
3757140
2369561
1377084
3065871
370060
3535887
2182599
4825459
3005109
3473347
4675514
1351261
2228249
3293543
3880095
4031302
106553
1806388
545113
326197
355057
2730748
19938
1057391
3977301
4947737
1826456
4532591
2909633
1479580
512971
1242481
4901276
2886830
498606
1516980
4950296
3544708
1391400
232479
2450376
1410110
1838347
4115931
4448578
950440
2529584
4223838
535300
1658599
4913386
1797741
972847
1657728
4409372
680524
1737804
2215199
1878157
3593924
768556
1510813
3616414
4149684
4687639
2682726
3901200
401550
3026968
1115257
4253156
2338709
66191
4220141
202842
2324197
2978296
4793755
1619288
4717806
1539223
2731552
70878
4644840
1390310
3325471
620099
536071
2792793
767594
1111786
3203608
358841
2414963
393793
2494648
848654
2052169
504189
669239
1595614
824628
1196195
4073823
413899
621918
4845864
679631
2410492
2537272
4617806
3752519
1515775
3942317
593677
902199
1167131
4065159
3439171
913718
406463
1091655
3614092
1426322
3065337
4651453
3081600
3663467
2264767
2707395
3553294
545042
2093263
3930481
716675
4297490
287155
622529
4021247
4803490
4741906
278824
3204653
4151992
4603561
1282863
1191385
4619965
2360392
4087662
31068
2858488
2748722
4773893
148825
4596479
670824
3096082
3914932
15116
2522826
605525
747333
955150
2838311
825007
3239408
3973051
2785203
3186040
4661121
3072405
1675821
4011340
4679744
2028319
1687727
418100
4867011
1987012
4140105
4127514
1544687
4115557
869381
2608416
4577640
1471090
4889346
258347
1594115
2540578
108951
4276910
3588228
1213165
1815365
1321061
2067302
2807133
4026656
2554834
1993653
448806
3107796
4093693
836177
2907052
4480525
1653057
1390491
1973836
3573241
2642215
4678678
3765220
1832531
765864
4526331
4079062
618785
3854999
2804763
3607920
3872735
1855179
90895
2910139
225055
1469323
4544112
2065013
2962271
2752474
164186
2184802
4277435
689252
3744838
2395802
4066734
93319
4264611
979739
4560075
1196670
2480378
4515378
2283068
4901022
4090045
3838818
3812361
1271911
520049
1629075
1587598
2282743
1236586
3318327
871912
1810766
3104464
618076
956419
1932732
2397591
4520912
951787
2903604
2972507
3648872
1055528
1977448
299076
2119025
4760293
2543810
4175656
4813960
2460437
2765365
1634330
954213
1563289
2302539
3692295
3079043
1498576
3228414
4985750
1723535
1144281
4786586
4683612
279093
802348
930037
1822522
3539579
4819793
1909761
1080574
1161442
2875654
1164848
1915184
1176627
645211
4570807
2470388
4367259
1885731
929624
760527
3934811
1417678
4217314
4810894
1129445
4282987
3798301
4612203
1099470
2281578
2064907
4303780
3350479
2516475
2829618
4810702
4571326
2901558
4423775
2311039
4328417
654040
1709024
1607923
642826
3044912
3416877
2736061
2541916
347062
3135433
4934408
488523
338835
4403693
1722464
2990045
27605
227715
558142
3962193
1790557
3713476
1776683
2735145
3317949
1824719
2943642
251584
3994
2144730
1789048
442505
1671498
117959
2003911
4043274
2365625
4907207
4734225
4368403
951442
2625634
1959337
4289401
4151019
175818
3004985
4862072
2138947
1022766
3226073
1408096
4540641
4867785
4143386
4057625
3830624
4039421
4160648
4858757
1854037
4459757
2051345
2899772
225864
3090973
3008175
1692908
2319124
1612510
4829156
3201436
4003421
764569
2702260
3291886
3036071
3122075
4661937
1100303
1547843
1957415
4421904
3572417
400078
416858
592934
1034030
2364575
383221
4474525
556639
4517510
586660
365726
327983
3014046
3236974
4562370
2944470
3876867
2490022
4666087
1983117
3498668
2680928
3881524
3866139
3415265
4398418
1445072
3313603
3254384
661899
3630656
4829589
91275
3236631
1411713
3677562
1485190
2155182
2442744
2822164
137887
4075143
2930386
3554914
4610233
3403103
523395
4507587
2172172
573627
4886854
693007
956261
3017197
4592483
1068028
2020774
2209866
4195957
2634273
1131867
1567069
4402428
405665
2436302
1284875
846939
993063
1861299
3031425
2114085
3290737
4776064
1526865
4950162
867211
3056289
849697
4681005
1448882
967775
763240
2967643
3371748
4378634
3727809
3387229
2613307
1516662
693587
2320375
3464577
2442460
4246576
3241215
2832067
3101630
2104315
3041087
4335948
1490933
1838552
837549
1196436
3128936
4796404
4333732
2554233
3723118
1057018
3971723
4227520
4320282
384937
4426510
4686784
1570569
3707949
2528268
4329005
54691
1705953
579169
3003833
3447158
3513961
4541147
3535249
3263085
4462884
4322716
595209
3830560
3653923
3707517
198530
2883090
2172152
3135004
1708605
1447062
1327910
2057945
2133195
2860541
4949620
3112270
4794082
4731114
1763048
698958
1424642
2427031
2049636
4636625
601240
1234952
2116038
4004932
1664873
1262496
574482
259448
2640701
3334629
3834256
4876355
2114238
480123
2478182
3482269
923351
2227277
2603081
4587007
558178
669185
3567502
3852404
3685245
527876
4018117
12946
1270153
2235102
1699377
2029295
2413562
2480470
3125204
1434492
3079448
1715326
3130889
3383462
1570852
2557210
4654304
4219991
709265
2126918
191797
1707955
146975
3169393
2101504
2776981
2929411
4758625
1317615
3903009
713359
1914797
1117600
222807
2564034
1909739
2524896
2129935
1258705
1752366
4861630
4917385
2168043
204693
1364250
929382
4492927
1793531
4841572
388750
1710076
2382065
2199691
3095514
793397
3045259
820510
4019682
2064731
777112
4283323
4615104
2263002
4543934
552195
1929569
3001467
397443
4279699
1132028
901905
3667302
2553662
910499
425526
3910827
2222643
144461
4938792
1973270
2217457
3837521
3892644
2496341
2459375
4068988
124945
4742702
1635195
1580233
3587462
3082528
3002284
4928999
923235
3932504
3283735
1155446
427974
1037910
3945183
4807464
3575053
827914
216238
4117123
2202851
1076108
4694722
4601459
1828511
2887355
4670243
4101909
3517180
3648271
4020701
1196307
3284881
1949973
4791126
3082585
86633
3356917
3538030
2634438
1398588
2824550
1214583
1467030
4272882
3280729
4030310
3220682
3486421
4675268
1976401
480495
1424471
4409205
1710704
2499410
3060816
3933197
2868112
4687030
1942925
617074
1519059
4769137
3798697
2235718
41651
3705473
3419077
2633359
2462324
1254200
2201088
280626
665404
2098804
1842707
3385056
729365
2829408
4015857
199450
1804788
2200029
714578
2502364
4172872
4637968
327682
4796621
1477597
4246236
70515
4105811
1827284
1854022
2562872
77857
2566289
3569930
4744546
4219370
1813090
1842807
3043654
547905
1035709
3605669
4990949
1199596
4519205
4674825
3092765
1145428
2406337
700413
4973525
4420875
3005786
3392935
1862361
44720
1191303
1007722
2838014
2018401
2490779
642520
3510585
2872243
931850
3244086
1959997
3765887
3839371
571710
1028242
163711
3222530
2641632
2708880
4772220
1029814
2853938
844525
3452462
34940
3091188
1899581
4026106
2522342
2600198
3473222
58352
3308011
1744093
3068075
45967
1224385
4174800
1831292
3740151
3983649
1572961
4998587
4518301
2609563
1889360
4805777
3601155
901677
2371965
4718001
2421685
974839
1663924
4648780
476634
4589494
2330536
3083226
4428169
1184274
4555483
487174
2021869
4418349
433436
4301531
569750
4630468
1318965
4725015
1042653
1897538
1777693
3250839
4254468
4755468
1687511
2334964
1834484
2541050
258813
4844527
4836913
2397856
3793982
3600082
4174183
4728679
495017
1645137
1324904
4444767
3818560
3599612
1050929
1041379
1536418
1040092
27168
2302971
1399470
639464
1774332
2080009
1216681
4646303
3682872
411859
3936487
491912
353114
1964531
3677350
348149
4817393
3498518
1632450
3063285
1523471
2532143
1946204
413415
3249428
1721801
1478726
3600831
4160964
4274260
494203
4572147
3358626
3498715
4083753
3497193
441722
2526416
300469
3279324
3845321
1655444
3222090
2006343
4304244
3531501
226432
3043222
584896
21408
67413
1671856
653176
1476368
782337
1884894
4234863
2966895
2577991
2202563
4118092
625247
4136423
3270317
1426921
4835062
508396
1287333
4468221
2293367
990008
2165518
2783488
2411418
4413655
4732744
1025363
4753001
3764904
4824564
1455947
4760139
2570357
1188514
2046746
3023340
357986
1855529
1830303
4470185
3102077
2141996
2349243
1359382
1906144
1129501
1703322
191850
150838
4535207
1087513
877329
89469
2031956
3354893
4309111
1213989
3419135
4000639
1107030
220997
4579555
2770927
2464466
2297178
3259441
576682
320764
739632
1740951
65895
4974599
4286038
4011146
4955192
3383437
4937046
121385
247064
2708910
3923977
4662535
4830173
4179453
1065145
2041263
319621
4342038
3291126
1222112
1731159
681048
4194267
3344867
505969
320263
4453681
359629
2016063
4330669
2314795
2616359
1297713
4056633
4592780
533845
130021
2013202
4008173
3863400
1391283
2327116
4749417
2197483
3300825
903554
4092886
3471478
1305903
886471
4602241
799326
1184845
4236124
4901479
2352029
2104799
685441
3133396
2330706
809816
4431735
2284147
153162
66983
2217632
1683270
10001
3466575
4959588
2005414
4435049
766007
510447
412326
1224700
811481
1963417
446296
3927842
3788170
1210323
176138
3825476
4832442
3520769
3517532
3792145
4180853
4363788
3316161
325068
1015321
1087254
2731483
2931235
3749692
4361364
2449261
1647629
4314478
1682111
4383482
4965578
261189
4319465
4095051
249395
4768955
1409239
300935
1518532
698922
1959679
4736761
4953632
1335283
840437
1951669
1382011
3623822
1008759
1939540
12104
812885
4688180
1005856
420631
1915332
2745217
956784
1023390
3107913
1267324
521615
2807520
930698
174197
4472826
1826041
179053
3183850
671138
2804409
774089
1950766
2334271
1403441
653269
3604330
910399
2066112
2166392
4727082
3270167
2045453
807952
3999592
4268433
1657501
2262026
2491042
1718784
4174445
1983592
3054226
4764679
4660177
600686
2359174
2055390
937028
99617
2146320
2840162
1107090
279087
2497339
3040262
3353252
2649875
3961605
461942
4867050
568540
802686
1660714
1378301
1528054
627780
694652
3198394
309502
3594756
3063503
1883700
239235
2341994
166840
716308
3789851
3708272
894751
3019067
4809836
237313
251076
1070069
2783597
887125
196766
4420306
2946660
4243826
725319
3062070
1292161
2622546
4798946
3297915
4138583
3887964
2919425
4304383
3551097
2804401
974367
4984727
1754398
2581175
4786663
1497221
4775233
4329055
4371016
2115068
83661
1858430
3208923
2248605
1750294
4323408
2136835
3513319
1492674
2670277
4479392
4554105
1270189
1135642
4527267
2151096
444557
3377233
4421276
604682
4207756
1722669
3570636
4674105
1504237
567010
659509
3509055
2075907
2008368
1528536
4223155
2003629
2220069
3239896
4884898
3973345
178164
1675900
1572484
2543425
4081740
1624576
4504054
2716169
1187309
1407155
1885392
2796253
1028913
3545722
743623
2038948
1035713
2685305
721864
3951721
1455570
1884732
4338808
2722784
647656
2440628
1424053
4343878
4438845
3298353
166849
1836292
2354145
1948111
1934998
1177110
2482931
3488418
2595750
1823249
1355697
2849020
4126501
151442
2882102
3681486
1428401
1632259
918090
1375958
1470030
1685109
4253706
4487169
4525745
858552
2381523
828134
1319417
1190017
1649890
1534931
3465281
2358695
2143086
3650771
3546923
3491000
1221868
2942406
3295336
4720011
416838
2785983
1897147
4891960
761617
1900539
2281391
619469
4188433
4192857
645884
32834
527053
2143660
2611190
89966
921768
2387584
3310286
3674992
3418453
524272
3937016
2958152
827138
1676788
4245212
3544830
1372242
609139
3614929
467974
2669747
238019
2694749
4796448
1529445
2993559
3256520
542211
1640286
3657946
2733257
3329008
1255440
872061
3372425
1723112
4172443
4745772
3917494
1682407
3342146
4757063
3415377
4228730
3730398
908847
680348
858074
645192
758197
1380442
3703191
843455
9563
4886831
1668170
2215897
2229368
2923988
979806
3963089
4307707
869588
417145
3778490
2349140
3952178
2578184
371269
542159
718258
3697180
1159158
2027592
4135709
3900585
1870246
2951426
3809922
2964070
4847165
79110
1162862
1555112
4093889
3053192
1105132
3078462
4287132
1906275
1109051
1429921
2118205
547106
1677036
3596184
126010
2385834
1637371
1814501
3777106
389080
1733851
4572568
2706013
3180167
267370
506841
4672885
555354
2255985
4311002
1264539
571694
4679290
4999866
1185291
3185682
807168
1585395
2014466
3988902
4108376
57017
3359271
4882238
3104953
2569055
4512527
2809871
775605
3189811
4239249
2332194
610437
2913399
1990709
3542382
1074977
1489385
3458354
1121591
4367539
3454086
3727759
4585187
2685554
193938
3660647
4347795
19806
4295556
3234681
3545541
2289984
2075297
950002
1372791
1367770
2609670
4185933
257248
2366180
4982746
2407239
3065986
3447895
4395518
3860221
3287729
4085665
947867
3185366
214474
295190
4331889
1981001
2488918
1188748
3787282
956591
2133374
446373
2447579
1490813
908731
2291183
2686348
4198537
3704385
497942
1475081
221944
846549
546641
1978230
177549
128659
3792582
967679
1496245
4401059
226474
1859257
3380862
1841435
1521664
2453848
339458
4297429
539362
4801965
1627233
3800380
545384
1398301
3976915
789706
827922
3835905
3018147
2957152
1922571
678479
1626024
2115711
4600504
4447576
1934451
4575583
434507
4033441
657678
1167389
445127
4350394
231164
678935
366476
3902179
3555732
4017223
2229503
1845788
4914959
30414
2965090
4989946
2974072
722984
725653
2426015
1645336
4863387
3720479
140743
2921108
4514482
1708504
4419148
1360983
3786402
4952915
2141021
3409742
2821103
3039788
4795108
2643600
4590937
4265007
2118815
1824188
331430
1992559
4625104
4448555
3103813
2631175
4459317
153317
1887165
3109079
899054
4013414
1548035
4508289
3504808
4811118
1479751
3989412
898754
3500848
885967
1099836
2220920
660074
1585387
382314
199090
1857787
2983303
4334654
3895258
4466410
3385449
164193
2899130
2124325
984273
1038253
3112021
3561217
2059352
40901
1955405
162664
2477912
1054068
2729060
1879955
2781877
3915790
2264360
921562
2268394
1061546
1461405
3011172
3426522
3129059
2801741
4679264
4094494
1844956
3951539
4781532
71319
3213284
1977421
1321009
4456389
3579769
207957
1471725
122287
1936715
3534036
4843091
2165021
3629751
1441334
4395163
590176
661944
2843989
3369560
1845569
639683
4510087
868902
1881288
4941186
466513
2024339
1646661
4326060
43048
198609
803836
1427573
4037937
3019588
872166
464518
709700
978524
1441472
4008412
4988426
4729995
294738
3527950
3363480
314310
2861462
2966832
1554611
2332022
394060
3109123
3266345
4852342
3337668
46879
4609734
2632338
2280961
3189629
3051256
1375833
4106519
398140
3979811
3939986
2807895
1557145
2621167
4309623
3220620
2328093
738312
3168889
4460840
758174
1244011
2450756
3110900
4762845
4293193
3847503
1290577
3961900
526744
1927176
1250604
3670877
959146
4446959
4574640
4591380
1746176
316246
2923226
2988603
1985957
2446125
36746
3636812
650162
3507129
2069948
3897840
2705548
4624233
695596
1033826
4555005
3854421
3048257
4847277
4743413
3525185
389358
2431730
1545651
626531
520485
3724429
1872212
4907064
2839049
55260
4180514
4284173
4794612
1760936
2594900
1777352
3288368
3886920
4947085
1348874
1594558
4567100
4904289
1910956
2793650
1038154
1805480
2218938
3426182
3669077
3735261
2345391
1144674
2227525
817353
3946766
1877032
4947436
1942922
3501967
715764
3133349
1687357
4634757
2306339
780101
406326
4445387
4730009
2742379
3020942
804965
3260197
1774602
2377947
1215930
3843708
1583341
763305
3324012
1147284
4375094
15365
1655974
145692
4388245
3270663
3997416
2806931
619919
1349880
390268
1139770
2436520
1871729
2647322
3858255
1430075
439846
4829112
4752070
937535
2059763
2534304
2042043
2833850
2759690
4971641
464239
1633299
4676497
49880
4400071
3058865
1138317
3542492
1834309
3811149
2912833
4370452
3359900
4269106
4650352
1111338
2235921
4072981
534572
384781
2547412
4444528
2567844
2370165
4407116
2718662
1198536
1018942
2012676
3108745
604451
2090823
4920034
4477879
826713
2697349
3955720
2388293
2481071
1854441
1768781
4169326
2047455
4569052
204103
1314665
1389736
1565974
612315
1416748
4841351
1581456
2324489
3858934
4452254
2970965
2089282
1349869
4939104
2659727
1889216
4984026
4483779
4154300
2059589
974233
3913310
3355914
1976442
168750
597713
3675465
1601615
1136165
818464
4703978
1134626
3866955
1865867
4726239
4277529
3117912
2116933
462120
543797
477923
4582343
3423762
3732075
3772626
692003
3931464
4004030
4294434
4103883
4581113
4927051
2317952
2295591
3103193
1986296
2855289
3881409
1845426
2804230
3975876
1859885
1730941
2507906
1089475
1105236
4999635
1528721
2276933
3865115
3997935
1906537
2975676
3498701
654920
168449
3106471
4473081
3380817
4719271
3776693
104341
953014
1148338
4839370
2393975
4624916
2800513
300258
106919
3869978
592100
4085422
2344085
3940497
3202475
2912895
4907263
1438013
4681340
272419
645594
2969023
1442539
3091545
2464726
3395211
1850706
3534616
1075128
884305
3558178
1882966
2288570
2888602
2765410
3968613
1577052
3198140
161310
2358557
3891911
2286094
490270
3913681
4201741
1304598
1466027
2084338
4154471
3891623
2446944
2264244
4722361
1490352
2733820
2504306
182241
4484443
4393287
2343462
4527459
4369655
2345022
4470186
1729556
796071
2302308
4428909
2427012
1618011
239474
3946794
4378395
11976
3762947
3678578
935198
1863589
860040
1065172
177330
2829943
346455
1700433
2131352
3749908
1568286
2201301
4361892
927515
2144399
2726779
3924241
1015867
1553923
4927850
3891402
440976
2502226
3976342
3307826
4260376
2965392
3040937
2743896
4719483
3252708
4841276
1034285
1554668
4077387
4016606
3725064
1496070
644901
4815073
3342750
223562
3655730
4747674
3500807
3120793
955880
3764860
3431412
3987922
1000428
4466373
3039011
1845449
2169312
3807980
4577504
4671509
3400882
1257739
2373480
2581608
4965083
3550535
2672850
901284
4205529
2055396
4639305
2976107
1966260
2490908
4071691
4109105
564530
1103130
1830679
1530847
1260655
1370173
3517892
2725205
3040836
365466
1464575
4140939
859456
4770718
90058
2464258
3573486
335252
4373621
2865651
1634750
3554819
4542856
4316319
3464216
257682
1316287
510859
1868719
588425
2807597
2671129
2540721
1879331
373823
4674460
3921850
2910349
1198517
1256216
85787
3282239
1398510
4157661
4751076
4805559
3079626
4414577
3410532
74650
2055481
4354596
106942
3180456
2606786
1360755
733004
3262944
1931666
3485597
1674985
1822745
973412
2617331
3974279
469760
2476945
4734272
2888609
674646
634305
4732860
3444852
2836963
1741940
224725
783613
2305781
543091
383665
2148071
128587
4938669
4656146
2694120
818724
4833907
485716
4489436
1950411
1780794
1852401
3616479
4673232
2792809
1976474
675605
4823131
2510011
2049018
1338921
3527487
4428538
4214183
4961389
4922546
3489391
2930050
4858970
3052172
4056739
4337886
4005697
2984473
1951015
1130738
839487
4851227
2811553
3531619
1291330
3357964
3867597
4744337
3999869
2184749
3964215
4170271
4682499
2001814
1077880
3125766
1209339
2733033
3677417
2556292
3402285
2274960
2027169
3716673
143919
4061821
1912981
3943367
4969284
1313765
4402630
3110053
4310301
1402799
924891
4739637
4205312
2168887
4701848
1919017
2886987
4709421
437118
1028033
3152337
2595000
3550006
4312594
1182402
4425860
3869291
4600917
3898863
543291
699733
124576
2144780
3081309
862369
4315235
1682344
349248
4617040
4417470
2387237
569649
4048171
1758494
3211438
4168294
3004108
2100836
2753073
1602582
4818764
4530708
4492199
3483552
3681276
4191200
3329576
2507920
3120567
2882329
394955
39031
4665743
295515
4314634
3731756
4537974
1483706
2279855
3248346
2829080
3286806
433160
4910017
1255873
765441
2756115
3674466
1166136
4234844
3179373
4709721
26994
2419328
3675236
813909
3293468
3410764
3701969
4371193
521555
772678
301421
4140073
1451342
1303318
4277930
1874940
2374551
2103337
1612450
3424511
3647807
3704037
3451524
1657748
2149277
3518670
989673
740237
970141
983333
4454739
2402272
3213067
4552562
4593174
121641
1048107
38574
479063
4374657
1454620
3981222
4568951
3054182
1787000
23208
1452356
3089574
2395331
1586473
1559706
4878108
3392657
4464460
1273616
2341613
4963514
255458
1739323
4568297
636971
1634082
2414047
1002801
92306
1309813
2415962
3440742
4866589
2683225
2260634
2166987
694373
2507145
1099412
2834664
2942531
1978416
3998571
3227617
3911851
2298209
1378639
4874204
2301147
1834041
3024654
2649424
2768128
537631
4217725
2182074
4373737
610929
3026278
4754968
3488094
4231652
2062667
848018
3898196
3801418
1188707
2946565
3004622
3872288
4642560
2274847
4947643
4639589
4511166
4491025
355340
3004601
1580807
2190641
711078
4410803
394925
911533
3977961
2223453
3778611
572049
1178283
4264370
863223
4376553
4053298
1228675
3008164
4782844
2633480
3827494
758686
581159
3977801
128833
3255142
3560944
187409
3170388
4426772
4465424
1813033
2787641
4603794
4089161
1590485
4942806
3363016
3315229
3006183
3767040
4117943
1480973
634356
1866632
2960570
2813501
3908315
3693978
1970707
2362222
4168346
1616371
1607069
4982110
3679497
925201
59540
2271588
3668945
4343848
1912552
3817628
851254
259426
4353222
779822
1800463
1684816
4344397
2495858
1907293
2409736
3441612
4767735
2991766
3523966
656710
3733198
434425
3444901
3961945
3164029
229321
408379
828122
718620
1283387
2271142
4725602
1698956
4805831
1064912
2302221
3076516
2068583
4194521
2718396
2000097
1871199
1082124
2407511
2702428
1260340
2592620
3112084
941657
4306168
1172691
1144313
3715084
2735440
2348570
1220152
2725584
1353622
2843358
2121504
3271573
3616981
806817
388015
997287
2158070
3469763
553718
2616791
3666370
4800102
6797
1039353
3562791
524335
3439465
4310329
344318
2000011
3450986
2424597
1103725
2034709
2742057
792364
1136805
4189626
2661285
553937
1686727
165539
4376401
2219699
4565331
1375537
1503189
3467186
4872967
1155978
731192
4803497
850279
826795
2101898
1868672
795284
973656
4514813
924972
1046148
2672581
2798676
2655445
751143
332261
4941185
1968860
151551
4776869
2494945
396788
2511488
2793954
1414346
4419281
3233477
523606
708657
3386858
2675308
1364002
3448320
4902684
2669129
2213461
3933132
1433427
2743704
2819253
4656594
4053902
946225
239488
963468
4682805
4341688
3301326
632831
4163909
4048616
1404465
244526
526883
3007206
427940
2118868
4740165
4013124
4137780
1912310
196543
3491374
2847590
794183
2079778
612944
3743161
3897685
1038280
2665558
1715274
1720392
3196704
678550
288297
2438667
88318
3156227
3672255
1483974
872510
2668007
3600282
1782240
4855709
3312728
2826652
3928821
1960233
3961667
4002294
4061373
812319
2770316
1141877
3588541
3842155
3954410
1378458
3875748
2007419
131108
3761710
3891301
1711798
1747214
2396166
1167973
1877826
2858944
4264514
3904792
2423983
4527110
1850676
1335259
1203404
4392710
2502406
2325217
859174
3922934
4444869
2452889
441206
3793828
3776647
4264059
3184081
798205
4853621
4361963
4037157
3367909
2015798
3709908
1815951
1332422
2991129
1234781
4977802
4402911
3786975
2415324
315187
2593820
1422100
985040
4254254
2864882
1299377
3799760
2724526
1921691
2329116
3652145
208578
4666903
2704322
2311406
3491819
1973391
4141519
2654851
2901797
1350993
1056104
625266
3581996
2548504
532394
4961037
4119558
1013243
1264098
3723935
1926464
937830
2567843
1725929
3037983
1275242
2190065
4931284
1864327
323944
2635154
1110565
299976
1893551
3463901
1276847
1081087
4009577
2738483
2026733
3077777
4435200
4836735
2943015
286586
930274
4472259
4046701
3074192
4554609
2998356
3938032
655268
1810366
648180
3110819
4058088
2171941
4894891
1869806
3595115
2236153
802787
4281459
1260429
1579721
2833467
3653130
2180461
3261525
2815859
354479
186303
4355545
4253989
1840570
1361310
7542
543973
4129830
2756427
2468681
1962068
3119776
4165447
3740052
389260
762561
1339637
2613714
1369316
340407
550604
2763708
882492
3425405
162419
4710444
2061779
669226
68080
1589666
772799
4207876
3480089
1299937
4392677
4832601
924405
1239946
1412767
738343
1280181
2450391
1698529
4590389
1291796
3087642
1921485
204347
3404588
4746763
1290677
2162260
4935
3367899
2220127
2525966
338081
2917931
2100259
956396
4697460
3792716
2306196
4843762
1466711
1729767
3243584
2174938
2077929
1895763
3781663
2594089
3737639
86825
514206
2372886
2493797
2671995
4397799
4277725
3349652
30111
1832214
1987539
1961147
1714306
3139975
890619
2892281
2953654
2418797
2830173
839864
944919
3149876
3835779
1921044
321303
620120
888687
1193852
2364122
769427
1984724
728298
1922669
2299693
3387029
4172692
267364
487268
4918166
632787
1750618
3282558
4570144
4778044
3057423
4782865
710573
1262518
1579055
4816829
4607717
3978209
4898953
2934893
2540349
578591
3053404
10326
2173717
4509007
4439678
8203
982096
4779866
4745699
3055321
4694075
266501
574349
3669249
1100727
3364397
3797910
397455
1825181
980385
802551
195143
852593
3659583
2709139
1516858
3134802
4669159
2673741
1275996
3881211
2561
2431468
4100712
676256
4006182
11379
1426007
2064008
1029699
3771002
379414
4027298
4876687
4601288
2737156
3612072
4340469
2657054
4852189
3573149
4164684
841211
4675362
2691146
2527567
2219018
281702
2809078
2506658
3662584
754067
2864799
3185851
4124982
4561740
683382
1536540
4510678
3071642
339196
906406
1656144
1962965
2607480
4254041
4428604
3944662
2277109
499134
2902963
1945851
2555379
2651934
2197355
3329283
1184732
3424187
857335
3521658
3223397
2850107
1710803
3734827
3686872
2420021
2434487
1704939
2070991
40733
825353
2146073
4558537
2413611
1862273
2408274
3225422
255871
4032306
3155685
3488735
2078389
2889610
1660333
1315584
3140632
4354726
1812912
988599
1113325
2702395
3853813
4950559
2058501
1034287
3714571
2782491
4499604
2344072
1217913
3942705
4088523
4304207
2495717
4314217
702428
2077465
2690796
2127913
3797170
1177804
1705992
2689112
1237306
3764966
994688
391278
4585945
1072122
4109123
3138364
4891160
1551038
875112
4173090
2783473
2906575
398017
136546
475007
1887776
4217022
1816375
3763976
3104805
4649729
4219238
2429749
1496307
2432322
2886123
4723839
3471520
3095614
1804437
4215587
2365091
2057695
912578
3581153
3728782
545145
2925205
951285
4687345
2327851
60857
3790105
80186
3445015
3039689
3812170
4307192
3513774
4826888
236082
1176239
4755571
1418126
1184758
165512
3326763
1973369
3335147
1272094
2975581
804400
3891428
2306229
200015
2774021
3104286
904105
3628669
1558645
574241
29108
2591761
78110
1296637
2021390
2735243
3263374
1799735
569774
4667572
2692632
2311014
587438
1983271
2552994
1813201
3790184
2403383
853509
3338266
716900
50718
4678948
4971332
2925466
228003
4853437
1919904
3063343
308878
12415
2672741
1432307
4921521
3595412
753963
211591
2485467
3310334
2488146
3056760
1344018
1561682
1612962
4561918
791424
11381
435196
572482
3388748
2947761
2838024
2316639
2659165
1577358
231556
647300
3980413
3916558
326073
929172
2293628
1490416
4779226
1626553
790064
3880506
3883758
3883439
525071
3367065
4216331
4742159
4209043
4830234
1200332
3878126
1651342
2270984
3574283
485389
829225
4858535
3367004
2322387
3472650
3048987
1747317
2575303
2674055
1009041
476434
3215839
507801
2323599
1232410
2308742
688500
1869423
1280143
1052801
4836930
1450669
4259166
978512
4592844
4281979
2821854
25026
2240232
1936925
1078777
1206409
1682593
3105549
2985854
1310597
1550263
362127
2038682
4205361
4274003
4327068
3184433
1327996
511022
4067306
1197948
1916522
2696962
1920135
1621801
870591
79987
2936049
4045221
3385058
3696138
559850
620450
3675359
4470782
4718351
1560691
2730344
3861832
2422378
1248125
4731812
3490239
331524
3428626
4597924
2573778
3020676
163717
2569704
543244
3648240
4913666
4977364
4831005
1283450
2049921
4265132
405343
4973672
2434675
3555220
2782980
3168082
614611
4807463
2307916
1201345
2465806
2601793
4875882
2866936
1500893
4782799
4452032
4286330
1278787
3268800
782404
1184840
4332858
2764003
1307936
1481186
4773725
3919611
4599304
4192592
4252112
484652
4403938
4540692
477510
2103583
163598
30113
2233056
2633878
3944238
375415
3475100
4972548
4024270
4864263
3510591
2726101
2600233
4535658
4809840
4826120
2121675
1179032
1607037
2971525
4473595
430907
4697060
3208232
2694864
3216995
1475048
3700960
582607
53211
4325098
826444
50110
720406
3611179
1771425
522333
374707
4142356
95318
1860330
3515537
440663
1870933
1028502
3124599
1946164
2420321
383692
3847323
303170
1629126
2054299
1225519
1924680
1004491
3338135
3823749
1127198
4929633
2726948
850213
2208165
2787509
3294455
4257715
2079902
602513
969178
810399
1314873
3052217
540734
3989932
1058734
4657699
3315908
3390548
3795427
4562527
4478846
3829487
3128763
3223430
2087702
2677967
1385661
1439490
711051
2562986
1378137
1071972
2392676
3377699
2960735
884003
2805404
1993243
2795555
973604
554085
2770998
1099288
2713301
1342811
1000137
645297
4865987
1497179
4537090
4493486
155750
1699983
2945216
629748
1212451
346607
950061
19513
4724247
2221067
2874963
1213088
533977
1741349
4151089
1606126
3836286
4399966
2908456
3389734
4852516
2825993
3478634
3628499
1348851
3823584
801564
4082727
3127232
4787495
1166555
3530475
3083598
4059144
2430609
3763550
931147
4173191
1460827
1573457
771675
4425709
4481085
2946890
4896128
3074785
2094426
4428446
4684154
3484194
2305259
4556963
4638935
2444621
731961
4674844
1056433
1686274
4543457
2405772
2015395
2890785
2758092
4799061
976912
1943740
4522603
1047938
1948238
4531351
4497145
645759
1497798
4533048
1063309
2895871
432018
1284384
4052104
4011384
4494544
3858676
1729447
3874843
3698160
3888671
2036158
278443
136003
1855685
1433093
368615
741494
3989724
3134518
4981067
2134869
1779128
1251960
3384788
4381952
237415
1602620
2697601
1693460
1056260
2555339
483774
1046961
4427145
2709734
3397027
2870379
1169954
135295
1039031
3765909
1226860
4960781
979093
2820608
2837727
1867041
318354
2923721
1238217
3332897
3589932
4247905
4282048
3374384
4224864
3071181
3890056
1198591
3897913
2481822
4971164
664417
1512931
4503692
1857365
1067702
3295959
283356
3288103
1582795
1491149
4157963
3266951
1445231
4837320
3327738
4383852
2147644
1574850
2244056
2234368
659372
4321964
3727055
2467414
2769167
2472551
49755
2390393
3312267
873828
3319261
2781917
4963727
920888
4942079
4838276
652224
641782
348629
1832058
1129855
66108
2329911
381036
1091599
3557677
3134137
4874713
766468
3155481
1181949
3497919
3930144
672678
2001588
1273307
2063123
3262751
2884720
794960
2424584
3620317
3133273
3914886
1870128
117919
4325046
4820938
2314367
4922791
4943532
367840
4795886
361369
2694764
1958442
258820
2897190
1532020
1168064
686700
1096293
3684978
2350255
377287
926285
4972183
1986528
4670469
4278602
2861350
3414889
1626324
3271054
3905316
2145219
4244726
740876
1404343
1228805
120314
911265
3959056
4038426
1575114
4876264
1861627
3521419
142234
4625391
2075498
3176430
3223354
3154231
1189658
1676509
36271
3557991
287964
1269753
1539749
1248852
2201396
3346473
4074462
319456
1304881
3182730
4008128
2227732
4694510
3825419
1466554
3030292
1007940
1393466
3770944
1687897
1719851
4364111
1849032
2202605
4651509
304970
2067724
627490
880017
1502122
1449100
1214394
3090460
350333
1247446
4061841
4501869
1136174
588237
4660598
3746243
807525
616717
149864
2799886
3515151
826470
2084488
4558606
2402419
4166126
2486330
3260520
3043914
4907149
4539450
1462165
3081965
3736043
4680189
576807
4563619
1272339
1869639
3550759
1847067
2410249
735616
2088687
352357
2082635
3562274
4616569
2427558
51860
4535465
2054873
3982445
2813534
2227597
890824
2157701
3282639
4671202
1456632
1503464
2892227
1943100
2319432
1543623
2398494
268840
1864147
2446215
2637790
1636687
4708770
3068180
3157000
3913805
2107359
2843751
2798608
4684491
4519167
4333443
1265935
4892557
2453586
4317154
3078827
2029598
1641233
2603506
4678521
276700
3282437
136796
3529044
3534711
1835556
571801
1331928
3046654
4862261
1406740
3018741
2249931
3165539
2327976
917380
2591953
4520602
1602510
4867528
3223889
4522661
2211994
3459401
1787240
3587877
4003267
3049768
2947061
3457571
71310
4135595
4592235
3514054
3454584
2569185
2280437
1532682
4795287
3258443
2292570
1381603
2568600
2012490
75478
4146876
2892998
2893317
3816822
3427033
2847535
124331
3769325
4171554
1971100
1262587
627655
723174
4954401
2219248
4192091
2053756
2080630
3457588
3242287
4659169
921250
1740410
4770012
2749231
1061468
4677785
505803
870299
1063115
2744274
1041571
4352597
4796293
3644245
1701216
3778137
2631074
2808502
2159117
4268921
2439014
2690132
4167879
4531881
4532998
993000
3157848
3902563
3858222
3070351
4565832
1770664
4804472
1227635
704823
3544505
103597
2182558
1692487
2753994
4221278
712310
3782218
3518931
3363787
1744003
4388081
4959280
3818730
4817782
4026568
3289500
4238094
4208114
1673823
901264
2549436
3939705
156229
3912976
1146803
4852412
2952416
4778518
3601859
2399671
1912408
2516390
4069048
4490938
2667315
4403979
48341
4245843
314882
1344977
4883501
1782245
1528496
3620534
3062315
3011569
1439301
2517804
4929736
1871765
2148331
966888
4125343
3740881
4581982
810510
2617437
2901848
1294975
1692080
546383
4898072
4015397
3430884
4376642
1329135
2972522
1942522
3483345
3336847
2279569
4226934
3633900
4161442
799674
2671766
2746972
1558445
2435994
2618158
2482410
457222
861453
3614540
1893202
2315272
1690471
2507184
1448725
12169
1545991
666530
1327079
152334
3592502
4632960
4698645
498073
2949082
3961169
1041218
705576
3750031
667708
50448
1656302
1870073
3601205
3455730
4311211
638221
2866259
4490508
1040646
4377990
109716
3966255
2660199
4354356
1695582
89964
3586023
2169292
2494877
2006747
3507464
4931042
3993257
2517136
1851695
331830
4151880
4406872
1480706
1071575
3684604
2738779
1173493
4645815
3252119
4250814
4902262
296409
4177078
4947240
246347
1132324
180526
869014
4507231
1034431
4334485
1698292
3675821
2672133
4766228
2345254
4675274
3765601
4588778
3448514
1072189
3131911
4807856
1152409
4031491
2643996
3735021
4251320
1869746
4938881
4161504
3500241
1531574
185820
1057171
2814975
1141768
4672709
4812462
3769656
3392426
3189706
4036243
662102
957799
1408209
2941630
3595788
4232248
123141
1517988
2011298
1019647
3596553
2852865
1864753
2033482
1633246
3381729
972252
4827632
3309480
3108021
122442
1689799
1926012
957413
272263
694709
2502255
4590537
3322168
4217153
2884256
3595928
3259707
4572427
3359079
2418929
4282698
4210900
356551
798651
1834110
889102
4109022
3471524
238613
4603663
3076373
1005771
1163722
141219
987154
2964520
1529021
3509877
4039476
2736775
4025604
3734509
1846491
4102842
799604
2422180
1779438
3386341
2392042
1616632
139815
877423
3660474
3431562
4038099
139231
375844
833324
1978423
4884809
2979280
139527
1811826
591751
2349525
3445269
2149813
1266565
3873882
1030582
2613780
4716137
2255707
818442
4340269
3524113
3622701
1500890
4923860
221573
1982202
3020444
4504095
1069495
3756209
983836
79468
4978533
1562220
3382913
1260666
45377
1058730
1326759
4859603
3687847
200470
1976201
131333
3287192
2657029
2208719
2821065
3640423
2310206
976010
1365410
875875
4942997
433182
509574
4541061
2302061
4600357
2582494
3557535
2989928
1043189
3111035
4316453
4288115
760540
4068846
2789665
38218
2617671
25988
980946
2643863
845007
1637118
3704401
1854140
3568382
2265783
4917403
2864115
3492850
849021
911972
2092445
2570667
3111961
4797164
4315536
846349
1515459
622037
4300124
3094970
1812155
3816987
233718
4665112
137775
4628909
245633
1814326
2110524
2402392
2767294
1663260
5187
3609288
4188965
3530990
4066462
1081390
1942843
1140254
4313603
1900063
3614055
1440808
3802397
2167352
2027100
599043
2083160
2983541
3585820
3902839
64925
1098036
3831524
732390
1500651
2077845
979985
2639116
1167011
1737874
1472129
608378
4720449
628988
2947144
544052
2609196
1127459
3838197
2488759
3586427
4881786
3519075
3819212
2725215
2632402
1451080
1212469
3361876
1217279
2416125
1645019
2069208
4232874
2722927
4780745
862241
3216147
2091920
747917
4161899
1828112
4005500
3928008
4167912
2096383
4377509
4580311
61982
3783590
2031113
294423
1144737
3642840
4407394
2887415
2428329
4812271
150242
4104330
3275103
2568169
3339030
1467755
1163375
667559
515846
1325874
2937217
4528394
270133
3293199
3284201
1848405
3147170
3611768
4124842
1117474
3842224
455650
1083204
4348138
889462
2609992
3440638
1557656
3690079
2739092
1929528
733738
2721309
4997939
4082343
1304658
4630309
339507
1206455
3656064
2891092
2648157
470679
321075
1853763
897089
4530126
3126940
1616579
3989117
1771987
821244
1623438
2603779
4359859
819785
2931080
567017
2260941
4046696
627752
1775878
456164
986757
2750078
3352349
2049682
363698
3541870
2355104
562635
4739045
2169074
4903354
600626
4571276
2501625
2256564
1070781
1915908
1974775
4144748
3977623
2186812
4945039
4305862
3092120
537029
751338
246629
4910629
4374750
4075373
68578
2438768
4023095
1125966
3129619
3090331
2050553
4562834
387951
2603825
2987678
2953308
2984499
1843637
3848283
372145
1113642
8215
4612492
1619061
4194673
926483
2199353
3504991
4578595
4857713
2701897
2733514
75499
4519823
2651503
3636422
4097664
1409098
518617
550024
1456843
4382483
54718
1782534
4309484
418160
3685945
1971252
3221958
4198759
3661146
4677204
4863189
2598872
1288882
4830285
2496838
4477073
3947767
1919957
3500770
2096745
4105625
4959852
3358606
2741786
2294287
3888377
3159658
721869
4864240
1306417
2462879
1014759
1796790
3220563
2719485
4678812
774956
2741233
689553
2638743
2868858
4624825
4010064
2397782
2367616
2437868
1623608
927563
1220073
628590
2231071
3612536
1676848
3056877
3150325
4173437
3296569
120898
4605208
1942565
4129167
3349028
3782552
1716846
2322761
3070454
4791403
2655301
3411468
4151994
3245076
949194
3962485
4872238
1079134
1858163
3572497
4760512
4591770
4090440
4938952
171420
2595105
3846081
4963059
1852456
1858504
3416322
3456578
3126293
3914442
2538309
1849435
4150355
1273760
1548563
3638559
1858351
1739110
3945872
4990841
1001645
1676080
2602754
2806103
1408680
2707250
2970502
626684
1756743
1080091
4650187
3603951
1019566
1220769
3416340
3560612
4715391
4983043
942475
924869
1326533
2469237
4050336
3500062
2352057
3523226
314968
1445236
4413600
3533857
4253275
2500621
2423071
4264831
1273611
131341
2558801
4472185
1723331
1876923
2986858
2889206
2104358
1165095
1638078
4429155
2461800
2277839
2403130
3975698
3403277
2316784
2506878
3649468
1229493
767080
4189916
3917445
4555278
2870894
2353684
2426984
3765991
2844044
2316446
690057
4790857
4860794
2523998
1910756
1289282
1691317
2297027
2523290
3940591
4975573
4383758
3553303
4951007
1041778
123160
1904954
3184156
60701
208506
883963
2591746
24234
1894703
4181255
3341327
3760095
1760244
4262466
2441698
2078500
3581541
411994
4052957
393924
704961
4757519
4605042
837172
3883275
2029954
1711802
2815695
4865764
1273864
1688868
636306
3561826
4889482
3316063
1622600
2937235
3732857
1218148
2112588
43399
4160043
4946859
166248
528290
2734910
1786533
2766208
4888672
2908116
4687862
3295940
1390408
1972117
1185540
380369
1601990
3903926
1631150
2518226
4593931
4934179
3599778
1474935
710899
4704911
10778
3208043
1594627
4833360
3522336
3889184
3541718
2632046
1406660
53758
482456
1703343
1666226
4909047
3147393
1518048
1275228
3254310
3866911
1821929
4674219
4118841
3265892
2871812
3499312
215746
2778214
130694
910395
4660200
3899616
4690508
2337467
1357501
3404283
1422955
1688603
3660418
2756931
2877486
4901093
4311957
2245382
2107972
3180376
4878151
237992
675293
1484070
1786227
2375264
1354015
2062420
3686509
4104905
566936
3024303
2529567
274709
865855
679121
3865609
3455291
2610555
1994867
2645859
1279718
4910199
4649750
3390234
1923023
1256634
9246
4569024
3446945
332251
3896219
262541
4339871
2676217
3184024
3212116
1904121
707019
1277458
1223120
3094695
3245040
1920365
3852563
1595535
3656769
3899507
1342813
1773696
8895
1532613
3898102
4611871
3289108
1790007
3627163
3214247
899216
3655553
1412971
3025221
88807
3282076
2979641
1258431
210898
3930853
4705962
2970737
2677685
4296536
1649483
827874
1196034
2195010
1018740
4993786
4444982
1497942
877093
820605
691613
1197803
2455418
528993
2382275
3430296
209923
3049890
174806
1903161
3768870
1805145
4357565
3797272
3452791
4442900
1710142
1505273
787991
2597272
1422745
1308592
2493568
860579
644614
1420675
4153416
3879977
2669338
4013632
4100861
2589783
3017143
4986283
1709385
4667307
3718556
4501523
2012995
4932163
4678384
4115792
3510599
3490991
2400719
1594070
2153592
3309708
3170234
2508410
3951339
670715
79772
446303
3237558
4809875
3558136
1664587
3502548
4728719
3689531
184381
97517
3602918
505787
4347947
3519034
2492708
2676784
1520845
1959984
74148
126082
3128417
918690
2312274
4707468
2885358
1001016
3629356
3363003
2710384
1380067
686423
3233117
159117
2358602
1830893
1084528
4841629
3300871
1020832
2398207
1099159
4578473
970181
3001886
3798128
1738018
4621357
544768
1825223
2217263
3840802
3422049
3317515
2461405
4075589
2807438
3336599
3667780
2748066
1752380
2012730
4573958
3178593
2599196
1574688
4988881
4423910
21551
4360608
2385817
1340275
4414191
3666527
1327001
4389500
2985710
4768525
2089445
3636892
1981789
3847515
1946502
143411
782561
3106073
1457079
2843385
2072891
1012483
7354
3376514
1428426
633483
2141628
3990498
2902246
2016697
2318811
4443436
2205827
1145703
3118088
3660018
4212050
4328634
958138
3959005
584496
3532939
4899034
3738929
2187535
3772083
1742324
3050630
3870362
4872672
2863118
956819
2021311
730685
1485504
2368562
756487
3547908
4000314
3485524
749083
4142198
3247758
3628309
884814
1203538
650379
647087
2816562
4778215
2185049
679103
1029822
1772353
561528
383507
2646290
3551412
1697267
2521486
827240
1121057
4298449
762668
1680694
564587
2669087
1829255
4267553
1456563
2480775
3586736
3475051
2555257
4773733
676201
3453139
118635
1878021
3793494
499304
2210160
1051519
3471418
4731566
706832
3547959
4128607
4684850
2113609
4237833
2535157
2366115
2970826
1457902
782500
4599165
955519
2170020
2038441
518381
736413
797813
1190812
3631968
655927
3287012
1014770
2011307
2382145
1884509
920210
4195478
1903325
3050195
3261825
2570135
4262925
3800110
4348492
1898101
4309282
3555999
1535704
3892274
1974555
4848062
2680181
3897769
1967441
263124
51309
4326488
4156110
217167
707453
3924472
3264027
2865093
413631
2058726
3341627
1737269
2544377
1667012
3883999
3304854
174090
3355712
966904
3178787
1621951
1753835
1141085
4356718
3343324
1816232
4297753
2357668
1917933
3983087
3755292
4622421
1974767
1633317
3532049
96389
3660796
3750668
135184
1645698
475290
1350030
3167906
4106530
1024817
3796619
4714773
724360
1709889
2107177
4503547
3041774
3994944
1739523
2127896
3318564
1782960
1073514
1953709
2599978
2068626
967005
3209559
2865936
1917482
1818226
2143624
2831938
4227061
4833759
4467276
364519
799731
1378789
1656803
2581305
4932468
1368714
2271224
3121584
4404581
4151110
4528914
555921
4790052
2479048
4039471
4122950
3421756
3221720
2031965
1120508
2625953
256932
3118458
1383947
816337
4067957
3101074
2565879
2523790
1440540
1199463
754595
2637657
4020873
1165729
4608171
3125244
991770
3784229
728924
1794329
4426835
2169324
3838748
1782409
2836271
920044
4093127
2030705
454570
4701298
321582
1073725
2764634
70170
35323
1164768
4624854
4138862
2646892
2023669
470650
3763912
1674153
1082383
2355340
1485422
4692201
3881091
3923415
908378
3190599
4628339
2849977
1057438
2575708
3012280
2198137
3352612
1425633
1495843
1945062
3122269
2065827
1089097
1889985
126646
1205686
4743106
670156
4050147
1132026
2740868
2764477
2018229
4453708
4132760
500935
4255935
1286194
4790399
2252647
313828
3072017
4847138
2771523
3087062
1109941
460376
2362445
3937910
4664981
1178081
650795
3470981
2173843
3957828
3837331
963023
4966302
2735448
3623400
4639750
2981279
914852
2164790
4116148
152230
2168897
4878667
2585650
3065681
859510
2174736
3980774
4031817
1020553
1438034
2787004
2198539
98650
1408458
4565100
4614765
645243
1341270
3242454
2714211
3183026
2655388
2889666
3531042
178084
1570784
2233197
40301
581525
3071031
3782747
191501
1677546
3505705
1803818
905640
4680295
3859986
4078493
2180665
4138287
263109
4653060
2742833
4257835
4209765
533134
3941417
3988498
4302578
4214347
1080557
4240718
1111037
648883
3673930
3812198
2766181
2068476
954796
4692921
2453873
374011
1676706
1575408
162029
4069299
542007
1449649
4758723
1311848
1796372
3402477
2271100
4321956
3996092
3421655
4369210
4854409
521288
1208192
799447
3978454
88875
4503954
2710662
2732464
2716734
3182232
2603380
2375913
1155068
3377736
4815584
4476374
171884
2033414
4171429
4436887
829578
2927119
1477854
374946
1313853
289146
4072326
4862343
3603316
783107
2152377
3201467
4464830
509149
163327
3051776
4264500
769707
196267
4798811
3815076
4979333
1135259
4354149
510160
2442187
817521
4927116
2988152
4660868
1290609
2929140
3084679
3606398
1974065
3150647
1724568
2106847
1147725
4771550
1201576
2764380
2083110
818185
2628993
1485010
1523602
4917212
1922082
3666621
1744281
2014684
943258
4205141
3182746
4193345
4926550
904516
2787289
373381
4454827
554020
2212145
1190975
1987355
548621
4667916
4070521
2415909
4803226
2522980
2313140
4498520
4161422
4828991
3679002
3940782
1456337
1604914
1111426
4820416
4465682
4385607
1968369
3992704
3737935
2429170
982439
3893698
1918246
4107990
2274685
1385660
3565181
16991
2178362
501690
657098
1178885
2600598
2197591
258023
4612603
4474891
1641719
2385471
4389718
1462279
2816721
4448309
3494608
2091502
4147155
2174721
1713628
1979777
1449250
4124871
1113050
2168564
4355808
1563892
506184
35974
4651685
4998979
2804863
3088209
1189471
83418
1159393
313461
2336087
1758985
2808608
40443
3922837
571645
4869633
2586547
347500
1923171
3176992
1336436
1202849
345595
3198614
2003691
4983787
3578588
4375412
2935059
3943491
3310804
1067835
3396718
2081117
15073
2111234
1632199
4827286
2928893
793481
4624656
3743111
2435614
4032612
3211615
4382890
3959556
2413202
556729
1756783
69318
3447799
200213
2080768
4644246
1595353
722064
2003556
1716488
1065789
2720610
836138
4414026
1182627
2759951
3417621
576824
727082
3230401
1078200
4278086
879208
1024519
1079462
493330
3326706
3290096
199936
4549873
1725137
3424243
354285
3852163
2309228
4956065
4373866
4559351
220171
2616528
2009054
3200911
4179872
2801939
604145
2698615
4582758
2597189
2824596
2376228
1102103
3695210
2470946
702877
4875226
1018613
4363867
1913354
2062039
387121
3160159
2740157
4514634
4903769
148954
1104307
3899974
1929442
2462898
4536830
3456115
3324002
1334749
331428
406760
3684171
4451396
3523485
3820591
4816718
4109304
1600032
426383
1055149
2843800
316567
4335682
2860937
101468
3627254
4492912
1294710
624830
642825
4382227
3637685
2814687
3743728
277844
2334718
4502835
2800743
4943098
3934616
389640
2365808
1277079
1999099
3666043
3426146
2330786
4257458
1081254
3432370
2625946
1690131
2851373
1867945
4138363
4031975
4813676
1523514
4220882
2834600
1580145
3150237
3600764
2605659
3057715
2101114
430157
3117038
1561116
1454883
1334304
1573118
1943758
4443553
371186
496258
3721457
903675
1570089
2464749
1440498
370613
221151
4365179
3976379
3208171
2755524
4563377
4086813
2731239
4702923
3602147
4750603
3637980
2110944
2281806
1966070
994291
4990576
430619
4397991
1460398
357827
3727939
675235
2952219
3990054
4454194
563377
1533993
4839909
3103673
4122209
1911879
3724098
1043795
295699
1060106
3710513
3101693
1044084
691594
4775711
974172
4026425
1830950
3957353
1285617
1767351
1496783
3761498
4185633
1408878
976113
1590902
2450921
1295770
1046876
947694
532473
4772565
2964154
173281
1867462
4674684
3710857
4063944
2667457
3500643
3411065
1302530
836871
4779986
1669145
1521932
4193302
2061249
4665717
3624363
302525
3838337
1603076
2087143
3889922
1831569
1082089
3858065
3701862
4841686
2963993
4904297
743138
3898259
3060840
1708873
3889335
2692472
2956605
3041012
56368
3925507
251682
1337021
4357154
1506613
2475521
456174
4672428
1795304
1574663
3121662
2094172
1523692
1725734
3161911
3726602
1267693
392915
1585254
476854
2400945
488067
1068707
1265014
3644276
1877671
1567569
3105135
4687553
1616331
4035771
4937129
3144176
383160
2129769
833648
414337
3821262
1678328
1404076
2108222
1323473
462762
3105684
4975218
3321186
866054
350267
512779
3822358
2173382
4327130
1492018
4177397
265319
1071228
1726525
2225563
1601078
2310314
3879070
3309521
4848438
913111
4243942
1931990
1907015
2040213
2898395
1925534
1195642
4359654
1193236
4974244
4944383
3305340
1078773
4247230
596608
1061704
4835810
14230
4748080
224090
3276717
747256
4204130
1734883
393353
1070842
4415280
1149469
2273310
2061971
4069280
286102
4894976
1224372
2894047
4768717
3865489
4970470
1715307
4752925
4859485
2969536
675279
1329822
341278
2222806
1218124
1854378
4932627
1300863
3184303
3762660
201715
3607460
2734927
2439150
3322120
3310715
2451399
103481
3591826
2535768
4292427
2100509
1155632
1657010
4003362
252754
1223327
4075418
1818223
2730080
4058909
2554269
1120847
4892192
4990526
1033850
2409726
4603936
2584367
3288071
2152940
813465
4021559
2989616
4389435
2510078
2987412
4640277
1048632
3696681
3248160
2220169
105977
2848187
476967
3745495
4603262
2242696
4512928
4789382
4914998
3680946
1133467
4313614
2451261
758794
3134096
162343
38994
495631
1885378
695447
2309566
28215
4242299
4240550
4016970
1107205
4911370
218837
3776227
2696355
1032946
3899294
1969491
1661361
1315475
4772596
2653816
231599
4808252
2560594
3255274
1321153
1900957
2196297
324045
2973069
1899976
2932798
2722453
1225607
4004600
313705
3221164
4124576
3392710
2162829
3362181
2806025
479812
127718
4041745
484440
1080942
1345774
4016974
2344856
3722192
2280300
1511239
285894
3251198
3538308
3772235
1239409
2835600
2223544
3602199
4078448
3736350
2592376
3983039
2707705
4783988
1985529
4773602
1585040
4369802
4420608
3828188
2644461
3228877
1160843
267949
4677037
281828
1498932
2326475
1128128
2740151
1345083
1387530
2187753
4425879
1418847
1292455
3712441
842976
1828254
764409
4715324
4516798
2360199
4152145
3078310
4316534
1445227
4859589
2359785
4376081
4744758
193610
1562518
1298927
19050
4213510
403216
3160927
4839752
1738417
4082774
1101787
4559658
4376400
3718694
1239351
4858838
157082
2645916
807467
2079248
2349692
3560252
4229072
2739575
1687552
635657
2184284
654913
3344646
4256086
2847866
3148746
408967
4331167
702242
3675500
50564
2617612
3307732
33854
4445830
2033126
4097134
383575
2404927
1618494
364317
3380757
3860046
2456211
1702717
2536604
1589997
4296091
4341842
4707303
45992
614965
1084959
3544955
2126544
2810313
921930
4916812
2595667
4031409
20316
3660546
4730054
4270284
3694436
1066166
2287524
3049270
2952083
4912411
2997475
3209008
4752657
2792007
397370
924639
4180196
1942994
903857
3174417
239736
1964757
3103244
2373454
1408941
953104
1151247
1983400
241259
4087603
4742174
4980228
3394987
999007
3019203
3095571
4108051
2391166
3292776
543538
294880
3206879
2668489
1575254
2392577
3061778
2031336
4169808
2149318
3866871
1755747
3119690
4887207
519053
562177
4233207
3217628
1460111
3321759
2315531
2785399
3485258
2440757
3743220
1689017
2813611
4986457
3878520
3694885
696259
2371842
1473521
3934344
1781520
1835527
4144702
2905143
2527046
3640073
4869723
3811095
3363321
4711455
4095809
2460989
3762379
2308866
4909302
4907045
22935
978674
425070
2792873
1692737
4786136
2832426
3636959
2576314
1167031
4921903
4487078
345237
3483986
435938
3700217
822524
3506273
4499347
3622584
1237152
1078907
2661322
3410589
3655566
4521160
4552512
3202816
2052711
3523292
1060913
2509461
3149744
3109727
1660622
2509983
2933792
1016632
2698986
4942298
3499963
1071557
3277944
2942013
4437033
4197115
2735126
1538447
2192199
4195577
700493
384896
1278551
767130
4825282
2917385
2564021
1131873
3451551
1612225
4433221
4124183
4457995
1621764
1716519
1238869
4733502
4768128
2437358
4123118
743179
2147503
3793182
1905715
4231622
2601701
3848028
869033
4366734
4380906
4605380
2545625
1533963
3476452
3809832
2401653
1924661
1281060
783641
2739456
5000
4727623
195229
3984208
1457500
1598402
2893447
3892109
4432574
4239229
4249346
3343431
2670123
1373031
3131032
1151197
4200399
4184418
3292511
4614065
4387212
452362
714237
2434045
4389535
3170477
1124519
2497044
4646415
4454178
792605
3756970
1958505
3562887
26137
1013489
368601
3228708
3433537
2190449
3460856
2808296
1104479
1223576
3153353
1332481
556826
2742002
4405226
247497
2245235
431786
3837609
1242563
4643685
4955035
2999318
582933
1844048
1045605
4220808
4159942
1131512
2695318
93543
1904546
1821887
690426
3296872
2114933
3747049
2578901
3991858
2414565
2898127
4938059
2160046
4650417
4850167
609695
112586
3724297
3116579
968390
4200359
470567
3019062
1682355
2116337
1616715
1496887
4846744
3565117
1902206
1452539
3280046
1584272
119425
2512905
4647891
3728363
72009
2835394
1957344
2270777
2345346
753606
3629460
3012864
2591279
4128041
4933283
1078570
3089697
2594931
1874568
3641130
3643848
3864610
3921202
4267221
1132735
2601746
358742
3593246
2233591
1046097
1508154
2325541
4138109
1121176
2380863
2556103
3736150
4252296
4198076
1885657
2993691
1025342
2162627
1726951
2467601
4710105
3155586
3022252
2306683
2248510
2816182
1622847
1468586
631112
3849426
1622850
3882399
746273
1653961
353306
3961425
1652306
2892910
3676600
3098422
1526673
2537875
1052029
891746
3333953
942184
764914
4082974
4250295
1100314
386424
3811347
2646818
4906811
4722297
3641320
2658435
3906463
1414024
2148502
675006
1861221
1781656
1444588
4842729
2622457
1765594
1478289
4246804
2028825
3908719
75932
4946929
2720087
3389887
2303164
3607667
1556780
4296081
529486
3485173
2214222
3842549
4493509
3383821
4225175
4477287
3927075
3803344
4728600
4787548
408669
4139573
785594
1736748
2163686
2852808
4348607
2212270
78742
2942288
212973
690553
4269118
4108991
3414589
658487
4911338
2324025
2712409
3804129
462545
3143987
227885
2853763
4403156
4303378
3064655
647737
1701699
1428232
2472726
2954100
2835113
3865346
4211788
3445458
1356695
112708
3296466
4696305
2167174
4979424
3359764
1937371
4275055
3429864
2914604
383106
3590374
4936835
4046552
1230631
2222748
950525
384690
1509120
4007906
3958952
4610783
3193544
25368
4301758
370032
853739
4443695
3863359
4893214
4540985
133379
4062361
4905195
1783182
390640
4328301
735504
1786829
2071383
809577
1059854
1744538
4604754
2491436
2022702
3049595
10654
428161
3027326
1252406
4070573
4250019
317165
4536629
697947
1548224
513414
3870543
1526593
2034793
2770332
1676463
1228080
2132307
4835967
439548
2704645
1074841
4493697
2247607
4007135
1711147
1569886
3950207
1507726
128308
1931478
3593027
1143736
1518076
2908049
3711634
590151
780846
2712276
4691883
3910024
2090548
2847610
2811258
2593289
481243
1714350
505475
1818966
503220
2278550
2896782
1245840
3514979
4395917
1343727
1293568
2886908
1998117
139218
2486063
1861320
2987625
65553
639913
2181377
2792095
1284221
3830427
1232520
822006
1065155
491871
4439836
4456058
644485
894176
1461579
4712454
3195345
1503432
4479953
4968810
3641831
4425648
1157296
2593305
4872614
1225674
4673500
3291416
1678769
1713100
4963557
4458108
2166905
4950503
3979401
3525070
1780708
3784903
4871124
2428803
3190254
2775164
3591164
4334426
1693746
1035322
201721
4746456
3364978
2889171
2363061
1283887
3110057
286561
1695324
28886
435800
1238420
1848835
3340389
2247735
3420427
3459309
2713200
2419308
4568781
4925875
295737
1705673
2246917
2830949
331429
591412
4291726
3776569
2090630
3822923
1973413
3004254
1537729
3958890
1355290
205070
323275
1027267
337435
3011942
4396774
615799
4411082
217782
1490634
1509124
2138050
46889
230564
1529983
3942946
1096916
4770573
184503
883504
4443083
2379151
3538445
607696
3500307
401698
1525163
3474752
3383298
1627583
4532915
3905963
3178495
3466540
3592955
40151
4328066
917176
522715
1169094
2224621
3606091
263252
3632664
1391159
72405
3931402
3435168
4415237
1710177
2713829
4999072
1928079
3961337
4767347
4302024
3545146
1612868
617964
1876877
2190934
1604629
1182358
2108262
4993814
1800381
3249419
4086771
4156525
4258760
4270078
4225217
688847
4450006
1828607
3425950
2019287
2829264
4241468
3674617
2390389
3713844
4271897
4843030
2442421
2519914
4319753
4582990
3087420
1698538
4915741
697935
4476238
3061151
3626246
1639718
4761542
2650622
4275205
3269425
1346676
1123556
227608
3283571
4042808
2532672
2423761
3400479
4436126
3525208
2236297
1924220
3396321
1109127
2683778
1271887
3401693
2366894
979916
4728161
2295229
2632240
67073
4830888
4196163
989291
1269451
3603810
4574402
3103153
587279
4233021
2258396
4470518
1471922
3561944
2326874
1635197
3021542
4944961
2348696
215450
614497
3312229
1401778
14895
2124521
1744930
1594412
949691
4667246
2509555
2732786
4132733
3944355
617486
2982959
40544
3800200
3026042
3764337
3633035
1723091
4314068
2173045
456971
1540076
4124655
4043034
3196974
3725210
3573013
1346707
2300573
4295412
3066141
1671563
3619001
145676
1861653
3243068
232502
4350304
2038801
3170394
4879953
3244305
4849825
3955033
2483659
2628292
3801726
3800423
3772224
1677956
4964199
921593
2270102
2394969
2913684
3551861
4892288
1101063
1410126
1197953
3750346
3115565
1170094
4710047
2658191
4635135
1212225
3688205
2271423
526338
2198231
4033319
1907201
4291990
4984856
1775417
805052
3770168
730782
1163157
1206117
1009395
4974129
21698
3541093
766086
9916
973522
4440334
813631
3963671
1480451
4310293
1686067
3013264
4086576
3854726
529510
4651142
4128345
2603233
2646806
642494
1676048
2815686
1016805
1282953
2203542
3046604
896940
4504970
2870435
930842
345863
351265
2231657
22047
4995056
410901
777252
2819085
2490514
712761
2762114
2699763
1647454
322085
4781272
2920010
4123443
2402498
3434520
251189
405258
4065004
924326
3980163
3169967
4782207
1484527
3909203
2789263
388666
1350545
696371
278378
1374680
962492
2015173
1243353
537496
2695338
2578733
4262711
4484745
4565151
590560
1624161
1388406
1582677
2163703
2813282
1691859
213016
4848223
3960922
3582706
1318538
501943
4132503
3169964
2303932
3786747
932111
4159030
3408328
352979
7281
1012071
1842608
973175
458737
2027438
1173773
4120907
210723
421925
4273562
842138
1510020
4178329
2697000
362434
4246286
1481517
3914106
3043354
4202135
492522
2662635
1141229
3419171
4438648
3524544
2581487
3785849
1921067
4403218
4559392
1347836
2322536
3623280
4585569
171637
4317149
4527374
1905849
1900673
715700
4267091
2386954
1253762
237694
1721170
1790965
2381284
3026951
4533039
1890987
2361298
4745513
3876899
1736793
2425943
2923518
3798070
2281474
4737972
4763438
2942236
3686791
3147787
3677236
4369781
4239157
1554769
1882628
1639305
213584
3213102
1990098
841532
247618
810714
3425233
2378492
1880198
556578
584871
3020921
1772234
3552245
2565143
1760505
574337
3274867
4944438
2305691
600431
4292090
2795980
2572399
3172419
842492
4366247
2994250
386354
3386007
3198985
1922186
4485725
797742
4730018
2260328
4748839
2504051
2135853
4648595
3365798
4179350
656986
582720
1313824
757336
4709349
4108052
2145836
1911742
2750498
329968
2727569
2503732
921455
4892481
4388363
1211866
1951591
3486525
3312362
348505
2417383
3990324
4882071
1733234
1333398
4660803
4977358
3343442
2319668
2995466
2357580
2528095
4793493
875511
1989330
2250691
4253509
634000
4389464
3425020
4684958
3732405
1244602
1149748
2046486
3258020
2177311
3634046
3212870
1769762
2626968
1814912
695206
1732639
3565421
1165843
4372151
1789386
865372
1883539
4447581
1619628
2280591
1271817
4620118
2383640
3725574
4212861
2005826
67903
3629715
1373970
4751059
1356945
3567052
3222787
2691773
1822490
4005332
1589833
749906
2712246
4507460
3400579
324599
814097
4986580
3260974
332956
44855
414651
4547631
396785
4900206
4788005
530122
668382
1303994
2081421
3833345
974733
2618849
3618156
1360079
262144
4468236
3932045
52069
3928718
3745575
4363375
2082901
3478438
2848927
1797820
2586686
4199999
3055193
1969113
3291559
4013974
1865799
1883503
3956400
995851
4378813
440720
1505198
528063
643205
1996217
641516
2014881
968591
328614
3658247
1776813
3015465
4396804
4297558
1295937
4288986
735025
840533
4277146
492525
3805955
2571951
3749888
4774494
957925
4657742
4662845
257873
4358502
1521487
2751335
3040050
3717521
3470110
4542748
98236
897806
4128254
2948283
371072
1532182
4794953
888456
2654933
4347543
1291003
640382
4500347
2849599
3182524
2811138
4671232
1475702
1522002
3267909
652378
3088178
3040260
1884751
4935008
1110512
2645431
2498263
2216791
3561288
2676288
2471408
1157185
4163142
3507505
1553586
4478613
2548105
4158947
2268528
1343558
2215000
1434595
3899304
3628427
383953
1886201
3900094
4038246
3026255
3437052
1965116
1835996
4713307
356562
3447732
1992263
1655213
1455375
3905282
1981200
4640036
4871121
37138
1637504
2647368
91198
246747
4867239
4392306
2758184
4498198
2647397
4051873
1328193
4785326
879380
3050883
2804851
4207118
521245
1057305
1100739
4087120
1173061
3548466
840517
4463000
1349877
469607
3408406
299385
1960235
2212763
1548721
3534261
4382190
4451193
3627291
1213981
1240561
2338436
4578097
1039636
2810916
3095206
4964596
4556071
2851157
3738269
1442469
2057410
1769718
3065212
3315526
3769564
2443646
710831
3602509
2331583
254024
2004232
3912489
4723777
3941383
3974881
394917
1399455
1683502
498174
1511811
3602445
2763852
2806040
3741859
1684941
969521
2187138
3481434
3008400
4446096
4086695
234975
3355488
3236719
2224847
2190540
1651074
3760833
4805915
1100113
4359459
3146220
701230
1149367
4933578
2553597
3692405
2529771
4506010
382038
3544590
2379002
1116699
13993
4183836
4974234
2205774
436448
4868941
2349543
3055597
2166770
1944642
3333813
3649291
4186097
4980543
1987409
2629391
1788127
1131895
4928714
200482
3800878
4037395
2830289
2053238
2510265
3365298
3069872
3440552
1422397
2679997
4838747
3960282
2110208
2158995
1427940
639193
1259168
2292869
1078166
2568399
4568159
2945512
4042149
4526543
2146500
1793330
1061897
1911550
3096897
3747100
2117427
135974
2217806
4659017
652633
2083564
4089639
4448525
3140271
4398233
4455623
90948
2517834
3375532
4475264
290416
4280300
4934049
1907809
615863
4947826
3584898
2093321
3251230
4821898
2589252
3029734
3563665
2400635
4314760
2853449
1892532
2606566
893902
326726
1901506
2074169
636849
4542397
808072
2639938
1975323
3516185
4335119
1779844
2709241
926951
2208095
918678
342648
4512034
1733917
3976592
2828987
3651591
17519
3408751
65494
2949743
3179340
2074019
4506691
4138598
4743135
1596741
4138753
4837208
1471581
4694611
2941511
1619293
2089679
1785008
1000494
792583
4610566
3599538
755399
4867624
2595462
698715
4968114
796225
3307676
3492116
3745647
2260089
2790025
2885462
59149
2073854
2504003
1601658
3211604
1778349
2093416
4375902
4225252
4273978
15850
1544809
3585109
4536240
3171544
3546805
3040471
2700537
2425299
2960999
920219
3818888
412616
1848596
3743426
282518
1963360
356133
1225271
3073038
3486282
3597359
3360578
4723855
4139416
3948846
1684761
65507
1159805
1777408
3923773
1294143
2884170
3066451
1937798
2899218
523340
4517020
564254
2235682
4431311
2642884
2235832
1632778
1502371
3089730
385991
818669
728709
153733
2322069
4542584
3373382
3828035
1285927
4427996
2219790
1797417
2866770
1498240
779426
1052397
3042789
1013161
235379
3570187
1920244
14686
4164061
4370193
101883
3089238
2624692
4412084
1885372
2600860
4107337
2900645
35507
3371512
875490
4083074
3644968
4072965
61234
3145237
2349986
148499
1820331
741240
2190239
930476
1751941
4664667
1665266
897478
389225
2710682
288214
839427
1019868
636239
282023
3446899
3723981
4323481
1668113
2149950
3806208
2840428
2344485
2294831
1195546
1060634
815270
4962962
1952347
508665
1970818
2167378
2205116
3642401
3625069
2631503
2822524
3755073
1382114
180010
1451754
3418276
4916356
1014230
2214604
132660
1296488
104261
3465697
1468204
1240877
412544
806953
1819210
1238682
2364841
1163601
4232503
1341588
550548
4067611
2775974
2683246
4666156
1009418
3592979
1638199
4806040
2284579
2130580
3295563
4064749
2450782
1554379
3221401
1750556
4572176
3517762
3629644
4377669
473420
609783
4028706
3351332
3705483
4592870
1646416
4837402
3548208
1381514
979567
1930054
4929584
1600695
1111756
3512704
4017488
2809632
3876315
857286
2717591
1692639
1340445
3638632
3698971
2198601
1686539
4482878
2860219
1656095
1495543
74344
1444173
4625921
1005382
4117062
3694590
1791829
3375175
3962926
1714876
311845
831244
1022657
4220442
723382
4365020
4767307
1447178
161805
3042577
788939
1234861
2143422
4379471
2239571
4697805
3967372
4225449
2728844
3746585
3694646
2718629
2353084
230614
4144894
1532651
1195913
3789967
3496731
385105
552122
1227997
1578810
398248
4891164
1835120
3971163
4601913
3622319
3904790
1386513
243651
4054071
4200571
493355
153458
4546660
1052897
387916
1308002
187622
4322326
949136
593998
2303326
4694163
981765
2250959
2886245
1034934
993768
4356067
4894426
655147
2131423
2298618
3899434
2752574
3457223
3259114
4475189
4411064
4094186
4593267
2615582
4881306
840038
3602473
616442
4506714
3055473
3477730
4292381
3696240
3080403
3834716
4210534
3274673
881448
2717228
2057149
3736637
4145952
1016752
3591811
4215478
1609322
4669569
2804812
2881592
1036513
2197696
2054371
752455
4863865
3078869
2883075
4830818
3707584
176909
1417780
441186
4176141
537397
1970542
1712060
1911689
1741897
824114
1684244
4463890
4930863
1862188
4860938
484696
1914111
2944945
2770605
4449686
1982394
2676505
1521192
1630467
4032726
1025059
298430
4942504
3983394
4324468
3379732
2864053
518299
1747220
4624443
3325919
4090760
2142294
1466359
3975282
1838559
930718
74852
2003678
4916168
139422
3961656
120801
323353
2525670
4483597
221299
1124990
3514017
3345436
1003418
2757317
385291
2505071
4788258
4490695
797572
3093192
4565144
718358
1239194
1574344
1904065
4758187
2111251
4998061
2585964
1469032
1039613
2831508
3705921
44050
1814422
3686267
2041569
1646268
675512
2121023
882897
496925
4514855
4070789
2546021
4683859
1216298
2958276
2192416
189576
2210990
3056672
465633
2723086
4142987
826686
2179285
4186744
2976765
2703361
1761714
3746681
645837
4192873
4063213
418223
1599765
402178
945715
2707490
3860615
3258006
1200420
4616521
4985325
3373918
479267
2905870
4405719
501879
3498654
3216983
1231660
3049410
2093913
1063371
1123021
2472111
2267769
4007701
339810
2213506
2097492
2433993
1668087
35010
2981393
2425879
4045040
2720953
4370966
2183318
4130493
1281907
3769279
4981723
3137322
4148757
2479070
1873392
1259390
3184723
3685281
4027921
209666
2861928
4256516
4806768
3599621
808382
4421275
4416311
4687865
4441312
4118888
4073542
4057049
3432746
2089031
1220561
3783900
3127685
4722798
1275258
842868
857912
1680130
264509
2019605
4213312
26046
2560960
3293344
3500339
4895745
4034596
2054063
974240
4232696
4602748
4117553
2189545
3687133
3550217
3206677
1189184
4145162
4717843
1562725
2801861
3295772
2422898
2255669
1545226
2049836
2548087
470939
4191715
3138947
3004330
4002267
3816712
3079884
4019424
611238
3543357
3731537
2375569
2178374
100988
1980389
405587
4948396
3762854
1086675
1620756
3608380
4124043
3184802
2812653
2791482
4275921
4113753
1583846
4378154
3522024
461872
4785715
4747093
3769725
899013
2342182
1752724
4337172
122764
2018189
3261457
477283
1353569
500655
2743424
131309
2325961
267595
3684656
422794
4686519
3389429
4288325
2272842
1629683
2572600
2147900
3064585
1734440
282125
2750187
3131412
1224715
736453
3600267
3446212
1409152
2154422
2256350
1988236
1503973
2687827
1629792
3153435
3292853
118157
429718
106941
909855
3907363
4910227
486936
284468
1672060
2445299
583643
4633022
4385279
3532572
1201745
2408639
4308895
923857
344986
3253281
474739
716768
3271325
1243300
3585504
2995031
3624549
1993292
818474
710790
2610736
1514864
2964530
3749906
580539
4535757
4829178
2244365
22003
2195971
65047
3465643
3958215
3225793
3862268
689467
3601743
4059459
2931788
1931379
1838673
4471407
1492763
4598904
3468625
423854
3118031
4370482
3613870
1082245
231039
1114118
2651500
4896760
947962
2312288
4735183
1251078
2557040
457600
2284357
2042947
3714911
1288757
252389
3648637
1080156
808054
4690040
2812967
915442
3652427
1973210
1829673
4243322
4193365
2071786
588555
1841519
3779967
1885221
2006293
978833
3386851
4856833
4604418
4731639
1677467
969492
3369478
2053887
4198958
2149732
2390200
4031900
3574173
665834
3300157
4338752
2748638
4814361
3395729
828119
1472926
2019153
4640331
2636385
2638408
2352661
4748792
1877337
3572658
2593650
2079497
533153
3416750
3385184
3745382
183653
4171752
4867202
4325889
1327555
957007
2954431
4093009
2768725
1511297
4314951
446053
987284
2266015
3685589
2083762
1696783
724547
1294868
4708991
1352106
2766636
1327827
1097478
3720122
1957343
1335892
3580828
4420027
3621197
3921116
93503
301186
3274246
2251979
2027364
3029510
2908029
1259993
443306
1743355
4065944
3062738
4648487
2829232
2360975
1875635
867510
2268809
1093752
1041032
1821623
1800930
4950087
4174956
2587194
3207734
3684835
2390421
4218790
1392273
2994429
4164246
3832015
4332169
4213374
320960
4923526
2007654
4022504
2760276
2329932
1784418
650993
2662907
3283565
2559214
1069441
950994
1351097
2336626
2712027
2067023
4944215
4434119
4964740
4359344
2322251
1158149
4983310
411070
525716
2198383
1618675
2032381
3215260
3844109
584750
2297934
735286
3219402
1422416
4655358
3423620
539665
3074555
1330420
1332103
4239580
1916048
2828649
1971914
4417510
50562
3910830
2139158
321829
1705638
4153425
2922792
867696
1897623
321978
437683
146622
4047025
1134774
3841044
779111
4515718
55640
1999322
3228901
2175044
1932785
1555688
3623476
1445556
3032593
1639688
1545195
575657
503798
3962233
838464
2973420
4025869
4522581
650899
665350
4230642
1487415
3045573
3444581
2750301
4266963
973183
4340759
318191
798871
1046954
4033392
1651075
3610219
3433941
2280468
2661733
4409655
75176
1840747
1672483
3159800
3760352
3595255
2015467
3193645
4775565
667175
1777484
3357244
4536269
791186
4193473
3594319
1683202
3879656
410378
1888218
4749597
3859705
4344592
4582741
4354041
591404
3565915
3215078
424629
674606
1057576
4619753
2417856
2588755
4565838
3446323
4583146
1764296
826680
2344323
3758795
1654814
2410098
2607869
2369380
3704412
2790708
15653
3491747
3546208
3841729
4328550
1754411
1918748
2588918
1345920
567577
3756806
327343
4737614
108977
659206
660787
790270
12462
2632327
1845579
3296195
4025987
4076426
1847126
1296144
3518319
2758789
1284572
4328992
4971554
4161277
4120130
3502940
2426064
2407807
1057353
3987453
2649762
2657552
603373
333667
4103075
3824983
4779576
2846812
652477
2092198
3568134
3148725
2844776
1906787
1322142
2328158
1049974
3749717
1876211
4986919
4291533
1838599
1933831
910725
3891776
4256525
983589
2645637
2742360
4572712
4822731
1829286
1923594
1427358
1981306
4306611
1373568
2730442
2200551
3292295
4236118
693063
2425626
2003099
1155090
4956853
3851383
1242381
4694640
3574369
1767883
4836841
1813335
2440406
4043225
4350542
1958356
170706
909357
4791164
46088
782229
1767316
3528763
2016843
4729776
1454545
455956
4718121
75036
4538856
1490208
1064820
267780
1271456
541113
3867355
751377
4069020
2579178
589025
4463271
3906110
938771
501438
2326496
1427421
11617
2404369
1151746
1591246
398264
2623226
3516529
4524992
2747287
340253
4007770
1546294
3184283
3109804
209816
1688693
2453239
4200831
3891881
4204457
3934254
497489
4248530
2135660
2877429
1991237
3197326
556530
4596539
1573048
708614
998937
1948127
3847916
3449097
2542335
4693115
2292854
3797460
169023
1714011
2124138
3461602
385670
4704978
1990850
2350478
3515331
1577751
236865
2330423
3343072
2695170
4269147
3337633
1228609
258483
2710898
4884973
4236678
4510383
1224620
197787
1822536
1169110
977828
167406
1412398
1372488
4078145
2949008
4573705
1647943
2815832
3902298
4060317
3155967
4089102
4976001
1032064
679511
1905340
2641962
4355641
3704356
4559565
2417974
697343
2113359
4621577
4253264
1361767
1862950
2170021
838775
2248523
3036136
2985316
1606593
3354488
3048727
335832
4345273
4209331
3545376
4485099
1928459
4564632
219318
540600
240212
209586
552389
3945936
3003409
3432227
3051168
3932121
831619
3247042
4666282
2784317
4341955
295569
15104
3070565
939644
263418
1468794
3452417
2760899
163918
3284772
2942614
2814084
4502503
3531211
4042376
255729
877285
2800950
1502048
303151
1326618
964295
35496
4097157
3227926
2692846
2257968
3809455
2176313
4637851
1144388
3901344
4455104
4293336
1535874
806330
1905802
171047
2431267
3113623
3814213
1754292
1972053
1842028
4733763
2870605
640017
4954255
3108202
2233063
2974662
2361119
4278921
3519490
586450
1670571
1831744
3734134
2743304
4232430
880877
267338
2574527
2843178
2932016
835275
4564130
1790728
96854
703304
582188
544496
847648
2857565
1951139
879808
1620363
2667932
137969
218731
3620023
1380745
2521927
4002048
2116921
64708
4566043
562137
2317981
1617020
869827
1786778
1907773
543180
1463267
2197929
1956700
3904733
526633
959982
1029850
1087683
2842138
1210661
2826002
4018400
1784687
4882112
4091488
1829304
2087440
1301371
4131289
4390691
3665254
4608511
1129921
3954199
1553435
1823977
4138674
3422050
1824352
1613384
1525277
2325843
2798309
1991263
3231487
1550684
935003
2107897
3779695
1161882
1743399
1025184
2687984
3178955
3573148
1934004
556480
269689
4758035
1448407
2186300
1701901
1828026
211854
963599
3507971
2565962
4535041
2181521
1984591
579361
1906578
220861
1696797
1044715
4680705
472214
2490976
3242107
3284792
4242549
3994550
1436771
359373
1706361
112893
2418153
4101335
1622297
3632568
2428055
3713937
4921082
2349072
3820429
4100191
1464485
827537
1118861
4717943
4469112
701446
4315300
2826730
3250950
722270
171173
1247245
1132512
126018
3263578
3356375
2705425
1909933
3622050
2865315
4580585
2261398
3615244
754149
977560
619155
3706022
1929732
2551434
782990
1817985
4846071
2872488
2861801
2636217
2550142
3015653
4394307
4550141
2468068
1798497
4558682
449804
3244929
3931405
972062
2666098
4941644
371071
4395873
3487362
1506180
2424134
108442
3200855
952595
2178220
240603
3819321
649561
694126
454930
1217977
308023
3394584
3106074
1805880
1029041
4226590
3865513
4659253
2248448
3406950
1282519
2299172
39489
3472481
1597411
4687491
59242
4972439
4105250
4945505
3886733
4908263
3961507
2487296
1400662
2415717
2242475
4243057
4819298
4654404
2240729
946985
2981806
4894179
4714398
4862473
1687142
2230070
1758600
2395010
1472294
791810
675851
327051
167159
2387953
594420
2263963
2651680
2605413
2083735
709690
345661
3798680
2768778
794482
1884111
3267314
4940936
2461376
3235790
1837593
2620196
4430492
2372635
3226954
19905
940721
4692836
4865856
4391762
226085
3315114
625713
3217618
4705741
3667974
1594304
654231
2006202
1361212
2160622
4851391
1817526
2789199
3195310
4860238
4232975
1717934
4791361
3594817
4760911
1435977
746258
4527593
2853952
2640470
30211
3521750
3183574
1297500
3544751
198313
3496528
2082740
2056810
4346678
4409501
2375379
3356129
772137
4037962
3694290
4156127
695326
2653120
3883979
1685793
1135282
4624820
1322754
1450778
609011
1518182
215936
1527869
2231414
2514410
1604083
232330
1379772
1514607
3013073
4411078
2937997
1584881
2499617
1996975
4806717
3367312
3054549
2808987
286616
1637689
824757
3489609
2665812
491183
2621256
4910260
3749160
723778
4879328
2814319
419910
1906231
789418
3803556
449157
246058
2440966
4278490
901377
3994090
4583298
964665
4064190
3207509
3191116
3410755
4509657
4275890
4706513
738253
1977329
2976322
222202
348102
4512456
1301487
1208367
2823609
4869135
3494659
4275066
2048956
469323
1083034
3007256
2824366
4525103
2094306
2609940
352307
1412197
4418202
4618400
2330624
3041694
4490986
3621662
4791465
3054512
2638445
4047378
130690
2372602
2682071
1008858
2268932
2949496
2808219
146913
4577034
2528093
3053025
1930819
1482526
2330805
3750288
1745100
1087964
3533082
2293375
913562
2643350
3339427
3435629
3782475
2269845
2757038
3571784
3737491
3807969
853450
4923339
570233
1275254
47789
1205678
3529003
3964008
347942
2170616
4233052
4111178
4086486
678881
894110
2634175
4581034
3005313
1965545
2537315
2374902
3343174
1364360
4027908
1749572
4547378
4537094
1275274
3831145
2876481
2406458
1733305
2386395
2530765
4878915
2849589
1209712
3634754
2189892
3643322
2494326
1749067
2838090
3653050
2558457
1723906
4259967
3197331
3351003
3445402
2539135
4624588
767247
4262209
2101920
2170840
4129621
1813647
2394406
4382285
929619
544272
1950931
3230587
4111739
491892
3519006
3459346
2281246
2532780
836980
4395303
4244021
4100902
3862926
1036450
3194975
3851214
1415299
1098987
4314367
995765
792374
4270602
1839815
76095
3034836
920141
17952
3208292
4809222
2865089
3200358
1005193
3781458
1091721
4896487
4227005
2398274
2718448
2743033
4508130
2291431
799893
2573195
2997400
4204033
1929723
3518511
1183731
4796036
269654
542666
1743094
4661594
2542094
1854411
2598627
1951447
3099288
3082886
1551560
3778923
907328
2365796
2540308
1964818
1803504
1844719
2546946
3069807
3043501
2789846
1840910
2868154
2749161
4135394
4325069
3071712
3069770
4546422
166802
3903497
1722438
990828
4526188
853006
4380855
4595319
3061551
4540360
909080
2721781
843038
4589535
131653
3280094
4155651
2457496
2988274
4497974
2312887
856674
4589163
1957027
1729056
4758293
32536
3243243
938922
3703007
4874057
2846781
4705492
3165248
1375527
212662
3759755
1599899
1874785
4728864
1010127
2676929
3137121
488665
2139622
3059550
4059635
3493526
3830470
2095804
2225254
4883715
3813823
2264797
3547016
3394618
821760
2363100
2991815
2398053
2644169
2401974
2451776
3685634
3044768
3714016
2969594
1710792
4347753
3038955
660298
643072
1929724
3425195
2244407
1344383
292103
2672414
576546
4062970
3795125
1054658
1101669
1075981
2554102
3834131
2262722
4674579
3933837
1184198
371679
1143163
2150177
1956016
1374752
949499
4636755
186734
1922732
1688936
4376351
1452332
1001921
4186897
3413834
921705
2766816
4034360
609205
1820652
1304207
820345
4174642
2001309
22161
1950937
1461972
4394422
4183089
537332
2471458
1566333
233117
2271934
4220002
1491260
78792
103210
903638
1891430
3642292
4325522
319745
1036699
4712551
2551917
766902
3764103
802461
4902028
4021400
4825975
2773494
4108341
2312125
3779348
3718158
1907814
308303
190519
232535
4360685
1051036
2347175
4443651
2567703
4274159
346799
757124
2657619
3227936
655388
4398897
908888
2291920
2068187
2892147
3544606
889002
4806083
2808985
2205641
3088977
1490999
1382164
2787861
1090684
358236
2117816
2323684
1460518
4705433
4270305
4911160
1436805
1525331
907357
1547011
2397147
4303485
1281106
31021
4311325
3922361
3925425
1475035
2840399
308296
1780018
4130952
4334809
272556
3427856
2601290
446125
4607764
4397613
1740053
70437
1058627
1728876
2834144
963242
2368142
3282024
2328613
3967917
3737383
3514847
2075858
4731537
4791332
3462812
1970692
334592
1164392
935476
3702532
2622125
3478867
2564367
2399865
2133998
3773598
4555092
2076810
1892728
1545623
4071618
2812877
2883238
4964239
2205590
1900264
3396507
3021407
866359
4033983
616848
3796040
4062633
4862407
4752623
4893293
3997599
60068
4980143
950797
4696807
659919
1992595
2213975
197688
3151502
2345918
3159162
223665
3073014
2152737
1269197
3740844
2995143
4315194
4657722
2365421
426801
4604051
2476051
3382439
754253
4044618
3532657
1923877
3204626
2662176
3583859
552578
1796929
4455792
3145562
829455
724064
574230
3994376
3300310
2976645
3381168
1098507
2883821
3288994
4651543
1602078
3597520
4022576
1079374
1416055
3282651
4329320
3586958
2604412
2180194
4888743
4879866
3810816
2403283
2721288
2539009
2430434
1850825
1694213
2991111
1602436
2520142
210838
223565
1615314
3939256
1981464
3201371
1538131
3790413
4623583
3442337
2123575
3778757
1784677
3626065
4446653
3603206
1226034
2557729
1028205
4552796
4255819
1200319
4611332
3153735
517783
3501684
539119
4212900
4108790
1529376
4607147
1723417
1008059
2973520
4002561
2682185
1617173
2120479
4393769
1394616
3469224
503627
520499
1315331
269714
2351760
1704891
1257803
49209
2780746
774200
821649
76542
3147430
1091304
1878089
1034688
2710603
2264970
4803276
3943679
462238
115464
4153270
2226085
2684886
1909352
1571511
3950597
3080053
877186
3932286
1774030
1105990
2046212
4701650
4808533
530988
1702064
4888966
3654367
973489
2769503
4443967
2624015
3549119
3724197
3034518
819860
2836254
1928706
2385597
4236086
4918941
1284787
3763614
120115
18416
114252
201734
4489987
4769672
3114306
4532245
3556188
2518228
78084
4237011
2781194
4733221
4750373
3229207
2651338
4035144
296580
1270516
2538064
4778847
1343610
1904691
82031
3259734
812116
4663050
2827305
3538593
2968103
4647838
3908989
3645706
292348
4152957
3728682
2381166
4008625
3178643
4603647
4107713
4603079
953142
2270499
4474076
4360983
3081611
4001795
24129
3755291
406683
2155179
288863
3913286
2785569
1847331
4178068
3040663
2752870
2314453
4540503
3038787
3508419
3942047
3700963
1054093
2509871
2414946
4686925
3701081
1869125
1474631
2270440
2911410
4738066
2705070
2797096
805429
2458897
539667
2060728
2375999
2351771
2406535
2759265
3874327
3253116
4369707
2710028
3014882
1185244
614803
3947532
6845
1008976
1796382
1662633
3018070
61031
1133840
1484453
4587453
1343
1175549
3534897
3389518
3027710
4052490
4280079
464568
4599540
3584524
4601195
2440705
287003
2491420
3548550
1984575
3752176
683199
4286575
2498964
4294204
4813719
296225
4662563
4129201
4449838
2194880
1492775
2010428
168745
4285130
2525821
4527878
2002115
931828
3849157
390743
2684259
634587
3046930
3949498
2081622
4623976
4559512
82476
854626
4427505
754099
4202206
4887167
4193849
2630880
3343056
4416380
1524512
615511
4850245
2223028
4109532
3692076
3444668
4056532
4771895
3658150
2172701
1935981
2305405
2736139
2402470
1616763
2586105
4156499
2226357
3285021
3042826
3242297
377346
4577950
4114804
4121023
307272
1743205
344024
2774849
2985246
1489715
2215916
766225
1269484
1696839
4460274
1104597
4221339
993533
3957844
2842810
4193967
3253971
2856016
4491077
1206203
1182419
4589561
4518625
784709
1209854
2557178
2264292
4556783
4106069
3473722
4381456
1421429
2586854
129372
3573636
4017342
1530336
388995
1676396
1443285
585813
614986
972227
2682969
673190
2507664
4401958
564574
682140
865172
3846319
1041262
1076984
2482745
3635550
3369168
1905289
4058021
1336863
1730534
1218579
4809642
4767266
4712494
4568170
4592333
2853611
3116952
2992071
4697874
2935096
53668
495270
3108947
3766444
1791623
640700
4245398
1421446
3507814
3650619
1776806
2404829
3013985
595772
2202866
2736575
548553
2908970
665268
419345
909551
3120823
409432
4931310
4344217
1592439
276071
1135757
2399627
3422253
1402577
4752897
5862
4022982
4292440
3376914
1564910
4966901
3143209
273024
2495042
2888581
91176
4592246
286016
1876798
2303968
1356971
4670178
1804998
4785618
1580974
4316937
946145
493888
4634439
2892187
4195178
2568364
4765158
1459185
4031991
1119167
3703158
3834541
1804422
2336158
3660443
4226506
2872663
3299031
1660982
1169407
201683
1217331
2413331
3336670
2395227
1074258
4084141
716296
499035
2159556
4336291
892379
2811139
1747770
1485523
4630529
1633762
689932
2754512
2516287
233505
2597227
1903681
1432220
52676
1584999
1176632
3397771
4913341
1964881
1954642
220746
4475873
1223475
4839013
4450394
4773674
3054566
2067983
3045569
4500008
2960602
1417920
4393
2200749
2231815
2882495
2525623
3237994
863855
2295594
3882550
1397701
3487826
3263343
4019443
777714
2948819
2733065
3845509
2034000
2627582
1641055
4304693
2086754
401668
682015
3883135
271154
146438
104701
2629923
4217615
3332876
1643064
2588958
1017051
1951571
3775199
4042341
4796799
710990
4236433
968159
4758955
1570677
3969097
1194807
4130534
3326048
3784176
577097
883680
2696171
1298483
4037278
3125585
3902099
53434
3849054
342528
3198484
2222218
4164585
3063143
121085
3663671
101782
3543838
3268981
3569201
4173145
4182271
1081668
343822
3509528
2700062
825390
1140966
1169549
2812017
2083485
1509674
4655356
644263
3988051
4421151
2092156
3119317
681024
4098466
3025712
992582
890021
3627841
2115567
1747555
2489080
4094625
3135449
1054352
1764421
1825960
385750
3878557
2998159
592036
1792478
2449834
2576668
3629289
4201910
4802031
3113227
3000381
3530536
4201242
4910624
583145
4252358
3107039
42807
4905924
476806
4807166
3222302
3191146
4384884
3594343
4109243
4816196
2761021
1175942
552658
1459893
3581286
1307855
3548680
1323402
3825913
1269432
4122511
3973947
1584759
4256639
267594
1696982
847558
1354318
3921929
4950733
2643446
2920886
336379
4609352
3883966
1351637
3639606
4561651
2510483
166607
4457162
4003940
2735811
1752331
1013713
1516818
1269784
3250547
1355907
3965960
3965292
3474213
1319394
4314108
3269977
3719035
4211518
178294
4512309
4121157
764597
4590016
4436553
2441610
228333
1875308
1314047
1372657
2359811
3487495
1311614
1542041
2840555
627715
2227390
4770813
3463933
3280126
126939
4907987
1290508
172402
1894486
2192513
1923359
2336362
3229943
4014333
470242
4174593
1207401
846426
4900973
799308
3555735
724609
1823639
4292608
4095810
1570484
2771888
1230693
2205591
4323709
2592756
3800248
1328805
3516350
4786695
3950831
480527
1852392
2269391
1227793
2799918
3136225
2144943
3203769
2047093
4647331
3559474
4336514
1024837
2630385
2671443
814680
991582
1197617
4575683
4424919
4960325
805527
14659
3143804
2870613
2346689
1024798
1364631
1050005
4106089
1148910
3565887
945202
888268
3371522
1754481
304833
4134978
2122144
3274484
1258502
29698
769793
2680567
2847248
1504850
1588820
4034730
3410087
4788021
1081477
1508878
4961661
3231286
3468928
4194160
3378730
380386
2039829
1203361
3145108
976397
513196
2748839
4414557
2778368
1963395
2934679
3785282
3330898
4005978
4930741
3414667
2799573
3545837
1608538
3522072
2420957
490838
2937238
4657029
2618854
3959942
4176954
2290820
4802167
766820
3560597
1492108
1593585
4178402
1465501
1424614
2329198
3048233
4155214
1279674
410792
2103461
2851870
598151
3152876
3326425
136785
780865
1167608
218974
120371
4203954
335398
193581
4654219
4668696
2573845
1642750
4110483
1613135
3921786
738765
1320773
991281
975156
2368980
2017617
4997290
581777
3724800
2816961
4874348
3058284
1924927
1584595
1998302
1257018
1639674
1215048
1442989
1903263
1097277
2876519
4327760
4001602
3933341
825662
1596711
1402611
3625760
419734
643875
418572
4381854
1854587
4039696
4080815
1316618
3209345
737162
63567
4471814
1874371
3821938
596277
2490715
2097712
1712602
2100824
1042942
4117962
2076237
752701
2824580
3448212
3551782
1214880
2563095
1632300
4844240
3900465
2727600
4397529
3778980
3610911
3202863
849627
4764643
2567856
2411797
4893665
3198290
228257
1349160
1503248
2562823
2513289
3314539
3026409
292806
4163315
2848868
3296482
1068890
3933507
1072661
4639299
586952
617430
85136
4603169
1025655
772586
536711
1247456
4238599
298082
3967788
4531091
478727
3125733
703239
1248733
2282789
2654776
1569137
3401138
2355671
2226995
4393381
1301128
2179296
4764036
702396
4875121
2161881
2114274
2172388
2265229
180608
4266040
2355681
3773311
1539829
3250876
4998309
3152448
1420267
4548046
3566725
2082203
4994073
2387720
3304996
4294849
3971740
991476
2202084
4558325
1959192
3654462
3561161
4883461
2038136
3090351
3392155
4221474
3369875
3245960
1341528
1757383
2240065
3254351
667719
2997410
2319813
176775
4922316
963538
4157976
463590
2491539
1425011
921166
4427075
3703843
1065157
279500
4529465
1258184
4823787
1174853
2751029
2471333
1843310
3354501
3391972
2505069
3782934
2220650
1971585
3785577
4722179
2667996
2201515
3765299
278788
2402819
1522590
4873151
1929999
85078
2043645
2261819
3231789
1168203
2060636
4045101
3130317
221011
93313
1239420
4935299
900375
4733992
4753127
401548
380597
4487864
1296412
2011251
838543
170179
3315172
3251083
4790005
512526
1223142
1802007
468657
3170679
4742138
1712683
5854
1554072
4143206
4361865
366967
4789999
3181161
773902
66421
4429334
3882466
2019145
1050410
1531384
1818709
3161781
4192865
102286
4989166
522348
3635356
2556959
2876093
2063586
4300342
3020993
3113613
3625715
688448
1681175
2171983
662615
3651327
3777543
2465820
4596272
2496009
4163398
4419576
3969373
2847571
3028293
1113744
4056380
3515067
3997561
4916617
2399978
2346662
2325715
2336419
3276719
428440
4270595
1606798
2177942
4323094
3117208
4958859
1553188
2712431
4490622
552464
670238
3016596
1347799
536690
3995095
2422255
1643313
2238148
4252788
323621
3522199
1565147
1324598
4813489
2934282
2310909
3941256
3810232
2258749
4690861
4781944
1228036
875698
4472798
1474372
3396833
2001035
1133182
311118
4496919
3962095
3561552
1828633
4331927
1376052
3771726
2541236
4677964
3953924
1055111
956088
2692584
3001869
63724
2057618
3998602
3280821
3533490
3117761
465900
2911252
2313422
4365261
3102908
2072344
2074211
2906335
4146733
2721661
4414261
1040493
3052406
218805
1127561
3747258
1624293
4799925
4243350
4842136
4086992
1326774
2685755
954837
4757755
1267617
3124947
2168563
443597
2917573
1871575
1847200
4783657
4741115
1537854
2047829
2710727
4776154
555672
3766610
948462
3738449
1421685
3508820
4756715
4756534
4885836
2663125
1500718
4143532
2044038
2780055
594789
4501571
2372633
2719281
4767222
1525302
932316
384307
3681172
3596688
3921803
109678
179312
2444640
136352
1139778
754656
3796567
3260628
4962593
4561915
2277929
4075937
3092364
936709
1521571
401840
3060115
1958753
1062384
397341
2699896
704771
631885
4088668
1609099
168898
324023
339643
240058
1075969
1908412
846361
3357593
1746465
3091099
1522303
2977768
1547930
1238725
1782754
537103
3007828
854880
175080
2556289
810508
4423869
2728497
968645
4728004
881468
4047469
1053204
3661178
2786197
1504609
3923013
4934167
2786465
4513166
933114
3900418
672436
114446
4758124
1199051
4462569
3202856
4369647
427792
471663
1020947
604638
1875846
1336564
622741
1944888
618788
1621704
3064715
1132497
4973381
1170576
4939031
2565732
1924694
1338642
4760064
1409922
1138156
892187
3581566
2998858
4343794
4168077
278014
1911171
4754812
4733301
2716314
3824404
4693069
959742
609799
4811697
2958199
2282846
3590698
1270419
2097010
262135
2481830
2287496
2496451
4500280
2667379
896113
2476322
1139888
208447
4103516
3262067
2661600
2403478
405417
293721
4430200
1957372
2606953
1699328
4209178
4099753
2471409
4319925
3510496
4431516
2286003
302466
3670622
3201164
4994636
776514
692192
3611994
2919407
3670533
58032
4412298
3743197
1625664
4597343
2159513
4659601
4479721
788404
2039162
2683558
4319363
333342
4818514
759962
4044059
4854017
3108653
2522738
551933
1037815
81522
4545575
3623260
4237007
3910015
884894
4225797
1273759
4954329
3243233
479766
3056556
169851
1218648
1376151
706715
588529
2904364
3442465
4403474
1229897
1492223
3619172
2199851
2055986
416372
2169953
4332475
2894430
3955780
1255033
4400492
269208
802440
1717627
4359938
329407
2291233
1025213
4633705
3622833
4485832
1081595
2416020
2551147
2548381
312095
1764069
4955773
3595275
177810
2488227
4415385
1428814
866304
1766443
691886
4213715
970810
3022603
4460329
4869269
4900991
1172103
577568
3955672
1106360
4868559
1830662
872526
2002001
2356706
1031643
2822283
4371908
2039898
2429326
2384442
4578191
3155403
4304055
4714458
825749
166942
935411
2307433
1742901
1226362
1854493
2687505
3674741
2469812
2324959
2916850
535752
4338155
1825913
1898956
4664875
2590524
2267654
3258371
3944004
1365595
2946281
4447929
2354684
4518570
609408
2066054
2002309
917786
853243
4560049
1924199
2475524
3319390
567438
4935099
2572614
1498546
4662736
140024
1096113
232139
403005
1210947
2881078
3545650
541830
3697147
3514463
4633113
347255
3221376
1201738
825038
4353790
673210
4854604
4584718
853919
3617858
3610558
463983
1440251
2887318
2272040
2489431
2949787
2415298
3876880
4003093
2791575
4111249
946584
673048
1160476
2101491
526656
4765010
2569539
4369027
2187129
54097
2795910
697294
2934859
1331949
1227205
521585
959599
3390116
3328810
3538337
59820
3177418
3888217
3284515
1760732
959411
4069872
692853
2699746
3467284
3622969
4932740
960397
1935788
2621344
3234230
4631111
4662415
1576784
499845
1895016
1884174
4029651
999320
2314889
1570703
1499439
4757224
1070768
3801590
4313325
1051774
3841796
933287
2098505
4394046
3421762
492827
4774717
4527218
4131596
1743985
2117036
668725
1217667
2203245
1446817
1403681
3454806
4338533
1697575
4359489
375559
3544687
4678577
653952
1395938
2113050
2691517
2236519
1073626
2321791
534100
4901366
283772
2070549
4480977
673855
4851921
2941601
4998077
735799
64015
145017
2389865
2641278
1331003
551399
4861457
4412852
2808213
697297
2380773
2288983
3823950
1654604
3145021
1406968
1330793
3100024
327761
3442065
3211322
1658456
2284779
2543523
722348
3483160
249123
1636655
4009114
471560
3221347
1835632
2273849
3586740
4966710
2857517
1559838
462552
4222481
1165259
2928550
2577777
4712499
3482370
1475587
1527475
4652931
1422649
1933866
4655957
2582390
4257382
687460
1463898
1546312
1378905
283978
904783
485957
67978
1157122
2560956
476668
919096
1829465
1926588
3543218
4393663
4008203
4763551
1559088
1270254
4623557
2608517
2428538
72315
4412866
887502
3255506
933626
241037
3069860
3688859
3180927
1186734
3318529
2257694
2266652
530932
1458973
3945037
2547384
1035882
2234308
4862090
1175418
3562750
2591482
3707378
863339
2189739
4348710
1009830
4803262
4842083
415643
2999862
249177
2545214
1341771
2228848
245961
4593020
3104174
4824749
2607257
4738831
3949630
4503899
4566769
4643220
2591849
4733358
3152919
742053
3521173
1846785
532772
4602583
4716013
4685816
3852531
2968181
3633782
520452
1763287
346281
2309643
4130147
195081
1241071
2689457
237532
4887536
4167062
3796240
976450
443265
3309984
2330664
167045
843059
2453273
730835
2654335
3761556
4421822
3251139
1658117
487416
4454670
2142252
608962
4805822
2861370
4506308
503826
467838
2731761
1767826
1294472
3721449
188600
2322525
1541628
191166
4183957
2523382
3450831
2263071
1661259
3070180
609075
3669929
4748577
3286388
929924
1315440
2776587
1744966
3435052
657791
50022
4761932
1005807
1134418
3790827
4700841
1168532
4329681
3662368
4028222
1557815
3213842
3234588
1620451
1389845
3898846
3287260
2763401
660864
4718244
2718969
3520400
3767292
4192436
2923204
4374695
2815888
415098
3164492
3861718
2012578
3663166
425840
2067675
4252878
1183928
4189892
2793074
4333550
2241501
4371011
426512
1534066
3064665
3645354
3378239
844268
3388695
479663
4099589
73276
4070333
3340832
2429688
3712392
4979844
3327393
760353
4642466
3988093
2253012
583180
1320378
2893364
1924000
663590
3373944
4655440
1422440
395469
3082667
4238851
1316127
268011
390679
3592150
1267303
1696699
297566
4445476
401599
2960885
4151270
4223734
899440
2007237
4101924
901475
562931
1745268
4604837
1748348
3192203
4404436
3229539
1687579
2230964
2315492
1901609
410382
461366
2663794
1219252
3730689
4864296
3709250
1195778
1896200
75113
3626980
392860
4943896
4211236
228798
545094
4904104
4889123
3463685
1046985
232790
1141177
4477220
3598178
3501324
2309516
807418
3777420
1781235
4139852
227751
3068010
1792210
2229448
4710292
4135766
853531
1989028
3394207
3174227
4705180
1498280
1178891
3726091
2537708
750870
478845
1719517
1927474
1240873
1736952
4489367
1364327
4303118
4623050
1732969
2035847
97059
4296649
4938959
3363982
3065427
4070229
553340
4163470
3892503
4589916
337324
3348985
2031760
1206962
4311915
1470143
953295
1087583
3479439
805223
3764864
2491656
657604
3068407
1615802
4488934
2246819
3187683
2961124
1639745
1065052
1329128
2537795
4895306
1020290
22519
175414
4428956
620955
4088586
229797
4846681
65395
2023240
2728979
1102952
4716021
654181
912251
2828835
1739473
2968490
3975199
4275031
2810125
403520
2699886
4803891
1659693
1197016
286423
2596600
3799676
3451205
3386395
3960135
3226953
2112884
4724351
2672887
3432618
1615908
722863
1601292
483450
1646575
3475315
1654309
1925866
1333038
1352930
4097604
3738279
4453718
2723163
1001269
4461871
3280255
411921
1026082
811806
3943726
1187590
2581685
1186115
4534261
1053573
469401
2118236
4740900
1583634
2048636
2514179
3024915
619950
2609377
3939443
2984846
211062
4847874
390509
2120324
3925900
4204016
3197801
4507219
1070926
3526717
359906
1540025
3989916
405157
262067
4367221
1336434
4802476
2251039
1543745
2858998
3783113
577464
3157
1566107
4784728
1176216
1004940
1510382
3162591
3123041
715712
394509
4152700
4060636
810198
3086519
1591937
307927
3573648
2937527
68219
1314208
3060628
1154481
4684406
1935335
1566579
3507195
3822523
1246189
3193987
3756709
3124678
1703806
748929
2524256
2463816
2292237
4949919
1236806
4170880
1154430
1136983
3185023
4454116
1650032
1143816
2627137
3113283
2590080
2875920
1211284
1636870
4018036
3382426
1298065
61985
3621710
386342
2444485
3545636
1411412
1895085
1442621
2662583
3590279
1754460
1533535
2470097
3223640
96167
4290561
2414624
316707
2965696
1637484
891828
3966242
1832456
961209
4594386
2949414
2660315
4755111
2726056
1314355
2139996
2466665
738027
4563105
2610478
889653
2886151
1917046
1827770
17348
1776819
3710870
975404
1458798
1252699
1923265
2926453
4563559
1396781
168879
1040661
855178
1328041
2429076
2122170
2231921
1135478
2500767
3474361
2830550
3784536
31499
4918084
1655267
3775516
3145024
2348409
2664877
4782800
4532448
678247
2851593
2509836
4341909
569422
2291413
1798447
1104393
4240686
2414009
286672
339273
2763229
4043166
4566960
3930136
4117028
290763
331992
1404760
3011165
3578309
138623
4340782
2551664
1969214
2785938
3097591
4353134
2348915
4184283
2593247
1598184
4269646
864810
1286097
744315
2546080
1110048
2839684
3890916
4577436
1915081
797310
1702301
828824
2040782
1474553
821669
130481
2284205
4770936
3885186
4223152
4463391
4661041
936711
2751233
4634197
2743683
1243572
3754870
4249385
3817788
1432439
823503
649651
2668630
3842215
1261988
492856
2396827
2857754
2486119
1998661
3666804
883538
3531740
3904662
4852054
4031801
3544327
270630
763105
1905186
1342426
654055
784085
436785
1122336
774062
4657107
3239195
2821991
4311130
1794973
4679631
1440845
3171198
92797
2654483
4075328
2980456
871466
3777532
2224604
313898
2030162
2210022
2680450
3958516
4174541
2565232
1615019
3695435
4691878
1990268
1537400
2757178
151369
3808747
971902
1214802
4855230
2773182
1510668
1467995
3179591
3689480
23359
1798898
1913132
2975666
2844348
2029021
2302044
1127199
1336742
3202869
3302236
415294
3542202
1896121
2054138
343834
4237110
1402547
716303
789572
2482833
3619319
4576496
3719354
4151895
3928398
3919398
2019325
3082332
3047659
599607
2461315
1932346
4251193
995590
4256267
2397200
138691
852633
377700
2240900
2086496
2932899
4084523
3017911
4661526
195281
4252191
4266698
3473114
690858
3223400
2307297
3073401
20825
2075231
4714338
4348859
3510808
1612926
598210
4088267
756836
4834851
904858
2526185
120261
1591228
2432720
1925380
50542
2378001
4297670
985484
282517
3641156
2078149
4448279
2714500
1614058
2108661
3074155
2972363
1285537
1477410
3819948
1759971
1025473
1495438
2566688
1232811
3029438
4830755
782699
1137641
3187494
2582192
3213870
1187610
508073
2426893
2303801
3782394
1243648
3166761
4259076
1009254
1778958
651256
3546260
3322591
1113021
4838602
2466986
1683001
1993649
3137895
1228907
1492761
806454
4535432
3797738
4377246
4178350
3936495
2380502
3756513
124067
4644391
4614473
174493
2580250
3041826
4139309
2479064
2163325
4680113
2834744
21044
2479901
4467014
2128503
4553993
1759524
4454856
1912602
1038325
1389174
1382325
3840290
2985118
1064496
1884859
3919354
4277432
771452
4830976
898306
680202
1381844
2627685
4390861
1906976
4275591
542409
2282101
2485403
3749426
1647276
353030
1871317
3919466
4871301
2997171
2205399
658911
434019
4258229
2856816
3971844
2418525
2720208
3373645
327985
1454183
3892763
3962632
4661825
3883108
426072
3279036
2709647
83130
2482055
1580624
3826682
1878087
1165276
4454759
3502672
1778653
4277500
4704204
2306733
3034519
4123633
4570322
2212374
4996147
4409865
2805985
2453105
119110
1845507
290627
1686373
2974331
1598546
4566467
213272
4406461
1319036
1557899
3075356
2792484
2603410
1322752
329184
4546603
2086415
4092051
4056920
4416594
2628309
876099
3093587
2678886
3647519
2252699
1039447
569024
240786
3969465
4093280
4997266
4701842
3926624
1473221
1520768
1176458
1759222
3066488
4342844
408722
639955
1846618
301105
961894
4026478
2465469
3676118
4827731
4315820
989428
769533
4030628
2611894
4830810
4976573
3994371
4110866
3372657
2937666
1936112
1717790
4394346
4728751
871206
3714976
4301879
3085951
810212
2386822
3908322
2057557
4320025
4790777
1330714
3740002
2761418
1878751
4256522
242993
1108997
3437242
2585963
2459379
3511353
738411
1029928
2199609
1481877
4911889
3575263
1651925
2573825
1823345
3216108
1507611
597736
4511458
884349
4254975
3058040
2244496
774090
3300167
1004696
650188
4261272
590490
1871610
1628512
4183998
3874104
2502291
4890456
4462546
2430806
1742547
3546399
1027470
4846830
2391126
3400940
4334302
287290
4638084
4694251
1948481
840618
727603
1029102
1373228
4064341
655834
4480962
1591925
1091336
4684234
4459947
2666484
2267880
3035225
1838894
2911201
4186254
968176
655554
3910919
858626
1488404
3526984
4809769
1924429
4769705
369896
952864
3448580
4350590
1050085
1896550
489764
3453635
3792598
115297
1823960
4742234
8125
1667631
1998201
3239526
1924038
4593596
1049110
627510
2635413
1789722
2625463
1940317
4004783
4666833
608102
3444435
3128000
624036
2499594
1460581
2778822
1464393
2978030
2657073
3275473
4231292
749756
2548284
3758514
3387956
4236385
2073318
4670335
3728670
665096
404568
1337421
457843
1542691
4365087
4304252
737495
4147393
3800851
4718154
1088997
3793796
1480893
4184442
282619
382702
2797674
829544
2565040
685106
1100065
1132294
3742414
3619684
4978625
1423619
4167544
2789753
1021581
3569224
1257783
3247221
344847
2678630
4609417
121084
3669686
3043561
1551647
3134945
1398745
923294
2036192
2306124
2247346
2826061
914146
4115872
3018825
3651915
4017149
4887132
1057397
2008390
3985138
364851
192609
4976189
1919860
2184579
421558
2048266
2228786
2251094
4611222
1916873
1368390
3500066
4103122
2680851
1144848
1874596
2852041
1877533
3126492
692152
1797045
292400
3255496
2836808
814581
353986
321843
22633
326857
3268483
2221273
2614967
1733190
3754056
3622402
4123901
4450052
3085766
2248371
4937659
348393
4814642
3272687
2703565
3527006
3145761
558739
2045514
4527562
3723939
1265541
4360758
192441
1419490
2762198
471476
2637690
2206228
1859783
3965567
2058898
4452394
3060974
2601724
202104
3347573
3646127
326424
492035
1744274
4700603
875696
2986266
3498993
2147632
2284933
2982564
2597798
1559796
3861854
1035774
4073271
2356684
771063
3483768
2918101
860603
2704421
3489704
3453501
653202
402561
2493316
1338607
931218
1829284
2291800
151644
876743
3934117
903548
2882648
4678163
3544245
1821785
4625460
3185512
2595859
1583607
3782613
3582784
76768
1935241
1755939
2420109
1727197
4897328
367304
4811231
3610764
1800234
2262361
2367317
3242104
410235
1241089
4397451
2782840
2846286
1197356
1107623
2823277
3328480
3959701
3517044
3651117
3929469
1469053
2112605
3422939
96511
2831552
71989
1465096
4484868
2455863
4019576
609124
3476116
671918
4938998
3124972
1972147
2178736
4851847
3936588
3061027
4590131
1285307
2367600
4417940
4170943
3846070
2118116
4180722
25773
2402514
3359408
1620962
4283489
2679643
4780443
739860
2132779
351379
4460899
2200339
2983550
1850107
1742663
1265001
1157924
2633174
3374681
2967539
1521388
3836821
1374745
3234773
2483406
2320034
366269
4887879
4845357
4323336
436586
2382057
2545362
2437460
4541204
4504874
1431138
224276
686945
1923284
2525019
3995699
940104
1408712
861616
4187420
1849379
1835276
935353
1812634
2923073
1674300
506318
3493133
4497835
880488
2447700
4798829
2945536
1286870
2707082
1896004
3264642
3350773
3237720
987049
474721
3964229
3953159
4377981
4387971
3241716
4451564
1926898
4484585
3038928
2820457
345431
2152398
1553190
1268039
3711739
4365582
434072
4580998
2569863
2640228
2575164
3868977
2604068
2543526
506821
3894409
2864806
921065
1579252
3862763
1579553
1905913
1926734
1942432
3989207
1418790
3959328
2675329
1259898
4590496
3804940
2944715
4192743
2889792
4370367
150151
501916
769082
4242371
3619903
1521315
3214445
1787104
414523
1229645
3933877
4837323
2620209
2258726
4468071
988972
1365652
3971886
4950576
3204471
2351022
2387690
4529839
1095257
4604641
2505269
2609399
2617239
723521
2004328
3713491
1610900
1927433
2061798
3235895
2644731
2054223
1907420
4549325
2795035
2966812
136078
3807002
3790839
3984596
146719
2689357
4039971
2238184
2742905
1496415
839126
2980962
4476321
1388800
3869411
1012181
3935740
4031301
4421334
2697376
4317172
4775443
704424
1109028
335283
1126398
2059022
1501133
4037941
2425332
810435
1268837
3224896
2860874
806232
4063274
147771
2454451
1322044
1436134
1094359
2861746
3838400
182905
3470532
2831237
3595795
2903784
449893
150716
1097928
2186597
1729291
2804533
717589
1289981
2724405
2515690
1363990
4920843
1908241
2098843
639032
4270768
1242119
2588843
2683554
4254742
3682862
768343
1824150
4244622
1366881
2909346
3585577
3109277
3809642
955058
2793406
1352613
2994614
165213
3850631
4816953
3959779
1610733
1385698
3221357
2427674
4130553
2594433
2674151
1353200
481089
4421173
1320573
3290003
129834
3694326
2703784
784059
336004
3894883
2667697
1648952
4032512
2020845
3810294
1851355
1407468
185235
4862335
2707533
4674560
812540
1791501
3949270
4998741
1392284
3142489
2223812
1004316
3085948
905794
3710610
418746
3392079
595865
4332918
2266727
4990687
528738
73568
2177525
4069182
4255321
1341542
1053485
4878212
4408427
4388108
1780806
4300883
3681361
3964551
4464650
4799010
653173
2309673
551501
2514935
2507719
3395230
3105318
2585390
570860
2929184
222262
4075427
71089
2306253
1044899
2427834
1860248
3005747
3038668
2482984
1768842
4658813
487079
4760222
4889372
4253002
3238403
2435677
4621321
965939
2285890
4462307
4911631
3878137
1351735
2824769
2434644
3849890
4985343
2832172
1318665
1346372
3252470
3822171
107690
4372249
3439083
2559562
3719818
2551221
771502
1708268
72345
4065270
3806934
219476
3394345
34049
2915244
1673580
2453439
615104
3433817
2766766
3074368
2462347
1552385
3927446
3969171
2492456
746943
369699
87056
527743
2175023
1586228
3827967
1970911
1399852
1558629
2640647
1848356
765837
1796593
4372842
4603461
1824421
1294570
527883
2907936
3006376
1846373
934858
4712883
1080271
2755426
2168471
1251322
4242898
2580337
1750293
2480570
4164906
4107
3793346
1806437
930523
1043010
1176090
2484479
2541869
2096237
4116739
1001750
4289831
3693709
2056367
4049953
4421222
4767497
2987644
1997871
1597781
2210278
555755
2993572
2270407
682452
418082
2846795
310055
4689907
1201046
431410
2491887
3279261
2588605
2970610
4137406
1243705
1851298
3895601
1202053
111685
3642974
1838086
599254
431347
684017
881102
1919511
157645
3079013
1784291
1436765
806073
883244
1090801
1570172
3242553
4653276
437500
1663776
3005574
4050696
1746276
3582586
4026906
4011865
2422970
3253873
904550
2136324
2153234
3381205
2280235
3445796
25535
3198580
4049269
4421804
3538209
3937898
993589
2314100
2292539
4184769
817401
3072228
497180
4842139
4692475
2586981
3493062
2791580
2440717
1997848
2012351
226662
1594811
3799629
292357
1605168
3543187
1476715
1879369
1323929
4512771
3849881
1902802
2647315
2440998
2032116
3640666
2357989
4632616
4993897
1332128
2306302
1542191
1349286
2630804
1844182
3306882
4260413
4406716
2525815
303963
3591199
4414406
3604350
3962450
4436337
481052
597513
1656726
1386368
4272008
3309442
4329565
2116322
891839
2113181
2824135
452328
4874533
857890
290741
975237
1763255
1273606
1786711
4460203
1192536
1340998
1499972
3136501
3815406
1666408
4347627
1891536
1659261
2363812
356329
744585
1722716
4530981
3052364
1420879
4210496
4566824
4111893
114241
4939339
3108467
3977807
3187419
3325858
3092264
503792
533376
243832
36404
3143711
2725985
1334422
4707461
3405168
4217610
2658625
4268300
3616678
758296
4805140
2741159
2819765
495994
4846710
2082237
993235
1677986
2071313
1705354
2597355
2772651
535456
3342292
740442
1422471
552617
1447850
2627971
3653262
3027749
4710998
4665749
4922409
1278083
3588584
2579132
2994367
4153484
2999696
2171062
3573531
1374460
1140939
313411
4557351
985219
3428795
4337296
3835692
3869334
3594291
1269780
2676184
1801004
4445191
1332554
1256896
4842906
4106613
3553110
1404163
4240626
498705
990648
3132446
3466126
2994466
1400696
392398
492998
3270419
1194845
1865723
4775507
2203296
4461595
709649
4398502
4237815
4324374
4649941
1157896
2837448
288133
479357
4943856
3169776
4901506
4236553
3853553
4955828
3404925
2920027
3394307
4334223
2377158
3524122
4858858
526790
3979786
3215909
1150537
3752789
1451050
4631773
2583592
2074591
2783370
451450
1382698
4090137
3550553
77113
2526160
3316315
757089
1816051
2661419
3663670
2945275
4127873
1626329
1620335
4531063
221221
3289885
3755062
268906
4750820
4703696
52299
4980620
1385376
147921
785197
3780512
4459381
1480355
476735
737548
3124610
2070925
539504
3831218
892854
4882730
1513001
2143793
1330025
2900346
1069559
332169
2005635
3831971
3538251
4166949
1469408
4539845
1515528
4070483
1002501
250899
1851949
3645247
2824236
152494
3592600
4799463
2981250
4246225
1878442
3353810
3580933
775872
4220183
2545250
354770
4215314
2557837
250211
4678718
379878
3776932
3033207
2963927
1306083
4487450
51523
4298637
2416127
3517141
1277759
3233596
1032565
2833039
4685320
3051819
1052773
4401472
3975538
4536956
3690414
334398
2669384
4604786
4621022
536010
623740
793959
1359251
1149583
3048739
3616844
3247442
639177
4771243
1104243
3800320
4690152
1374593
941038
2777816
3813029
4681883
702870
3222495
1144032
4503401
4696787
3133394
1630496
1622230
2009010
2358673
3580591
1951873
1504250
2185625
4801582
4244044
509464
26936
3743151
1523772
4979691
3250323
1866907
2970227
3512926
2804169
1872130
552419
384646
2170256
4442501
2049775
602706
2041873
1555941
3206901
691646
80246
3749822
1699910
2035527
1157233
3938192
2105221
4945180
4250761
1406075
4460454
2064431
564851
4887176
4515069
1093810
861291
4697143
1696844
1775141
775388
3222844
556262
3242126
4958528
4311473
2302685
2240867
4350975
4471728
1403369
2807361
989410
141810
2025111
4198295
1194250
935134
1351217
3270022
4924145
2201440
872800
45106
3676259
2405911
3829472
4981015
1091561
2787643
2748217
3024877
631686
4025466
127224
4645479
1583682
3107807
2037283
684654
3239516
339963
3678285
4212772
2026415
1076096
156376
2066998
1741228
1154110
2130899
3868447
1359300
3760013
2371382
937608
996953
1895008
4010726
414536
2814211
1421970
636965
2050137
436077
2680742
1678975
804771
2782733
1070451
71904
1395453
2332407
3663177
3599767
38422
4694427
1208556
499076
1347696
710825
1426781
3932167
2800176
1385850
2336392
996620
4881951
2584060
1431551
803980
4037544
4098805
1008092
1964562
920274
3101344
1567740
795283
4136215
3930630
364998
3097834
4491982
2320073
1639302
4847300
4885080
826733
4602506
1247641
4050897
2705927
2087218
1597222
269088
494960
1059488
34575
1339007
3959773
4630566
995740
1661753
4112172
4777067
3036523
3967106
2143503
4267620
4613616
1711232
2917880
2883872
472166
4605472
2788334
2475157
1419963
1549318
1829267
1466759
2374487
1781236
3905691
1586604
3521796
2934109
473826
461465
1426230
4253738
1212011
3226426
4722938
4240103
2950438
33613
1678940
2102750
3782098
3125768
4191491
489875
1509908
66254
3151121
3550087
3726437
1911843
4678298
3339174
607200
2870302
1876753
4753586
1435610
481609
4205443
2220842
1062559
4645557
2329105
2889943
1912725
1200501
1714029
2016083
4754955
2786111
4021490
3104983
268902
4268790
3721096
3283528
3835195
2460367
4470176
2414477
70413
1821886
1914207
516784
1914387
1957123
3258969
2513831
1470294
1471769
234242
2575296
796412
1929502
395246
3163331
17978
3683559
2142060
4764136
1778260
4112158
3543564
3917348
1406961
1458348
4096991
4058435
1155589
2171318
4590325
2594442
127650
2221232
2911904
441938
4870505
2971234
2391384
3668743
4124560
4492747
2633442
1379160
1958150
661325
2054486
3497006
3229152
3928903
4143154
4794946
2048796
1222030
4663978
3794702
2028597
87773
852831
1086953
1367768
119073
2408427
3911012
2500967
2160678
2323354
4988056
3805033
4383337
4749244
2323463
4857288
1068571
4566768
2213018
445038
1181191
4243518
28243
3537594
2556704
243218
2980141
3279038
63190
2163170
296888
2811396
3703327
1290978
788707
2860217
1976276
3350787
4830849
4254026
4150131
632036
66031
142949
3469287
2981398
2174628
444539
2304048
4287718
4285025
173616
1199004
3630588
2486089
4621297
2787035
2175617
311084
3258724
4164932
1730683
4220618
3349174
4627953
2486890
2773229
4731835
3063241
390109
598098
4242246
4140442
4978221
3106674
2312631
2412970
2157308
792373
136613
1467917
4815774
2517896
946854
600857
4408718
640349
4212826
4219259
1425494
1846399
3166275
3626192
3887619
1385592
4576564
3565202
4082137
3576944
1462122
3916110
4757698
1279130
1648256
967561
1943309
3704327
1460134
2555442
3285368
921220
4820368
3621296
4804263
4530336
2375233
3163787
3381132
1998681
4334734
1067043
3465095
1485961
3397557
631179
1480444
4610380
429110
558797
1452808
3594214
3942679
4370791
353676
1471141
251673
1139545
3875420
2013715
2661241
3865291
2456408
4378656
3432197
4806137
4323442
4869253
668170
1734668
3207444
987901
2563825
1163111
4288716
2921697
4558329
183940
2541615
3490233
3285342
2978049
879826
754980
967007
171609
1440311
785652
1704034
3305183
658528
1922237
991084
3985451
612132
4093346
2761538
3147285
513441
203322
4647789
300217
946307
2715594
873282
3084467
1734940
3816466
2277776
2773995
2188609
370988
4357364
3059565
3144733
1430277
1163084
4400574
2217749
1778969
1865347
885448
3686071
4735125
1055501
3342751
1731098
2429099
3447411
2237077
3728350
1198229
2810457
4419022
1933397
4452639
2368989
2106533
99557
2573507
2032943
4006158
2258773
868938
3944534
1353889
2055810
1745607
2342871
3676618
4531838
1903206
592227
3299629
2903875
350045
731183
2403158
4479941
1874003
1804359
3833854
472895
1067187
4514729
1270408
3955096
1809280
4275622
3898322
3218428
2297924
2243621
1806534
304267
4159143
2484097
1794775
490854
3885710
1780624
853012
4291841
3849880
1465775
4685462
2755700
3216979
141052
4894064
1146731
2318636
3797325
3099107
581227
4232897
3743258
3559074
2369708
494450
1775970
4611712
1874520
3786001
4103503
2749328
2960244
3171201
350910
2328591
279532
810708
574629
1396667
4521529
4674158
3338169
4178660
4803420
579900
3102852
1935454
4753088
4442436
254678
302179
2374289
793917
2009708
2849422
2412243
1979047
1104521
3828292
1919289
2739398
4935628
4807792
717418
4667685
56425
996361
4375188
1546814
2434681
3204683
1739509
1890899
2107264
3572126
2118941
4903972
3020308
1994909
52362
4860268
199227
1928606
1138229
93395
1577429
1093684
3439276
3929676
63290
51065
1930467
2783939
2313516
950470
3118789
3100305
3782580
234483
2112030
68302
1818208
1129915
3634987
4588134
2570554
1741784
3533526
2552404
405711
2577579
1036787
1936125
264041
3691124
1472123
4973949
3513113
1141953
1287444
3798998
1169678
1076830
2862595
3729229
3360109
2111357
552121
1376278
489392
2037713
2280348
4230603
4921001
1744203
1232585
1270436
998852
452089
938823
46296
2395758
2760975
565313
3347045
4861087
138625
4613334
1292879
600840
1400463
4069759
4963073
4501226
1138057
3950199
2191118
571731
669642
2218241
4044271
3025278
2537608
2512069
1985043
3146165
1169207
2735070
4380308
1744009
101741
2725359
2402
2735904
493903
1183146
427937
3546300
3278289
2117053
3020259
288533
2904820
677533
3936323
3964969
130649
4588712
2660240
4673621
3754022
2921127
2660696
580178
859474
218189
1361240
4476972
1600998
4826082
4975229
2628310
640685
160246
2845031
2388334
1483101
4804108
4535352
3208258
51129
4940856
968483
4628962
286593
3754818
4186213
4661245
3143868
3356665
2367782
682221
4357870
1349235
2767959
1444375
3055125
4110763
1973111
1154920
539198
4619975
3328139
3197777
4301354
1483768
2767659
581951
2788799
3138470
3788194
2108958
3803654
3276138
2593637
849899
156237
738582
3431533
1418658
207588
840579
4264040
480381
1544389
4723051
95581
481984
3104303
4295699
4300223
895305
1311670
3328600
1742953
1149448
2869514
4114032
1302133
599304
4351853
3625145
1246992
3217350
1526070
3983555
308025
383636
1159389
4199686
3495930
2723679
4993395
996070
3166716
1189299
1493993
861226
2511959
4280029
3157725
753815
4573703
3551591
4449975
4184255
3167417
3155157
2983353
3784869
4005136
4997983
1673967
4055439
1642149
920944
1927135
798225
18917
2170808
3347182
1761914
2152002
3468209
1500839
2181678
3514894
3112775
1209910
4658717
958169
2661870
1421667
4824515
3952283
1023173
2302471
4591809
3269023
2798144
1097086
292029
1402470
2180100
517497
2668412
642213
3648664
1121742
4536296
3585363
1182264
4474575
2605895
4865779
3831385
2218432
4527058
646132
3810466
3414611
4955827
3466937
4806275
3891039
1763154
2785391
4266946
584157
2369327
243765
2658609
1642700
4242985
381502
1543851
690918
4462967
3142523
2896685
3904200
222342
903853
4387916
2379826
4816363
1049471
3920959
4872007
4174418
3224434
541736
3139946
3928650
1765833
3922450
4848325
4542509
4315341
3509759
3832759
4405936
3345232
1816858
139669
4690176
1899137
1017155
16201
2141615
533660
2043931
2843438
2380337
3144543
4303334
142921
4756134
1105966
1532090
4157426
4500279
4183143
38123
1225036
2267732
4112519
2796962
2510257
4452936
4272154
2915743
3688972
1835297
1841151
4542687
4025144
2782925
1098920
4614166
1274138
554176
85650
3843751
966972
4379702
3102091
2356205
2340730
282893
4781271
3092879
1190840
2683755
4487959
2648154
3015271
4817677
1874844
1001952
137021
1639497
4343887
1658686
2533493
2713964
1797925
929889
3376681
4070017
3262538
3775478
1069602
697782
3585579
222866
1346628
25111
3265265
3190428
4030322
656744
1183464
941028
275911
2163633
3345248
1260472
1689638
4841553
2287210
2290525
2572106
4649354
4152159
4392499
104180
3239736
3251233
2895789
4623462
4103400
1159242
4483060
305563
355134
348872
101644
2394781
4945792
2887329
4703841
1003691
3217745
1816351
1013602
1112676
2739013
4843008
3775248
2281799
2189132
2509194
1964146
1286082
600742
4212877
1760745
1885068
2983378
3876524
4639285
1150630
3614271
1468666
1217830
724586
3557708
27544
2741825
3256943
1729034
4117635
788998
1257721
4096230
2102906
2121266
1717026
966667
1931058
4163451
2371413
3826915
1447266
4644776
3456331
853810
4613741
3383770
2075023
1281051
4146004
2738816
4989564
2006208
3904528
1453761
3469191
3051843
1930876
2629749
3896511
2236903
4851983
376822
3041760
2053137
3199341
2505025
2137690
2931158
2194724
2341159
3757112
1835980
1469458
1273684
2974196
163727
4137280
2175011
3668823
240934
438211
2901457
648955
1587109
3479318
1864465
4329332
1221938
1278972
4610927
1721284
2147128
325070
511811
1288528
1130927
2835761
498399
4477855
4155302
3513092
3849324
4584458
1747545
2017555
1918314
4774614
1272264
2637111
1537893
1090322
1105887
3049937
2023535
2006193
1388028
2270279
803967
472431
4393746
4848788
484933
2695204
3540110
1743175
2338212
3779145
1672930
1499403
3922413
3808148
645891
3209364
1066168
3540553
2616787
4459647
503956
330720
2288213
3270006
4526350
3960259
4053494
3915590
3414147
1951413
3902143
1265942
1562739
1619487
523388
1674722
4270238
596538
1627817
2858949
4020213
4770699
2138840
4334984
1319885
1126107
244459
3531757
1460793
3218449
2434384
2892181
1190605
1549388
105992
1042282
222315
919708
3519551
1245008
1348414
3581452
931112
2720233
3439676
1556263
3290072
2978874
3254569
1344539
1028313
4471335
3367706
4507850
1551905
3916309
4315420
1856176
4811432
2658564
838879
4782271
593991
3297733
1504138
4111888
3603785
2881997
2779410
957602
2360054
984109
1537146
3266270
4774049
3842317
3187791
3217814
2483890
2025741
1610659
3524829
871932
2049077
1396007
2039251
2149222
3387241
3509550
3051222
1887338
4535717
4758027
1182360
3463647
206132
4722031
2127560
1951213
4769877
931190
3502057
4744235
1432292
2590771
3465050
1349899
3145549
1385706
1186718
1717803
2323235
858892
3852810
4376759
1765986
2534710
2860208
2278162
996114
3556102
1409879
4144549
35908
318824
315535
4445010
662241
4656417
2003794
1597046
3587868
4706707
2547099
3800
672165
1232226
1194245
3368916
1230159
3523649
2666870
4976376
1670125
4715311
2837788
2224275
2889856
2509791
4381856
1996773
38849
1186000
4490458
630026
4191568
3603163
4320693
1990674
3212087
1822394
2518521
512619
1246405
384876
4721549
4503120
501731
3084115
214089
823452
1286274
3101263
2831099
798031
4456557
437950
4743314
2710780
2688833
3674482
1351951
2251426
2526078
4610431
3006247
146274
1587635
3603912
153058
3410307
759212
305976
4703204
77240
2205049
34921
152908
3397553
2922587
817250
2924116
4658974
1170123
137932
3925108
2918082
4037252
1748812
4210714
1273704
1867731
4835704
2535105
2452165
3436632
2692834
4135384
3545572
4810723
1704442
1951371
909913
1617473
3463807
2364037
1908103
2650005
717305
3081019
1065218
2913531
4866827
2527308
681288
1786825
2172720
1516043
4957759
2654567
1414595
1883410
3296577
488065
649395
1238936
4575009
612675
4895497
3558813
3523101
698641
1668418
788915
2302338
2152134
1908845
219255
196754
4237201
4446680
3849235
3786523
4543724
68856
645181
694489
4656412
1565203
4879379
2233650
4098592
1773787
1928073
340543
4974157
4969771
3693919
3025652
739792
3569504
3555068
4963469
4049782
820824
2184999
155223
947215
3011686
4372002
3032580
1056767
4226837
4525091
4727703
410436
525397
2899371
4003777
3942448
2175952
4344896
548579
483708
146586
2494553
1276334
3853080
3798306
1301555
4172289
1245879
4381136
2515321
3522061
816670
4480887
2342827
2210126
96385
94263
3173231
2977664
1152276
1295665
1535246
4793850
3846188
1252291
2543406
434940
1350829
427643
2933468
1507235
2046242
2178089
215871
3895390
3826600
3626827
1734142
224107
1572792
1277655
4712803
1614070
346454
1479728
1439374
2812102
1102471
4673482
1186014
910144
1730999
722786
2968504
4211682
340968
754543
4172319
3243205
4380163
4253624
1401517
3275725
4607694
3894102
3444272
4868474
2906995
1279869
1149147
1603154
4728285
4824567
1318599
4343313
1588471
3551906
3543145
2870581
2730644
117626
756678
1338750
3661587
69763
1171208
3453749
4760441
4930660
4974877
2050805
1179355
3539279
4771210
4557694
2284896
4305106
1685609
2790643
4731848
3292332
690899
842872
2746148
1924541
576635
60309
615128
4582229
3882036
3902467
129892
4941597
3697383
4669990
4982234
4429203
349764
1726389
4009284
3175470
4013805
4537062
3930722
4920205
1038543
2840808
4531343
4631647
1075197
3519762
1125795
4520862
1120965
2645049
464860
101878
3404871
868987
2773999
2031112
1297038
2410189
4801200
2588528
2980473
636419
3360512
621097
690967
4347494
1831615
4354541
3034470
1251130
4649592
2828962
591140
1898579
3736225
2046513
2077092
2595352
419052
3817524
2470792
592340
4767964
727159
570057
3508258
4178882
2304782
4191685
1962126
1176804
2036574
382741
4913659
1430629
4883650
4922785
3509632
4777011
3572709
3678979
33684
3305502
2564646
2691597
3828324
2103951
4156408
2894500
329553
1239106
1735004
2800443
3801792
3154744
409513
4906594
3825114
3451288
2791055
721311
1468384
386994
1695116
2933924
2750969
1071864
4796766
953721
4454164
4037736
3076432
1045525
4840409
335580
4230989
392266
4650253
101173
2919654
4934801
1419557
1770384
2478056
1119084
4544867
2427959
686150
4238267
3526169
4593484
765134
267288
4803556
4208871
4490701
3149948
2518367
4458581
369395
1656309
168956
1224405
3732804
2072770
2308382
4816690
4865897
3680040
1680345
1831912
4971410
2914270
2392481
4392432
1220640
4321348
2623806
556189
910567
4731390
639259
1411313
1511589
1691309
2888731
3971316
2296099
1702832
4178347
1507194
1724101
1592428
2598169
4252860
1139406
1199777
3858623
101765
2486021
3853487
3288784
446956
3102724
1162645
446100
3616331
3019227
2470312
2205393
1000272
572166
4755440
2745517
4154574
695532
61874
3194598
944491
4789203
3650663
3548662
2045575
3170346
1018574
3749971
2269849
756925
2137717
2304630
2563281
1186480
1338338
4677789
203161
4942545
1706440
331261
3854930
4504002
2275418
2236431
1535977
429254
368555
2340375
1836580
2634064
1332700
3057750
4341424
1080814
1820696
1782908
4745343
4706760
372142
1365403
4043363
4446065
2268870
2562765
2529904
3643410
2499933
2823439
1030189
2577610
4104348
3113133
3607266
4682981
3799104
4791259
472427
4706390
727226
209118
1444264
510281
4511896
4616319
1556737
435110
3908471
497378
4481453
407669
3169282
3722060
1472011
325279
944694
326030
4725715
3645017
963784
1965758
2012439
4023148
1931014
1076700
829379
3041886
1452745
3381565
4632641
3585086
3985881
1318415
1628695
2190219
167013
3961390
1529962
1741840
1766365
3703297
331362
2004163
2108069
3005164
361856
4001842
697673
1804441
1927226
1516732
2590867
526577
929898
3297890
3287117
2520489
4770617
2311471
3315574
4799708
2482360
202681
1306495
1129717
4671306
138949
3047526
1002861
2281998
1853711
1856785
1813869
2240295
3467575
4638267
976418
406838
1728798
4730072
4727288
319617
4058572
97770
2542153
2450147
1565632
3481198
3807855
3210117
2976062
3047968
600021
1974218
93798
3189390
834725
3772859
2549417
4228621
3020332
2908743
3442440
3193254
929933
2852252
1846572
3471135
1311508
1755976
408448
4589607
1136489
3226836
4025539
4629153
3035685
1194339
3103509
4940164
3644248
1766735
4167531
927616
1167786
3150198
3598622
2134758
3481654
3082016
455595
1115531
1557309
3957355
1786730
3865323
4010498
3223770
4584263
3102135
1674067
2595852
1689257
1857189
232447
4005624
1290164
4908805
4881729
4042135
4979261
3687804
3521184
2788928
100001
4255676
4348867
479074
3939149
3295339
2058494
57544
1573244
3704230
217951
2094661
2404130
818511
763142
3286795
1507371
3916884
156322
1753723
2192399
3902692
4467400
2074224
3172965
3490813
195228
382290
2791850
2476506
1279443
1980354
3807669
685220
4248407
557424
2835818
4946760
4949772
4510611
1554979
1442206
2625229
2544638
4219517
935569
4860955
394407
2501912
4609172
111595
776570
4182728
3085061
4966221
3201271
118104
601959
180470
745751
1622377
2616859
2537806
2333899
4759548
2021913
2585269
1775137
3840592
531188
134716
2443479
3055655
1410984
939727
3243868
1566052
4479617
863625
3136389
3900488
1986443
3715240
1974017
2939892
3269758
4474319
4532464
3901603
483112
1289525
400378
1720167
2647202
1774723
1121798
634638
3710359
2210754
2283879
4454520
1819419
3035724
1650979
1582838
1070183
2863517
3803669
3894358
3568125
4003194
1829594
979768
2517211
749640
3750061
658809
2975396
4805738
3315274
3417854
3471187
2825611
2933316
2681454
2747232
1441428
2540275
1714290
4719909
2189782
2269936
142807
810516
3359554
4410925
3908474
4822416
1925144
357895
1568808
2440388
2766395
4525769
4126745
1162338
2806368
1412882
3483886
4404149
1911705
3163525
4209309
4918595
122460
2666280
949520
1532582
3817958
957755
969564
152720
2513495
1907711
349773
724133
4762854
1424208
3539180
367986
1626394
2080639
4785308
3573232
3545131
4146798
3342874
3269769
2617708
2571460
925773
368079
826906
3754792
731777
67826
2465203
4932350
4450629
1909397
1538000
2354200
983792
2692733
363863
3565554
1465621
4168570
1706715
2793256
204222
4650418
849088
1325645
2039327
1502567
3763983
1528379
1670721
2343367
2622369
3833756
802768
55377
4586969
4482334
1858615
3707150
3560661
1650855
1483714
1620452
2040328
224596
3483421
2664330
3620590
4991965
4209710
425947
4881605
3555017
4664870
2739905
2801890
2181757
164103
1801393
1089338
4954250
3031406
3314570
836769
3476424
3159759
1130157
2333690
3790911
2799112
1387147
2375868
2993252
965863
491194
1706917
336902
2406784
4049875
2112340
1694875
2926456
4911783
1923283
1457503
2437790
4730348
2386247
2874216
2420488
3565336
128764
3139889
1861907
1476458
2649470
4877827
1721405
830945
1155442
3000904
3497729
3006691
4958496
558287
4229083
3458489
1844011
4269316
3659063
2940483
3853256
3349912
3225010
2260593
232860
134902
4523721
584043
825856
1102488
2770582
1229190
3783238
52729
4009268
898142
3396384
3410264
4280451
2208936
2100492
3009860
4213707
3643284
1937199
3881876
746476
2131442
2134389
3400752
2539140
4687818
1465072
4556021
3866346
928869
202153
1913121
716903
2276508
4677495
4523584
2184940
2718801
950565
925873
4932284
4163967
29261
4127061
1856597
4745876
625450
1611362
3232219
831206
4979020
4436041
4481119
142560
1112064
441682
4745928
2851133
1433898
2349080
2287842
3097429
3351226
714372
2826198
3340694
1990783
3566622
840484
3479957
667797
1610126
4446083
3530956
4335832
6556
4895220
1763695
2800250
2049502
3751323
3472354
1460666
606692
4611937
423805
505723
1452717
1610356
206047
3254123
1549791
2176222
1029844
207176
1342734
698832
4016559
1901452
297415
4228425
3622082
3504420
1451965
4153428
263897
513566
100817
3363615
4158956
4426054
4758375
806421
1007641
3467437
2348600
4584340
621225
4811430
1962732
587918
4220681
1080099
1910216
4061764
3648694
10080
4447246
1427418
4038798
3994154
1506211
3982736
4669811
2196744
1846519
2334705
4202183
4021046
2531260
4836800
1789616
2514862
4512428
2595967
2916910
908876
323420
4138205
3613009
1648262
1210972
4882966
632886
3123154
3883023
2951705
387940
2639771
604157
2148937
2498519
3940957
3805632
677560
1333467
2787231
4211970
214723
4166439
4101887
218184
566671
4955608
4787966
4021664
4936041
2806086
2665686
1370302
580449
45384
904336
2831268
133187
413328
2309154
4101597
1503008
3751899
4107628
1938844
3003751
3045119
2335540
779302
3395958
4868221
852459
4340295
4420925
2074964
1262528
3571804
3515234
1916764
3668316
857705
4447190
4057806
64936
3236651
1051422
1774851
2586835
2140529
592582
1211762
675275
1790944
4788279
999539
2585122
2136092
3205717
2006085
1582263
4299253
4215457
4554035
3643710
2182832
1985996
4620447
4820299
39793
4332810
4540585
4684648
4124187
1741187
621844
3182320
1868961
4663776
3774263
2709249
2946748
2613925
692174
1571140
3908834
2231247
1226964
2478302
2643800
862698
3422047
3536390
3287344
3011455
4302641
944711
2090561
3415019
1558314
995147
876713
3626853
451204
231085
567284
2726839
1901222
2544236
411724
3880954
2180065
1430616
881752
4255090
4461402
1369105
1569872
1741463
2193572
1243104
3737175
2716376
3078463
4361861
2235957
3654829
4318063
1750138
3818486
3548084
2580681
1945603
2587200
505989
3043210
2488550
2187188
780621
1530860
2055615
2035039
477160
864740
4237168
2902520
681245
280135
3112544
2995457
1010342
1440007
30615
4024850
1308792
4135693
4768835
4203253
826998
1499623
754521
160241
308052
1257598
368911
965688
2407660
1364794
41808
2721743
3157271
3874328
2285962
3523113
2996498
3288273
265963
3525618
2218930
2800548
1276042
743682
2136687
4675207
4162009
329549
2257364
4230832
4701394
4055015
3651368
587035
4672302
1687645
3184536
2769657
2763290
586919
4745986
1827004
904796
1770470
3555615
3402956
2129666
1118128
3671942
2386662
455710
625125
4336552
3900899
4296873
3124191
1526362
1291233
1334488
2201101
4948338
398598
4631229
3904511
4760780
2388286
4936802
1788050
467295
2211579
4933306
2284782
3088775
1020075
951691
1914653
4637445
2223047
3371951
1802598
1268959
3543674
3065421
2153942
1402205
4847057
1000561
367174
4131465
3304776
319928
4592509
3804624
722396
1577011
1014614
3737529
518009
4870434
2003554
4718426
1055257
1224786
536693
2211957
4951978
3119941
1749799
4905511
4213302
4299312
853196
3023985
4702852
147219
1161163
3335883
4930469
1528777
3144673
2385022
3090455
4942107
2255110
2576322
41559
4782940
411434
2832571
4087596
1420567
1540900
2501727
2506517
4693005
1812402
4479616
4664399
4415012
2590808
3292635
3601424
2063993
3098729
2944051
2546100
473985
974966
4154387
3826057
2656634
1459939
3248755
1395748
4545471
2133783
2129992
1845563
1953266
3614760
2343066
1532318
3603215
4445255
1834338
1240929
2881418
720567
1095207
3817273
1709233
3532866
2790249
1506692
2666354
2097874
2143969
4091282
3195634
3796633
240115
4229104
4076364
494434
1243621
4670461
4642118
2668322
166788
4505771
2210494
1723301
2671472
3761333
4766637
4012818
1001082
1093105
2459322
358232
1388547
4678409
4413028
2971325
105443
1341106
4670379
4201096
4294195
1171619
202005
2905184
647193
732272
2392086
1469126
3007175
2104995
2716740
3434527
2421043
1920375
2034807
1905350
1939314
4729193
2283184
3761984
127427
3276416
618862
3669892
2787039
403607
878977
469683
3001327
2881515
507595
2869137
2635657
40175
1337552
3093161
1322126
3117910
4438764
3925633
3451109
3614870
203682
3907828
1297351
1918524
2143193
4839716
529546
384003
1690366
687078
3933120
3192156
3580945
3499649
181230
2495047
4626992
4436029
4685574
2241636
3539192
4467220
1130419
1478055
1303068
2792372
1162503
2282527
1556387
1823145
1385516
976156
2247367
2249966
4770290
533986
2789936
2218069
1568513
3337825
894560
2732710
3936641
730197
3922140
3759248
348751
3105495
334580
800748
3922493
2201493
4629268
4739812
156382
3296380
4077761
4211655
3264741
4950547
1410192
4686354
1003650
1557075
3915966
4405455
3313386
2462246
4502936
1827938
2416207
1087082
3720973
3355826
3512390
1299687
2566464
489106
2336603
3937893
104290
4699195
4259864
1070896
1742230
4441907
4980310
42696
2240430
1463048
4738760
4281524
4294150
1860844
1680468
3852040
1919906
1639083
1071783
1795831
1480445
3936713
2594711
3005687
4558565
4441176
339347
37033
166247
1577258
1702512
2915781
659745
207503
3146932
2716433
4017842
3524219
4171265
1637097
424397
3363512
3903650
3726533
1424399
922084
581478
3937731
4791250
496747
509461
2396220
2434239
3488567
794413
871361
4739449
81222
362012
1361144
667521
3772005
3694627
3247766
4528020
3397123
4751343
3982931
4414509
4385061
2256800
3427811
2321185
300670
2938496
4731664
839885
1165253
3345713
2955028
4819368
1974055
4948447
2472024
380262
4486689
1933229
990212
423730
2709262
4217405
1493196
2546656
1583512
2721914
2097576
2943201
3352958
4751834
3562814
2483920
2673900
428573
2337065
4755721
1095029
441566
4864400
904515
4115656
2802873
3682810
2411655
1647069
223991
989978
1206974
2303057
3701712
235928
4478215
4216570
770084
4147077
1723715
1163158
1555441
252960
3247545
4857755
1087586
156004
1327568
3006328
108960
74874
4068923
3649
2924247
276946
1474486
575671
2266987
4241371
2289004
1896630
2180942
2669615
2033733
4499754
967504
1757542
4440785
3701504
1496525
206228
4992792
3559707
4825862
459343
1523734
3892981
1890265
1341164
4580337
2248509
1585654
464607
120536
187603
4092383
2654486
1967125
90500
2745017
3389432
3885374
2240489
557995
1902502
2478353
1222976
3377327
1869581
4424134
4589778
3175110
844597
3891393
3512214
2519293
1694818
4781990
60724
2926716
1672588
3842171
2369310
4687989
4093407
4082900
1132130
1294679
4863180
3653271
2355249
2977500
1869371
4931900
3764189
1000129
4488714
4026280
1458168
2798222
1248843
3159008
2298680
4569554
781667
2680202
3798731
2368227
1915177
596718
207776
3309055
3791415
434606
172632
1627208
1259716
4670239
2642618
2087423
4117505
3900945
1469127
3520902
3973522
4633244
4956913
3953312
1161672
904914
2547513
2681478
4250025
2197501
86897
2302430
1400384
556404
864541
1832894
4261186
4433760
3060116
3899792
1681945
401934
917458
169692
4416772
1039643
2509290
1751290
2058746
543560
2683291
368765
2805295
2441531
1501254
1226734
4451825
2043327
4431244
2675994
2245696
2281320
1661365
3768235
841995
3932239
342485
4169948
3991988
651018
4062610
2377370
423914
2727913
2476988
131324
1447844
3141009
1598477
1723033
2500333
4472172
704281
3753884
2204668
1195741
629755
1540950
1174236
1845073
91867
405353
4254407
1773829
3280424
4736678
712982
875329
2243409
2859853
2634023
4105419
3710980
4271351
2893285
3172028
2081584
1943726
4391759
1661220
3902799
2782988
978052
3107411
3593226
4958653
4116034
630311
4327635
2635602
546065
2564631
3584693
822222
3079452
1636219
3005797
1216209
1162725
1313562
3186992
848909
3812506
685328
2661750
2467109
3360777
2130871
4242226
2456429
369936
3085377
283344
4627496
3115399
2015121
1021768
3915495
2948360
1222556
759670
983617
4861803
4113451
3421749
665306
1854658
3516870
2708456
4182923
2854752
4819303
3156729
3915870
2067412
1218413
4360408
930156
2507181
3238010
1948257
1755499
2278372
116913
3624356
3406823
4725752
380200
4624433
3369848
2865465
3240827
2962536
2689629
1685104
189548
2452729
3035565
4751480
1319862
1694473
4140208
3815195
2272558
2900601
950569
1054783
175072
2943059
3537789
1861283
4783955
1402471
4807222
2561952
4150688
3182588
3616430
2643995
2732929
1386602
3166735
3611688
2266250
4747229
4028689
4839680
1631157
1732545
752104
4159494
3550837
2532514
2287310
862717
4045323
4216918
2000978
1037139
1874151
4481449
1060189
786436
2394227
4780996
238706
538753
3210038
1335093
398223
799012
2089991
1428670
2641880
1195152
2483027
4512405
712312
1364957
1327560
1726369
4271242
4017512
4163254
2577071
3730082
87927
3721975
1074292
2690687
4839028
1018035
2934743
3375289
64025
1052528
3794004
290265
3496845
4156222
1866833
1745495
3244978
1404214
4458442
3461497
2362845
2134189
1993673
4613512
2485800
896417
3389060
1209751
2261203
2562464
3353584
1265632
1006368
3034398
558508
4068198
4531488
2732267
2432116
2425088
3595636
1521419
3732040
1566552
2780891
4236246
4540853
1399395
138561
4877214
4401215
1745015
1778698
1881617
3873416
1011931
3475521
474010
4472853
84927
3352661
1044821
3216891
1840147
2010895
1084851
1940704
2297557
538941
3775410
1080143
581550
3041021
189930
819394
4819217
1003309
4445794
3128516
3150913
2014329
39243
2949353
3540964
1763847
553154
4249911
2763021
3314455
1035265
606382
1416592
4375929
3359995
4775297
3016026
2488179
3657437
2123813
3270759
672315
2836699
3296950
4683800
1933634
749601
1989745
3471386
3634260
304585
3858856
1870386
2047952
3468682
1854903
2842859
203968
3969160
157705
478540
1909665
681433
287665
2735339
2216419
4420448
1378431
3204206
4584311
870653
1561887
2716645
1530984
3661573
1706010
3436246
3985302
4421092
91781
3442890
4911128
4852869
1028398
1341723
865373
1115833
4636109
3922137
477988
336928
1955632
725703
1405267
3830298
509753
4664730
4184707
1190524
401950
1769018
1643288
2909554
2510557
1509190
4164833
3617243
897490
3339816
2721200
114973
4413324
957945
4840943
683592
1372741
964678
4084669
2630029
3074678
2151847
3518870
4620170
3788381
31620
3351014
643760
2826465
2611230
4155412
4236293
4498352
2284360
2433161
4050410
474429
56488
612988
3101607
2851059
4582541
1942386
1200695
533557
708844
839511
3592314
743926
291289
2606929
3620678
1559451
1226800
4779071
2807829
2156601
2962279
681622
1567408
2373842
2398562
507499
4224137
2414259
3184073
3164944
3301006
2194197
2518988
4154769
3541944
2400396
2492729
1260913
147392
4318074
2254907
4005808
393310
2072455
48819
3820748
3581074
2911560
1187267
4143954
3652775
1885590
814041
3429805
2628555
3002672
4445780
299074
1772826
2594798
4940606
3001238
1816190
263740
3673288
2731397
3056349
307840
3971360
814301
4746113
12521
3334505
2798285
519093
1648464
1105200
1104663
674203
3695765
3638617
1737552
513289
2292302
4684980
4316701
4757441
4761199
1718656
4820396
3245065
2233124
3293065
4782144
3839743
3418738
28529
2372356
2336047
2577130
3856774
2822525
2225374
3088842
1749752
1284917
3652372
237860
1972754
472483
282751
2432341
3618388
1394344
737879
1365543
1880537
704632
2158084
4366351
3830082
1048299
4146425
816270
1434716
1180422
1471984
3007503
1794146
4611329
2541497
2617287
4806848
3365892
4820863
4370223
873833
2460520
539235
319121
3376393
4252767
1833303
508625
597933
4125868
3123915
370453
240110
101962
3668011
4191906
1049090
72461
4564951
4261176
2592757
104185
4243181
1275704
3932259
1932807
2713838
2758186
2698982
4042992
723027
643365
1804570
2374073
3237065
2886489
102353
2362021
1493913
653220
3429072
2351043
1783741
3573962
4924742
4526292
1136730
3598632
1063974
1298999
4929719
1081657
587446
4057804
4094979
4684383
2869423
1248681
2743322
1163883
3290262
1806969
3730472
1725365
64112
3246919
2039698
2533784
2562178
2524667
1079966
4714235
4208073
182068
2101407
790333
115472
1948450
2115121
4209707
3329481
1311522
3664160
327004
1598237
749074
3252274
970580
4457453
3583202
2944253
2223685
405407
2469265
1057749
936515
684328
2915646
1897197
2881533
3256347
2441470
810550
1599011
856891
447951
4850085
4371923
1318805
843006
367280
2353499
1531308
1682405
3058007
4548303
4686972
4252170
2267483
1111021
3633300
569676
3101994
3161416
1523503
228794
4882678
1334858
3311086
3950671
3105518
1099205
2258744
3616079
3915296
2910845
3263863
86381
2565943
987205
3148807
4113189
2163960
3478171
4215322
3218318
400096
4015965
4941343
1414952
4222382
2137117
2331419
700749
4826382
1190672
611933
4394153
3163628
1260416
4306740
2751145
166484
1708477
3539788
3882851
1711329
468504
3846490
4211833
1501006
4653066
3152803
563447
2241210
412612
4308987
29102
1678322
4704466
2242958
312271
2229167
2898838
2950945
3023802
775408
1023269
1734610
3252138
2219118
1130496
4259551
2055072
638553
1958509
1843287
823013
4517466
2909221
3293555
2806884
699957
3591967
1687975
1570255
2976167
1025775
1383839
677283
3258043
333215
2140971
2997965
3078319
3548922
3364096
1263656
4356847
250591
2752544
2650541
4839611
2391750
4930458
3269286
1619163
3010497
233492
1981332
4289212
2361193
3544298
3114990
4811931
3754248
3321250
3146492
4641079
3790452
4673509
1535915
4881924
3247655
1395209
4323971
1411200
4381848
1376104
970907
3541114
1258698
3262064
3731784
4889816
255314
4876004
2356018
4401450
1254716
3745570
2161111
4914657
1359303
3191824
2183809
4159476
3473164
4803034
3982871
4782370
2046777
4902880
505746
2015689
4528608
1102700
1089662
2362166
2004094
1261345
3973380
4742954
45448
4885759
340684
173090
1537666
4659606
3964386
3443077
1875832
4095443
150484
112038
1332344
644660
477614
685860
4326225
1195368
2578114
3167534
2149359
1355744
2010786
1448296
876620
3088014
4568925
4331678
3488210
785297
1051308
4243929
1334734
2951601
414662
3290695
2448472
245169
766174
3120535
1199543
4686151
1408309
2956401
2557913
3439109
2811456
3330225
2270772
1823444
218781
3182329
476747
3248933
3989863
3198634
1078815
2499468
1874457
4805553
2633465
793974
1834970
557434
2706788
3773931
4587749
587805
1028635
1946364
2114335
4687377
1244442
645889
476553
2875308
4243576
2802253
67901
1696017
3302671
2100731
1747790
2157577
1814364
773617
2107284
4618403
454527
1763721
2234189
1346269
2282136
2555470
1015589
560133
2940549
26117
4343333
1513007
4390421
814358
1902783
3270672
4881914
1831118
4134230
1343125
237657
3817098
1722474
484824
4359868
1189959
4893490
1405197
3551979
2588595
3450539
3081439
2862353
4976276
939049
1099864
2547606
3143557
1046083
987099
2617884
3507047
92439
1446145
118671
2550827
67906
4304572
357990
4658068
2396087
4262841
1338472
501105
3638733
849799
4979487
3143458
923546
1728654
1773972
3866716
4767205
4877637
3985042
2255518
4890883
2886631
1938418
22221
4846954
3063124
851281
3210194
1085187
2518375
3519007
4305543
2418171
4640241
3326395
3977076
2465170
580832
4692327
1894117
495977
1320879
3689469
512259
300679
2452537
663482
4103480
3995815
1738387
3394157
4525410
2376210
3810754
4467887
4501250
2972675
1247909
4629685
271295
230630
1408700
3411353
3957775
4274575
3122976
519405
3320762
1232680
4504785
694391
479391
2902622
2444084
1140372
1648663
4533864
1551318
2001173
1581354
4537827
497937
550213
3210697
1464068
4836672
4289302
1730557
4173071
291133
174477
4359447
966657
4444352
2052224
2155632
664512
1354634
1693030
2037291
2934331
785752
3342660
2616054
171475
2817129
2067684
3665624
3020843
3412866
2421880
4444745
4530497
533851
79878
2453974
2082934
141614
581377
3686771
927428
3092839
2174542
398690
3049575
3238774
2388134
4154768
4364987
3184641
4079748
445956
2873617
2220890
616424
2326774
866559
1057612
2364794
3910832
254147
4455510
135181
4044364
4955832
1509640
1076288
3557408
711359
966985
4252091
954026
4909148
1942670
3187864
942694
1265183
2048550
2063088
1481870
4615709
1934268
1748931
3586698
4598929
891780
2090606
847156
3190190
3897145
1812500
3250555
927118
896910
1473612
1631845
316204
1243267
2177060
4537368
2898187
3089349
4785436
31902
1298007
1748123
3910723
2158517
3537117
4342266
4963610
514910
4215196
1888327
4338802
3333883
4437609
1739112
1058483
4226174
4448556
2624658
4230703
3504459
1883394
4763568
2627554
2224261
782041
4628486
3114593
3752154
1813379
1212610
4735628
3856005
3889639
1900088
3869507
1082737
3020419
3059316
2467767
4000117
1744569
3580022
4655680
4938648
2357585
4539277
2113663
3742388
2360046
1107870
1717840
4146624
1419244
4758073
352038
1614786
3481180
4247607
133435
3071222
2602119
924733
2948684
1286329
42704
186156
4182681
230419
1855009
780233
3517787
1392664
3177449
4573401
2272494
4840587
133949
3977388
117284
3266122
533574
658350
4558708
165625
2130704
4003553
4233660
4260218
1614776
2318342
4039220
4395287
3850231
4716923
2243113
2639300
116299
294771
497216
1410989
4936838
4915939
1440646
1767972
3695446
3458672
1211071
2686490
235048
1957587
3192042
1833675
3186626
1188466
2390962
4007808
2155003
4579775
61318
583654
3167367
654751
385994
3368097
2040064
814574
3392020
3024528
3236362
1220365
2405990
823689
757888
1955493
1253698
4714748
2063216
4705894
1097146
3001556
324576
3914183
4501071
3364570
4402170
666497
3940553
3244782
1474724
3617487
3024949
3309740
1389858
1717096
183367
3419778
4360275
4417782
3342151
4679343
1775170
3121157
3968194
2316877
1930531
3191170
359068
1241543
1966292
2017971
3972809
3668587
4161372
4002541
2285299
4426126
761949
2809904
1853863
3829659
4500405
30661
2908584
4916885
2100176
854248
3636187
905595
3561082
779280
3100546
3258250
4697452
2647395
4009121
3694011
3128638
3435291
502542
135106
4814420
2964800
4560917
4973579
3009751
4948423
1382124
472357
4051974
4886018
3661100
3736529
3275991
3447018
2885948
4636618
3072432
4514773
4433455
3709511
933561
4085237
2646859
4036439
3014123
2783572
1060492
4090292
2646322
73999
4061110
690618
2561068
328943
4573435
840582
4310953
4072820
3555614
517160
3247781
3465106
2747358
2957317
4655275
2769781
326224
651330
4778262
2428852
3786919
4429024
70189
3972685
777405
4545320
1344636
4127107
3391904
1646440
827799
918052
2477066
3910997
945384
2994203
2785018
1218234
906496
1570618
4013615
4529358
4063134
2964469
1945598
4669175
4113134
3573916
120235
314896
4945840
3179028
2392063
524411
337541
154168
3441187
967915
3402527
418640
3370013
4176990
2673247
4743080
4816327
1449179
970285
3481816
2062927
3128129
1637121
2654122
4546625
2903416
4540613
720141
1422480
3829764
196660
4308589
1468644
4864683
2041184
3206983
2840417
2474414
4464403
4350665
2681980
3714720
886492
4631735
3264199
1363952
1550793
1899169
1729834
4180895
1846232
484393
4422658
940862
3354035
3143971
4200490
4093606
2364159
4526226
3036491
3212200
2900825
3379224
4055819
4807213
2170649
2973886
1540287
1487744
3630702
4840732
1410596
3673754
403622
2045644
661506
220410
995291
1945437
4499861
3017815
3538826
275527
669402
1370368
1361442
183539
1780797
694657
2741516
1758369
3040853
240821
4689810
4444473
4787436
2786130
3652718
2833126
1340766
3865579
1299270
1039038
1053200
2121382
1478515
517845
2140984
4050684
4792484
4663840
1183781
2844082
1866170
1235294
161719
1344372
1180143
1406589
227012
218284
228872
4194415
3219122
1183974
1770377
2705949
3313253
1390356
4178441
2884076
3281668
392820
3686964
2862151
2997352
4504882
3894976
3839545
4101549
3902779
4660157
2472053
1453178
1146728
3410149
2369093
358161
2840636
649481
4631174
1748017
3420149
4525173
2471170
3249014
4900708
4030115
4013543
598131
4120892
2359521
2486610
3071008
2265645
2459668
2577245
2398847
4883958
4270999
4439022
3771982
560572
4045645
2942498
4192072
782579
2776304
4088770
1803593
4649403
4604160
2606543
4780811
1445624
1361996
2043370
1667103
2014204
1448064
3713134
1419668
4473959
1438188
3715012
4665195
4036275
3099711
2386267
3877136
1704630
4280533
3103194
10237
3356940
3395876
4475443
1112572
4434136
549617
4220457
1266947
1840932
1689042
2343354
4916099
3901940
1116503
1193838
802111
2058597
3321816
625477
1948993
772551
2544748
1663805
1965531
4517535
3617127
1479294
1268348
3685591
3830278
687121
2659304
61590
766072
1818519
4160538
2131575
2921658
731098
3143553
4140971
3516572
1602529
3776426
2416392
4640559
2320607
1402273
1168256
1038844
1726082
4023538
1851274
977572
353470
2447498
1488577
2746662
3507808
3505627
65949
3101582
4418322
1022348
315208
81359
3114650
3114180
4525883
4614252
1250017
1604028
3975301
2626145
366099
4549042
3185098
760656
2087341
2241724
2116449
3666899
2503451
1104772
2715149
2007851
90646
1338870
1889996
2875719
1032822
4105694
3969537
915356
788590
4474804
4022177
2045130
4619636
3258271
2991682
1954256
1335489
4388559
2495181
4220437
3322728
3308283
3849964
3811180
1947196
2979261
4290760
4120389
2320533
423896
459059
1425473
3913395
2743508
4922794
1726611
3524771
3397918
4183884
2665059
4118847
2459787
1060066
3272689
3848135
1710315
2644431
1953402
2004554
1007526
573189
1512720
943360
21175
4278367
3208300
3568000
643806
3651237
3889068
4123270
2184335
4247500
77374
3024774
2351980
1700950
2249397
3888295
667927
1571435
300281
1645258
205868
4929695
306670
3379102
541664
591838
4221061
1485264
1623971
3284274
2435384
3214731
4980402
1212326
2685106
631140
305234
3790888
3534264
3460082
2494495
4838939
2357112
1125598
2454281
4096798
1355269
1435709
1413995
342921
199434
206361
4628491
1571360
2045980
1900830
953367
4390045
58627
1843192
2928227
2275639
1809193
3265374
3973150
2203447
233
2909960
3308490
1767031
2958279
2882434
4787691
1753388
4522770
3684721
2515540
2345922
4865347
1277457
1266328
4930141
2865048
3679096
2665427
278430
1333611
59543
686547
2022288
3572679
1537542
3143202
4356604
1087837
2948959
4223044
209965
1794318
4605944
3894541
3888082
2192098
2097845
22132
1740763
4439102
2748150
4719519
78579
4455426
797011
2607333
1621805
3175447
4836085
2533675
3700
3358605
2620052
4472611
313463
1805706
1014273
4026012
2678293
3865652
3081248
4512821
2367081
1539212
1221952
143817
774548
4974316
4073535
4315485
2961405
2802369
4964977
1646760
493716
3404692
3426268
4930367
2434836
3303732
1943457
1107029
269041
801654
2124206
839852
4230894
3663213
3699389
821020
3301859
116234
444207
2295000
3849641
878552
931585
465083
4343127
4098052
1286242
3570489
582364
4431262
4374023
1625222
889412
2061033
1509357
2153533
4030904
1343340
497148
1940342
863293
4610878
806801
600391
195584
1837477
2450793
2548724
2037063
4944240
3721535
1778628
2994320
4792207
4809930
828910
2118446
2035832
3138471
3368661
3934606
961381
1062157
385286
1665878
4777862
1805789
4287388
727233
707592
2087647
1619207
4448169
1098292
1756115
3432377
3328452
1115325
982677
3775531
2731182
3811960
1313285
2436525
2887584
855641
152236
2535790
3300138
42794
1491337
2431007
748373
3422479
4795036
4149086
1918992
35914
4986934
1331452
638721
4161007
937574
3104830
4654393
4411734
1443276
33319
332419
4035995
1648995
3389881
3749253
4576513
1168662
4462800
774763
4544138
4642676
301078
3242201
1727340
3952474
1278413
1323454
1054709
4619072
4912077
1478707
4091202
3058985
4920281
2206133
4804841
3151125
2470897
4696659
1466147
1320625
230364
1762926
1468548
4686377
1600782
681629
3035005
727234
4125869
1451812
2689295
4823586
776161
1774654
4513256
1106071
4883847
4026514
4634048
1560270
3986656
4200825
781672
3852963
1320940
4032559
2013410
1775187
1865825
4794546
802259
1519327
3599624
3495395
4580413
4953843
4353883
2732342
686
1559254
358666
896644
4904751
2757433
1878710
3925361
1863359
4337507
2957501
1048497
3720164
4448809
2548883
2335931
4119155
1218501
1961382
783499
2835241
3967141
428948
1627848
2358346
688339
1662602
4953041
655718
1702287
2236800
2765668
1578444
2257592
3223286
4953640
4850242
4677630
78342
2092985
2030717
2382370
3822751
3101332
1747726
1158309
3837241
2856374
3206488
1018467
728294
4318236
4473897
216246
3475162
2970833
1309156
859683
3807745
1483970
2053584
3044992
4371688
2932063
3899351
3654904
4556326
135626
3494083
1011589
2262967
1736251
3564727
888173
394984
2163641
4495422
2960638
4932140
1909220
203965
4258620
3329637
1843061
2060565
4453155
3959357
2551500
4224003
38360
4965731
1489920
2971071
3638280
4282997
3151903
594018
3277828
3615066
1441544
337092
866306
586967
1902532
3958894
2004793
3592886
796918
788849
276433
4477033
3557733
3478702
4708464
2465262
4294653
4080870
3975709
3431084
1833755
4311662
3071753
85174
2749063
279732
290722
1010958
182093
4471282
4067093
4462861
3076603
2702794
3201938
3081628
3302433
788027
1659934
2254903
1543248
351173
2592328
3514068
1645988
868203
2637673
4640054
4957298
2995783
1250876
4725855
1907302
2788168
4059624
1300428
410113
277624
4314194
3740741
1265249
1356114
1877346
4561525
1350191
3695302
2208848
958006
4371732
3659979
1544920
1603616
4219900
2619258
1673319
2943982
1787660
1070375
4411788
1004198
3969013
3182953
2400785
3372575
3692899
2679881
1554833
1961950
169389
3701028
4988554
3054076
4019246
270282
2704530
3789090
393164
4318701
1964719
2047902
2924681
4667632
813873
3160285
2579232
275829
3689209
3920160
4719187
3124299
2703912
1141219
34382
4618962
90600
4316059
3106509
953835
4576683
3414204
3277119
1157473
1599556
4514377
3424951
1893796
104784
4417297
2565086
2379216
2706602
273929
439997
1328496
1087332
2912043
1555586
2687803
3179202
343125
3224185
3989326
4157005
2159736
2870072
3465888
542406
4482316
244543
2895545
2417747
530707
402594
4471847
4742652
3940989
4472664
1507049
3159899
1584861
2840297
3929119
2501176
1418956
4012975
2051920
851935
3726194
3577837
53364
2940293
4676085
2070765
4485735
2831216
892657
3891196
1594857
4542207
1299322
3741632
853423
2032987
4913432
2451802
4101863
3148115
3065563
3667919
2506732
3348903
2984396
2969163
3417008
3028008
1979050
282042
2305062
1512288
2903247
2459146
3506864
4542768
1466221
4212297
2568827
186082
3795568
4041509
199136
4623166
450625
4196729
2505203
559353
3853315
3512684
2772946
2154357
3415782
2930509
2311740
1822264
1377958
2166168
3174783
2553557
1473073
746215
4147419
63271
3259335
4381306
3359261
3116621
2570880
2269151
4333309
2112390
2353835
3625609
2343923
812097
4093324
3292397
3031974
1760767
1917213
4155256
2009260
343010
2550442
4680483
135962
329796
33813
3638635
1947848
2672461
3296102
1798768
245806
2726831
3885949
160443
2727026
460938
2394316
4746603
2277714
677546
2988947
2169289
1762136
2184792
912202
2495870
904456
452636
3687189
1426595
222792
3594301
1032621
199180
1506759
2759044
2381060
73488
3746858
686433
4943847
3472426
3460323
3666543
2961590
2312685
2447715
532292
1644790
144419
2858974
3390663
4178822
1114487
1324866
119710
3186854
2997133
2550
4187543
3337368
3507514
1799207
410189
1557725
1887932
3768751
2699400
1052883
3248433
4476341
2038396
4249515
356923
4612424
2522276
695583
4914755
1760821
1433373
2764729
410734
2669492
3908651
526470
3184806
3783158
204637
1207865
481127
2777269
4436216
4945269
233494
84000
2190765
785125
1257459
639045
842363
3828992
3544040
3855809
3006687
4117109
2710573
681133
3472393
916714
708098
649147
2042332
4233766
2031702
3256365
966197
2497225
1006468
488692
861256
1022896
4077582
1410430
4355151
4641083
1213307
446254
3192584
2732778
3535710
4156886
913910
2710012
2099231
211426
2711944
647301
2490986
213021
3088797
4774078
536155
426815
3893174
67392
3865907
3413146
2516130
4934822
3695061
4060258
2317739
3097972
641370
3926883
3964695
3396776
4754031
1279571
1415893
2769382
2427137
881749
2908
4133355
2047493
606168
3728206
970867
3590311
2567242
3175785
4664543
3867448
716543
3134216
2273719
4465247
783786
1022911
4278884
1814695
4727127
965903
3734990
89309
2092382
3132348
2244951
3536475
1045705
3585559
2197380
813978
2809745
976883
2706270
2452410
3039431
113353
474230
3935896
2475797
1360267
3015216
1893094
4001123
257571
984794
1921729
3626070
2841611
4891515
3128476
507553
22683
1380168
788191
1080470
3956963
3435091
3426482
3290755
3041945
3999567
943805
4460374
4534788
4526240
4519409
4522713
3959082
4702075
2168673
3851496
2947098
2535013
2393836
1357181
1020732
472284
2677116
664756
3390501
1047904
1142014
544899
1872374
2810181
2966571
4267875
3607024
4655052
2235677
4160914
3615291
2327311
4792138
2314582
1042583
4112871
2724956
411212
2758218
373464
2298225
3939561
3550018
1274317
4343736
2710436
4282912
2498571
4532271
1360474
1829999
4830096
2223714
2620926
4438507
4605685
2542410
89218
3039603
4719793
3713562
4008893
3164673
790441
1369642
860798
3710315
4149075
1072431
4430073
2308532
3291553
2945261
4135522
2802523
4917947
4853085
4596799
160078
665353
2394883
4493262
1585283
2137906
4927416
4354115
4096154
3376459
3545802
2770576
352720
3722571
1260676
3543750
1826001
4820226
137874
2057865
1941232
3070943
496497
164399
623669
1334684
2893117
4604027
282305
2869744
1366015
2000931
4771645
467518
2964178
35258
3964383
2329946
1688938
3862486
837064
4022158
2221315
846284
4949909
3753355
3671790
4017695
4440543
3503511
2299110
1402834
3899698
2099651
2851249
4770278
2150476
2741298
2457339
1064869
968488
1454276
3899427
2105853
1382391
904673
1873484
3913361
180253
157919
4244992
2923767
4597696
1487291
1315581
624863
3984194
371588
3185183
2095094
4866613
2339398
395309
4254068
45026
3545903
1737317
961834
4320959
469525
164681
2157050
3953702
1853244
4499200
1363397
4907891
1814489
3057187
2243561
236084
3685461
1407794
2456533
18053
571542
2043738
749349
435537
2469533
3939119
3083336
1869610
4181159
1056542
4637886
146782
3330466
2472101
918661
1060035
2195588
3741265
1368083
574697
2319570
1955664
1828493
4645987
3916955
3810872
3570698
1267023
3108599
4226066
155553
1336968
2287146
1490406
4896083
3880627
598444
4348045
3818890
174889
2725178
2079019
1898855
576232
1387709
313599
192261
4518968
187890
2757656
772912
1904430
1469070
2763830
4788275
1664112
2138572
4697591
3924165
4478551
1711343
4488217
1753969
3816476
2093681
395122
1113444
458682
2491180
1572503
2000987
3585919
2763700
1679655
376788
4699641
2101906
3687055
1036165
2533816
2252023
2369726
748905
4418909
1666925
4993668
3764271
4500317
3980068
570391
420326
391187
3911064
3268131
4690847
1446609
2887226
2355353
3088691
1525332
126631
134706
3864454
3159728
1216773
2127100
4339560
756923
3160708
3067352
4134615
314244
1992578
4145728
4596778
3991261
1799714
3131350
3245639
4179853
3863667
2075151
2031158
4876634
627399
4895560
543515
4102947
1283871
775950
3664271
4832047
2998430
2239978
3007714
847603
2741684
4895550
3243924
2738828
3100269
442325
4603368
2835742
571428
3727577
482080
322465
2883176
639067
1774121
1227272
3644330
2527338
715827
3991892
1553621
4736785
2103904
335566
860812
91468
1902211
3710375
483323
1898190
2389957
3283015
589547
3015609
357607
3770634
1697520
1849854
1620525
2879657
4430817
950014
815355
688784
382203
224357
4070437
2754674
1495301
4449689
3040542
187246
863875
544718
1779739
2723468
2417517
4338237
3201190
2289624
2639130
990325
2951769
2612675
1026845
4888096
4932259
1326002
171436
4038161
4872640
1109665
975313
4951056
4179425
3300324
1844517
37117
1825080
3149779
4845642
2154839
743174
2316262
3255483
3923664
840737
78733
4567229
637957
4449955
4117154
2485442
656891
3661783
562893
2451004
3963731
4896294
4790082
921059
732127
3210303
2456043
2974479
4277978
3420275
2936466
1831180
2527961
4999337
3644970
4222576
3972235
711034
2599147
2008743
1625062
3300936
3482696
2539985
4098542
290042
2095001
4193070
2734691
4190591
3271255
4151301
4034659
2509929
1817821
770100
885125
74661
1829195
4058781
685872
3731520
2215118
2463545
3999352
672640
516803
3177943
2161002
4046637
1876120
3916514
1269471
1979390
3008186
1460253
3129870
2187333
1566959
3876149
1968852
3902645
3645468
370874
2837130
2568952
2758407
3602154
2422650
4970091
3938661
1935313
3965260
681748
3344362
266181
3394531
3263920
2424857
576110
1758421
2063902
1089149
2551757
3088614
227946
2344783
1243486
4621376
92033
1941240
4440127
3739897
43110
802001
2688045
135714
2093723
2775482
3799516
704569
3073956
4606701
1739867
1841555
3135416
3083803
3087319
3186516
1130354
3896989
2094880
2967919
2387265
2793068
130152
2206062
1447314
141946
3260600
2761934
4383172
332897
4533183
2780305
1474437
211920
4902658
874844
3617348
1167046
2603080
694116
1893229
1693773
3138461
4710605
4084181
3617998
3109476
2077258
2668071
3101605
4062340
916222
2535090
1703499
4991624
1927475
1824527
4049874
1145644
4967241
4975161
3146854
4245794
33600
1143558
1094840
2072273
4254053
872753
1627861
203389
742420
3209849
3347518
4741707
1344241
4667471
3593858
632468
4596933
3959459
2515377
4712671
2466461
1291333
4215276
533979
2503667
4651816
2471966
4391785
1248122
3931863
2790072
4974676
4436774
2216225
3614480
1348285
2992608
1582042
2595177
2493642
1574531
4685154
3321057
4128846
1101931
4273241
2894970
1515133
1561703
3058492
1351109
474354
2102232
3437496
2552743
2769049
1825939
529098
3719281
715007
3919128
2869213
3605556
1590523
1690248
211155
702115
3252919
1040723
4228243
868801
1081447
2356257
956263
4342112
1393226
2846265
79104
3937313
1529689
4050892
1447173
1262828
3171586
843475
3950909
1526087
356885
2869734
2449202
1622535
680984
123381
1065260
3211485
1804079
3520623
2598127
3676966
2929856
3955422
526973
2338720
2372234
468044
1888479
541755
684025
475143
1809620
3105264
3184717
3436750
193466
2346826
1634621
3319729
192857
1923408
3813051
4336908
4046498
1093188
4511095
4107145
1310694
1983796
3745699
3312538
2463903
2998676
808357
3615043
4986627
4112369
1716009
2726253
4169789
1680006
924624
2424901
2589887
461586
879085
4464546
3429920
3471412
2612624
2316123
4609314
1556822
3718889
3683807
1459448
1410108
3316352
1791784
2758763
395509
2336465
4167223
1642769
4306446
2522298
1629253
1478746
2036071
3991756
3948680
1977218
2943549
4945478
1468470
4090750
304346
4404240
3914272
3223056
2194538
3040557
2408107
2276113
1756279
2401897
4842681
4204646
2151036
1048160
1804841
2102053
377854
931230
2758518
835658
485507
1816754
240055
4508226
2645586
4853575
185875
153421
4761347
3254697
4110416
1132884
1982538
4133291
2720229
4742644
992092
1974107
2279956
4580740
3044375
375808
2300807
86904
2809521
1450215
4347337
1061883
1760128
1559142
1756536
4695588
3452871
1117680
2493760
695330
943759
3817372
2334534
1952186
3729029
1549713
4615721
1831100
3081192
1862992
1390889
379851
3792613
2661117
1221251
549132
50528
3775344
4016983
476066
2222463
385739
2826591
342629
2248254
4868379
692086
872028
1332686
788247
203167
353882
3606022
1563534
2973639
1651525
551095
528145
297952
3524881
1294538
3115203
232835
3490923
2678010
3150123
1783322
3434279
3609588
3989654
3314368
2825414
2802333
2608412
4408955
4327287
3001983
3674184
1288677
229778
2312061
575316
550139
541347
4560063
2320625
2794536
3696074
3434470
3414493
4058763
1273387
669535
1747418
2708861
4257832
3137542
1219871
1656755
4110583
3945951
1263212
2505303
1049247
2257824
1415996
1093213
1757006
3634265
1837142
751213
330613
806576
1831631
4127901
4683497
3451734
2370520
3529128
4827103
4505980
1348059
4065932
2894815
730549
77936
3891313
3974096
2474199
2277286
3206439
237917
4244132
891074
2366913
492563
1601120
819170
2993109
4592925
1199360
464291
1527415
3860903
1638949
1888122
1167347
1782984
4511999
4457378
3153699
2994422
1635540
1142972
3099250
375734
4252437
4492684
543361
3689278
3540992
1978578
2903437
3943702
2443381
1705051
4748570
4578456
4766702
1639850
4430972
1992614
1609165
537368
2515580
3162566
3765137
835319
1302319
2665726
3075387
1946756
2126764
4804842
1721594
3341016
2277474
946079
2320896
4102241
2292931
1541993
2544595
2506842
2144841
2815837
3232783
4416095
2685792
3684465
1870635
1975856
614055
2114148
874654
2410158
4266994
3504787
4618392
856003
3693961
2081301
2786189
573023
489652
4133554
1916987
2129368
1408319
2211113
2811431
3697847
2169525
2988254
53726
4893638
3312142
2248496
3377674
4538199
2638534
565214
3768245
2143900
3952282
2070580
535474
3470312
4341365
2898009
1746305
2095301
744781
575658
2559739
2530357
4997154
2231978
1902007
4659791
4758844
1596389
4582232
1437277
4086347
491727
4756936
4001958
1816998
875445
3666940
3201442
4923084
1937126
4977489
1029364
2664187
3660401
2049002
3844041
1879763
1744884
3542709
358716
272776
3033468
3758356
1621617
2267322
2580080
3484705
749827
1065905
4614593
2579739
1716052
27308
3702120
2181935
292412
1568911
4456553
2148997
2981328
4196983
3488503
4506320
725847
286345
4733958
1125181
4737165
1525910
687786
41070
3968553
1206194
1399402
3022075
2608105
809696
728145
3120425
1721213
2532734
3561303
4880571
156330
446291
2518165
1622456
4497388
1443157
1272356
3528736
1655498
4815135
4093538
4559252
93997
228803
4938965
876083
4623451
3192523
2485981
413987
1765089
1544187
817600
1513371
4708558
4900553
1156639
1446952
2504668
2981583
1773357
302411
831865
825457
4843622
3837997
1647672
6877
3437565
2759960
4780889
1053611
3379222
4317565
4489798
1048534
2467756
4782101
2575197
2523952
2487327
3599348
747327
39594
3105938
1293077
3841679
4855909
29960
3243345
4016830
42168
1315626
1099974
693220
4242182
2092318
4577256
1955320
327179
1975879
3210785
4401866
2437843
2517126
1482786
2176895
2763819
4624519
4271347
4057104
1141274
3293550
2325238
246199
4908779
245875
2147824
1970723
1740511
3791930
1763372
58795
1691569
676583
1010451
2447577
535820
69291
4948215
709235
4067296
4338404
4805842
1843757
3007207
2382733
1352153
1146600
2831351
117502
1389440
4068684
3260611
4250377
2358128
3929317
4950334
2622468
1137293
1020515
1481403
4931449
1485552
2626844
2697487
311194
500200
3089646
3893629
172242
2779634
2931684
529456
1779587
1388309
2807766
718506
873002
2497726
2993249
3722808
2319121
1161734
3065595
2048694
1452590
4523110
2661794
1046671
1849660
3438514
4689160
2508209
3266730
4491415
2879215
4461177
626566
3672532
3120093
2382070
4173514
4415433
1837923
656531
2199138
1446456
1984655
1780199
3920840
1149320
1104743
1345804
4091289
667928
4149131
2405680
479466
2572798
4602445
2303943
2461474
1747014
1640304
2692600
2532383
3763018
2752134
4260846
881394
2805444
1549941
2370927
2970961
2249737
91815
4243430
2820365
2628835
298866
2167253
996608
3079769
1138675
1301760
149927
3278793
3539187
2857601
3327568
540783
1417524
3876132
2516938
3694273
624753
4981182
4588483
818113
1324534
1006562
4829998
4464147
498675
2581381
2500745
145359
3576303
3450866
659374
3680787
992850
1635384
546199
470509
2069551
2995695
3957767
4167494
390332
2098829
4011613
2828417
4822334
3915031
4188372
397022
1438606
3057786
2646018
4484619
295132
2508373
4035441
2696761
2380254
1585083
3502185
1853483
1672139
1854621
3376509
4939298
1229419
1714487
749352
2246854
2264308
627513
4983985
568726
66118
232567
2174839
2249300
3970669
4752592
3647184
1122350
3307728
3169286
355605
961897
617355
3143290
4581265
392652
3027022
100479
3887216
4621238
2543634
4079702
4667025
336328
3154853
3732116
3186690
3563727
4236462
3001422
1214346
1777268
3331914
2059865
4466123
2811820
4718538
677068
2952384
2071645
3629153
4381928
2115026
1060588
4897423
4021968
4924635
771928
2361639
2469710
2874389
992560
1499703
2519237
4843187
3179388
1190554
2466525
2929615
4848426
2303725
2584707
4672976
4017439
3584191
200617
1770121
1337745
3641572
2402847
2197161
4278827
1566593
2748315
354509
1393814
767436
383187
1143088
1982382
3856777
1281853
999225
3749149
4480398
1416497
3540320
3699160
326587
4317336
331048
759131
1568229
2853665
4651944
4111506
100029
1040006
3886048
4699978
4736291
3489804
315359
3427788
3972896
4980737
2593433
2180165
4773652
4920352
442544
480918
4242603
323150
285775
2940578
4164714
2211939
832844
4275548
766454
4681379
4892512
1526879
4380233
2567894
4191259
1901319
4201358
4523276
887418
3843943
4939842
34130
3634994
2070394
4436273
1789153
491576
712247
2071823
143392
4767665
828946
1031294
1099012
1841744
402278
3981273
2113081
1238051
549464
4196075
3729708
2147314
2258323
3121718
4856025
1534355
2523355
2887041
1130426
3585294
3225897
3299599
2130369
3954508
2791300
657387
4124728
3375157
1079351
4259482
1498830
1507712
4295116
3748243
4896739
4401298
3542864
1063358
4506983
2238349
1752104
4752104
1731069
1903027
2541794
2129319
3558708
3655413
1588907
1150086
1356603
2430105
2678412
2128977
1184799
2101051
904130
3811541
2945093
332721
4673391
4729755
3041362
646599
2346817
1041591
1973689
4011337
547110
4414640
3758847
1742484
3164942
747357
1986549
2435293
1692651
1178690
4666336
4077536
4222741
4488549
682151
1409498
2002140
334459
1451832
3049177
906590
691807
1176976
2414829
4496262
2085636
2120377
467117
1310040
920699
773460
94215
1829843
300449
4818685
4691848
3710209
919079
4432109
1869344
4551127
4578750
2632330
1709808
2027010
2712152
3249522
2570548
4046845
2211938
2955209
2423547
217736
563398
3459526
822644
4902087
297773
2158029
3720069
3233059
331790
2760272
1989245
2342982
1079534
164319
2143136
3333658
1126564
2170406
337809
2086493
3568164
4249895
1437146
811827
3899151
1000666
376927
4057128
2151462
4081885
2232901
1115491
2866515
3021826
4941068
2585800
3280065
4741837
3891234
1032161
643453
3837754
1304226
3569320
4702610
1099751
1031739
2389092
4858037
362671
4086170
1905850
2155989
2504797
1200385
3824385
1446584
2516814
3062454
1495574
1087246
4823060
3598643
4618431
4427536
2422102
40000
2202262
2007531
4989870
2972044
4352253
2433237
3636962
1209477
2265196
1463779
4666911
1472075
2144877
1965491
796761
3973085
1102696
469909
750251
3853035
4331025
4508732
4475632
362908
1115822
503846
883002
947776
3800771
2414124
1000287
4564033
4413581
3944908
4623434
4827046
533325
174756
2403141
4829522
2845520
137481
382198
140300
3197124
1641878
4287684
4739715
1459066
178934
533192
371098
115236
3889798
76732
4814382
1061153
2121658
4974298
3062607
3774443
2417411
2006651
2572671
1216466
1751410
3398905
1322392
2834396
1189252
3694615
532907
4960433
485854
1839865
1751520
666410
1839731
400505
261751
248628
1192884
508708
2394289
1427481
2096648
1772362
3685878
2467523
2785184
2768429
2095706
2712067
4408703
4763673
1337790
224145
1505012
1056150
695965
3201925
1280663
671270
4752080
1634910
1095837
2814189
4580122
1419827
4517197
2023365
3841887
2559823
2479603
877102
1482093
494971
1660484
881910
4839667
2231504
1795351
2791067
1998785
2482782
4758909
211608
2162174
2249895
3465216
783555
4795929
4055206
4628857
1970998
4794007
4941548
4692629
3364539
3437925
4896809
4248276
4710633
1163091
1088337
4786111
4969807
2926759
1113704
4026191
4222093
1289667
4166550
4126565
2588381
505381
2062415
3690632
1952207
802208
1651337
501934
1395144
1807941
537671
3307781
1443765
623445
243083
6610
4585619
2051293
866667
952420
4265529
572997
4092280
1226359
1243903
27381
2422730
2267914
1804695
771988
1399694
1755328
2026183
257818
2423116
833392
3196011
2883751
2543210
2453399
2625421
2549292
3230320
601989
3129557
290497
208843
42548
3099924
90394
81841
2574778
4778523
2443477
3250220
2915044
941313
1750122
1466764
4121921
674515
4910523
1874943
1175963
3663418
2241136
4286166
1894450
1815313
1939251
3367533
881756
1249219
780106
2977813
609103
2241574
3048447
1270119
4152305
3492253
704733
3436200
2960325
3206160
3373896
753227
2435670
1055155
3107054
3469023
3319550
2996958
691449
3444723
3145090
3191302
1558228
2492573
509907
2708707
1726446
4322986
3590089
1420161
2826649
1412993
412657
4806456
4870925
3660388
2651409
2515736
3630939
4401534
2318829
3745185
1626042
2377895
3801936
4473671
1860726
1538412
840697
825939
1728396
8512
1181542
1546617
3752409
294596
2950370
3120141
3174763
3485427
4076188
3286872
4216159
3327576
1074309
4522360
480958
3638124
2237312
2299943
4380187
2151437
946321
4264430
3498904
3264783
2749423
128211
3113422
844089
2772583
2863553
208798
1790321
4742121
746247
3833630
2226248
687745
1229022
738029
3039659
1486236
4800862
2583533
1910759
1342986
704477
1907324
1931082
1084023
1138048
2169204
702874
2637809
4909826
2394338
3328235
923437
956134
2183606
2254811
1615333
2324391
3682928
2489242
1605104
847845
2884001
2863810
3202188
4836683
3988452
3931250
3918424
1357719
4594944
4551650
2319985
3763985
1436841
4053755
3594067
4515408
4212025
1672239
617364
2291639
4304041
143234
3555689
1204362
1631458
4901737
2965437
2672308
4079298
2756517
4582550
950114
4480914
4838380
915870
59903
96980
3931544
254235
3730455
1934675
2499182
298459
3925665
2673640
4990217
1186661
3286711
4946011
577148
3042120
2237500
2506383
1353875
4370368
975896
3417201
3012711
30919
1498760
3546579
3843063
946916
1579171
4170699
1859339
3423534
4893759
4633615
475008
4200426
2544612
4382639
3634829
2004634
1820313
2167217
3170966
2185403
1330806
4538341
547812
2904277
1752611
1392010
1272879
4805699
3707556
117050
2592692
2329861
583674
2858820
133847
2203779
1519419
240067
2244553
473982
712523
3725689
1416365
2230347
154860
3688800
3144999
2333339
2886230
4010837
3595799
3172002
2536376
2764516
1000669
2692219
1693035
1258332
415258
1819231
3630539
2355524
1286347
1546129
367450
70903
603491
1101927
381823
2839359
1467573
4431148
1253084
4261966
3891154
962746
4107002
1518555
1839253
3835292
1125444
2157122
3358971
2233966
1253923
2728522
1133418
2508134
4635451
1291949
3150642
4485361
3349434
3688028
1129774
2271019
4871687
7815
126137
1891929
4247666
4426844
3788657
2641244
2244303
2807476
2718128
715417
3419843
783085
119320
3749104
4321484
820406
4780690
196922
4473063
1850974
1386416
4855416
3500965
2053704
4952514
4965749
2101634
263231
4133803
3203896
673647
2011762
2281059
87785
608155
3093773
1435425
2312248
3682499
4866147
1475855
2455261
143769
1164546
2814049
4449134
2791158
1210216
1880071
3614101
3586429
561849
4796016
3784138
2049596
4967262
491193
492385
3352846
3123016
673146
3838430
58813
4162600
3598187
3302763
1535364
1260996
541110
4179613
4969089
773897
426031
118219
550916
449664
432389
4793055
2378971
49678
3435404
2547404
1508276
605159
3801020
1474111
3564014
4424637
2113145
1207501
130112
3736988
3864772
2303041
3656121
4134421
196242
2071602
750911
1386758
444089
4798762
1506276
4168633
2281173
406949
3043965
643641
4759701
1391670
4231776
3444160
4779458
3365740
4498881
312790
2183659
736107
3441543
132915
543303
3258091
1637685
4187368
47443
1228144
583568
3678606
2147474
4269496
286203
3323391
3458480
4766005
2139169
1513803
2888504
2996103
1047605
604774
2001916
2637193
710817
4851342
2072355
4697889
2402837
142945
512401
976042
3900378
4565367
1253243
4804554
1585012
2782609
1646106
3744432
1633535
3874651
477295
4876390
3745713
1828641
138552
2438093
2482487
3203498
3930367
1214936
1423444
712963
1089804
4600779
1579425
4644039
1590494
2154445
1264122
3720393
2089179
2556799
1412452
1609102
2265731
2640693
3904329
2896215
2550943
4418377
4597884
625106
4104173
1285117
4939000
276546
4659624
372359
2251486
1059609
1099826
704953
2641403
4696815
3703038
4326259
1929853
4642725
4113071
2511080
1734751
2498749
1540741
3742745
2237581
4615706
3988156
374920
3780249
3198068
271666
1166466
2616745
3241298
3845556
3362381
400205
4619170
3915514
1050132
3873409
2349070
1126726
3349205
1180139
4862004
4059308
3645146
2923469
3148426
3118972
2414470
3065061
4322169
1148784
4170412
4801073
2398045
3403724
4201811
4989803
3247080
4695601
3855266
4120579
6788
4043532
4152499
4662511
3380582
4752661
2656658
3312111
4437549
4839675
1076455
4038654
2804223
3792769
275562
1620923
1464417
4310058
2984113
1753470
3696044
4604757
1810186
1382068
4894958
3838277
3836999
2831222
4602545
2660858
4236581
3702572
4095163
1874001
468797
4144758
1081592
3972752
3545845
2178359
3199807
655245
705639
973783
1821738
1286788
110818
3108687
3204861
3779153
1226131
1520830
3456648
402655
443483
2020578
318781
1622855
4150269
2287734
1626271
4888331
4498931
103528
1923557
2359165
1834890
2917868
4160847
2657301
4228606
4992508
102612
1089997
4588918
4661318
2737095
2275110
2125156
780873
2661663
3538328
3915041
4679701
2478672
3287936
4727862
4289444
833738
4451263
3387338
2032919
2597368
1105342
576638
882402
667261
1808524
2818533
3780054
2781349
872665
899433
3121844
1190400
4325553
4020760
3945799
4428942
292091
3706357
778259
3377384
448473
4386687
1634872
4639062
3071236
3989275
748780
1688335
4129357
4151303
2249111
4403030
4416030
2513968
2186373
1759032
2118058
3277377
562787
4705194
4533170
1562267
3934124
4121887
771844
4397453
4069868
3179050
3191684
848926
2560775
4871192
3524217
2944545
3238155
602909
2419516
2420388
64933
2200732
2452368
4308873
850346
4501135
3591852
2217245
2761330
2230116
2017006
4628618
3231553
4610414
2632995
3497709
47545
3195549
3912110
1003242
127067
3406226
4089016
789056
2891509
3356221
571773
594376
1957034
482961
4660857
4820243
2133891
2745097
4544825
4816479
759434
1290067
2896681
4133005
3123603
850789
473859
272198
3395803
783847
4797023
3036703
3459405
2075193
4840345
4102610
2575423
4269988
3937290
2972503
1113599
769826
4367542
1789595
104156
3989922
3594932
16768
2928643
1186828
531286
4640834
4768998
4662202
634572
3319177
3084259
3601844
2970526
3686289
2147739
4572322
1213685
3728017
4964543
349862
2517290
606827
4781391
2138328
2013391
1510629
1420848
3647412
3475261
2465511
4793745
4895518
4297127
3096567
2342217
565756
4623935
4093113
4429962
4786860
4099268
4287497
3065290
2102829
4922578
3901225
2947853
1232888
4943023
1906209
4771287
459619
3420064
4153550
1901911
392829
585216
1427489
2335239
1058366
235174
3500889
1521458
952272
930016
3399857
4230105
1880875
2635924
315697
2768569
4463019
2302913
4420074
3017534
4855858
4428839
4292268
2951574
4240901
2253897
1752997
812854
3619230
1332266
465755
610634
3677791
206088
419167
602337
3518717
1847081
1474021
2812962
2171222
1044954
3315406
3066509
785656
1032326
3831386
3459955
2737646
3174590
3833622
4044952
3583408
1130236
4148607
2447676
1707362
1543114
1132289
150532
4235300
2567398
4450980
4449964
2770032
2357581
1669709
1769895
2488707
4432957
3859615
4512487
2001702
2169999
1838984
2097072
1939966
327351
3280462
740065
4494469
4512626
2897613
4947684
3184865
1249863
96961
44751
1369937
3757715
582531
1461765
602389
2198034
4470154
1476005
2304307
1367855
760109
1166540
1037840
3430085
1600313
3937668
2786239
1399405
1659916
2123110
245017
4933448
2388283
4913279
4636924
2898024
4059671
3944845
4379597
1162905
1180763
2626858
4018290
1430709
447847
4535430
3745511
3730358
3332309
4861589
619232
2881562
1546845
93629
4083499
2958370
1076635
4082181
3595043
4962260
1624438
4261378
4070807
3281484
2321196
3426341
3737839
2067719
799978
669284
4117666
118470
2591975
2376733
2552238
4048003
2235239
2385874
819120
522551
2714006
67833
4001830
4510627
4101254
1089441
4905878
2095938
301380
2446404
2409612
1713259
127382
3422915
3934098
1446526
4620149
322134
4613078
3061665
2117211
528585
3939910
1906102
2515823
2768968
490387
298069
385654
2339006
3222935
2932448
721560
3208438
4155224
247322
3632537
2734605
999221
700058
4828621
3021248
3574415
1854964
528986
4856615
283398
3346741
2696648
3848201
1154975
2152971
3293437
1986388
10361
3012743
2467217
3658995
2454193
4268778
2082325
3533669
1238027
66779
1922286
4797064
343343
1695032
3829166
2248823
2959008
688116
1298493
3146334
1109315
2975734
4652672
4227945
3084016
1852000
4910225
3388617
4146056
4582405
1925373
501363
3327443
4901618
2968796
558704
3839206
4366190
2148320
2605900
2018511
1107473
4683044
2904942
765282
3807232
933594
813724
4445052
4899912
1779117
3003523
4157008
4841550
4904839
3394087
1031891
1043538
2374431
3058832
4335877
4481665
690336
3744183
4967197
4041496
699994
3719783
1242746
1549041
4060256
3104609
3318573
4634322
3077462
73398
84694
285595
2166724
2201988
3571934
2342103
2461278
1923576
3443527
240471
3461076
2598500
2490045
1387821
3130784
950066
2906927
4563376
2540387
718811
2119561
3644587
2138582
555482
3015296
1916439
4675776
1889488
2109408
4140507
1888957
500833
2989641
3568632
4902321
1554634
2300128
1449750
1665648
681380
2712787
3076164
4998128
3792240
4448662
184219
3290979
4129896
1619840
568272
1952548
4801246
1476444
2217832
4541178
3553181
1874745
2215999
2537782
2041498
2308932
576384
2507636
3038700
1112036
2759238
4209767
3752291
3808823
4977605
1535260
397296
2512931
2164221
2904205
514794
1131170
4252722
1288806
3177119
654735
3743179
2612707
1856826
820227
1746132
462267
360054
1714112
3187587
2544995
778801
893331
1626640
3219367
3684345
4042527
1625763
235430
4176009
3000439
4016561
1705622
562411
2700970
1213347
2168401
4720935
3398516
3571817
1635239
1710051
697568
1427423
1948063
4021593
4097499
2513636
2390413
3346322
3008464
3535141
4463427
764026
4281406
1697387
1075668
4859113
296150
246790
4953527
3642667
2144951
1342637
1859072
1532776
3515330
1150971
1746464
1513643
3072522
4057619
2843225
3890114
1354660
2901137
3249791
2612237
409011
3178802
1445700
4467104
921785
1976091
1247397
348339
3275599
2318402
1095496
103690
3742304
1813579
2807132
4676155
2466603
4619416
1324865
253378
4526261
2649273
4127195
681499
1071013
236007
4178858
813630
281137
4262464
913404
3781333
4567188
1441847
406580
2998013
4502254
4991387
2327443
504564
1224402
1554316
4997443
4118023
3972505
887183
199508
3028573
4888326
2378397
2085770
4967368
164722
1501003
3811530
133819
573399
2835372
4355613
3168687
1989210
3097107
1332565
2161579
967826
4082848
1380237
4833900
1355127
2696484
4922745
108730
4655340
3688656
4816031
1362455
3798498
3535083
1349440
767086
4521766
1553278
4979739
4869562
4281687
4840526
1920231
450345
1039550
294549
3827095
2562327
3852516
3286108
3224263
1300607
1484343
1795493
2842290
3021986
1921028
4826981
3841885
1230423
3648032
4689282
3390460
3498601
2906738
4085212
625820
3413842
1132356
2097490
2066546
1303560
3903292
4153874
4106053
2467592
2542882
2655048
1806246
1327933
4487581
2542937
4122253
724695
4464536
4697201
3406574
4894372
500880
2838584
4834211
669698
2645830
4565534
2031816
2951907
4695787
4820206
1519752
3021653
401378
186568
343222
3162076
2663390
4218628
3665715
1885103
1733219
2869689
1426743
1168189
2383554
1395283
1050540
3874084
1479273
2443668
234224
1307151
1178924
539722
1939499
3247114
4608095
2145461
577503
691113
1182016
4358535
2205481
978027
4269116
2111544
2181343
3723904
845767
1597746
2884694
1676401
694488
2836275
3761175
2743968
188083
1466990
2429722
2334375
1522865
3663115
4515506
4910981
2110865
3557232
3513802
1299046
1020506
304454
1909646
4179384
4398927
3676983
2240138
1083382
1410268
850482
2912227
1529417
3587027
3931020
1841909
2156363
1806962
1508520
1619943
300797
1176485
4099401
64819
2099020
491681
3285289
4727170
2850915
4601936
2174030
2381125
1994890
2302226
1673610
2000016
2368293
742846
4826809
2082241
4975069
4998058
2988923
1119899
3358343
4198676
3203041
1669293
3752403
2775634
2777698
4481184
2615951
459010
1141491
400192
3790596
4952778
3403844
3788135
3868988
2529495
896757
3383295
1066318
461838
2041779
2808655
3843647
166348
1493898
2846166
760757
4320333
1821492
928945
4741671
2492186
1243169
4064444
1835703
3936638
1987102
53141
378575
2761862
4300971
4583144
2309983
1489336
4977967
2469580
2892209
2682502
4675185
3039312
442371
418541
3609787
3556554
3902621
2147959
2197932
1793165
1753114
1643516
1349141
4616038
4218037
4150650
1841633
3911853
3181141
1990644
2319625
2951329
1594976
864515
3193749
2335574
1242289
1855402
1493845
4189259
3058957
3370310
4068736
1196321
2019232
1824247
4638607
2142076
574359
1522429
4336935
3314046
3314024
1582832
3499864
4505986
725269
586550
4801731
4542887
1336409
2300766
4540974
1472842
1558196
4480475
4473285
150771
4140705
3202576
2534006
1198590
1434533
4074880
2724080
4702635
2073171
1348685
458271
4358893
2707277
69349
3387549
1381823
2216948
3485636
1768272
4021041
4445452
1771855
2396633
3132338
573868
426222
4546005
4362023
1791498
193055
3189089
3051068
4720091
3520955
3136536
1123318
384268
3709646
3212627
3121592
3194273
4038537
194755
3256413
1160606
567403
215046
2888866
4236600
393887
35766
2570391
4122346
4818634
4586377
2490816
4418797
767702
1648882
3053868
1558219
4836620
1167504
1267532
4286959
4182617
259031
988948
1166108
1912005
1535219
101253
4246104
3735278
2054389
927544
4658740
2840684
3684304
1262326
620723
2808847
2907971
3264105
2547670
3805800
873241
2215768
440586
3973608
870379
1019111
4441297
3512644
4758238
31020
3284167
3340661
2618514
3723627
3035622
565757
2148596
4333783
4627534
4945652
4446648
1233948
4340975
3678253
1429058
4979018
4032822
2895273
3006016
1733654
1128922
3339873
1870828
3524788
1823357
1480560
1939474
1746846
3311163
2091198
4592812
2108312
1691809
747443
1746696
825130
1611017
4393148
1855136
4818747
4740793
3594401
204603
1649432
2583210
1393012
2173026
3051308
3210341
933613
1864705
1836258
2657175
3745679
3288873
1433534
4100604
3613265
781566
4589625
2587003
4525568
4344915
1973222
1142441
4055437
3194586
2719337
4716258
2996679
3790048
1248302
902263
4523116
1267884
3084930
349871
3116276
3580667
4511267
811782
3359782
781875
4941701
584316
3112952
3445344
3782302
3174252
4799341
4666104
1284828
2671944
543823
1511817
3780388
2809781
3799395
1863333
4703341
3993554
4897501
4276391
3171501
900660
4262118
2918337
1742224
349226
684704
2226838
4207396
1273430
1280862
730930
2417759
1639567
2220952
3642117
4742447
2751749
2104692
3237973
1180147
925905
3895412
1704680
2150360
3510633
1466338
4040727
3080583
582337
4937527
4908777
159389
3779198
3813441
4465644
4914391
3846603
329731
53178
1327484
3173875
4350449
2111031
3393502
2243408
474396
789009
2840047
837178
2270894
4317880
1001036
3788777
3617289
4777956
3642425
1918561
2474195
274382
1498154
2637568
1435527
2844708
243636
3627074
1253645
1808017
4287581
3226287
1343451
1946761
4247848
1019932
3832174
984656
3582356
2266439
4259133
3274791
4666314
193900
3540557
1519842
2245701
2324596
2848806
2297899
4035632
3078073
555338
263627
4218538
1510315
1047467
4834474
2239597
3814538
1027613
1662066
3843283
4766697
313741
4807117
3727397
645530
3041386
4138836
23894
3746253
2741506
2949140
1562059
4080178
2625221
3425865
4255537
2938922
2389216
3628637
3949717
4053614
2374754
2899506
2234814
4169150
3959066
1063637
3935847
1344223
1505052
2175127
1019593
2648464
655899
2726279
4838452
1125704
526819
4631897
4260210
2116999
149334
3475650
1225791
1505556
421149
3979056
2096516
2182836
3724437
548268
1650329
4355628
3567033
1111482
2735955
3628281
1026869
28803
978619
1349311
2647810
3955505
2228681
4164094
722609
1206768
2835765
933500
4786873
954360
1883610
4410885
922098
2941596
1755399
3229225
4967605
3121812
1719711
2168678
3697851
3893872
1921179
4907912
2235631
3172935
1541763
130813
2101589
4904202
4234009
1862860
1612726
52092
1540182
1316024
181105
1605899
1709798
1670326
1554756
4209867
4156486
152519
2722818
1852329
3172366
2806867
4087062
3502993
4338038
1625792
4435934
3533233
2111894
1269522
2705434
3471985
4531984
1655929
2275791
1462500
4401243
582289
4957082
1262141
1321086
759687
3344790
2060153
775287
1658417
276098
3906901
405040
1380689
3358479
444452
719301
1724455
1815531
2454401
3418448
74351
4839391
2400917
2714556
4361803
2096924
509873
2808442
3443780
3460214
2696501
3457405
4564821
4640524
4740788
4433497
2093209
4212250
3069534
2832540
3474847
3019049
1040398
4723273
261940
2559897
744156
4729769
2547708
3968626
326472
3585406
908464
947605
1416873
1051009
2106435
440439
4590136
3873543
544126
809566
2533412
2342051
2299560
2624237
3352834
425783
2050660
3472562
2973785
589904
4053772
4781369
3021217
4819895
3983676
3439225
2419980
4363175
4584408
3112579
1035321
3728087
3461040
4149208
2344089
4153135
2665841
4174465
68761
3521619
128351
4709837
3670889
4558956
1505845
196117
4833435
3524880
1884125
784967
4148645
2640837
3933175
327444
1930608
2685757
3527003
844261
1983031
3165585
2219770
3083137
3378574
1864942
4732537
3657500
3536071
4451223
2144058
1953122
738566
2987951
826978
469522
3335192
3730507
2424500
1787389
667187
4272332
2244067
4932736
138463
3690854
1064073
1898750
1030442
304293
2220416
267858
1078017
2344584
2514628
4661931
26692
523903
3906124
360279
338636
560844
1112247
1484442
1586898
754393
2185663
3267688
340066
31582
4616309
4643860
1012966
2703763
2016703
1413354
2754099
1612036
4969368
471412
3471525
3515087
3215862
3728299
2802269
1646196
979198
678916
3545665
3672667
751579
3788329
451824
3163809
4002913
248732
3726702
4657454
2583291
4829137
4017956
2012567
2125387
4909380
2523372
2477644
2626386
3442539
2424885
2335986
4636012
1811268
3982062
597758
2365647
2170376
2754439
2795941
4794950
1600393
2578519
192625
1900111
4102901
2256176
384641
1856912
1734843
1648855
4712245
1769686
1306103
2284496
150864
3392798
4715085
2417649
1501541
2552441
1328736
929848
3892863
2307913
3282634
4596282
3885268
4557157
3028660
1004531
904976
4474271
778776
2847038
393731
3040298
1839590
897645
3924845
1822134
4156933
3488570
3381010
641325
2893742
4130379
3382887
3598140
2070742
2774957
3773568
1682983
961757
274339
3522394
3720733
2903588
1361909
3301119
458142
454922
4474380
4626339
3774102
3077543
2406322
804315
2555753
1664158
129510
4998460
182579
3793497
1992952
387382
3384052
766790
3096294
2975534
4629816
1835318
4699392
79530
4983921
3947293
4275600
2868531
1780701
4277141
3171918
1522340
1104273
883064
2612114
281992
506208
416204
542582
720693
2574666
3105172
4351535
2775502
4764316
3793597
4345341
1106482
1314432
4044847
3946167
1404884
2272908
2301638
2036389
2569347
1960785
401284
4820110
1469180
2125140
3460525
2693848
2613461
2855558
3301316
1834317
2917776
3754457
3500037
294177
1477823
3041434
1344813
4568385
2190538
2407484
2626253
3088291
3673872
4699478
2645070
1142523
2751560
4237798
638651
117110
700091
3452720
1890502
4873829
4190834
431221
2507679
4187638
4636501
1445831
2551252
618908
132535
2554302
1325863
4571818
4610032
4790093
2703232
3354781
3632510
511457
4037880
645148
768227
1060929
2339242
143435
1672824
4561559
3185071
4004217
3364969
3663168
1481491
3337688
4919225
1686527
2676043
1692616
297816
175970
4020021
636083
1244771
3453759
339274
1388447
4996380
3701071
4925269
461129
3982387
3991245
4130376
3258102
2508840
1399115
2837527
1584466
4560342
3084300
3372442
2200926
2764893
3870166
354409
3604146
3709364
3538428
2275689
3178510
1033008
4063980
1274082
4577663
4419114
4912425
921872
3677572
511372
3996479
3152900
3080585
847562
1333000
469941
181020
2434494
1557546
3513084
4334628
4044484
254834
2432406
2598209
2578291
345397
2821864
2957023
2177575
41909
2359468
960957
406350
1332134
3014131
3962898
1149666
4156608
2136187
204827
4678425
537353
1895001
1965494
4427925
1332027
2111806
3185873
1236264
2904481
4182381
2735211
1482573
4447737
455044
2740756
3133907
2551474
1107860
1901252
3348725
242558
1301394
3645213
1539100
1637870
1138742
2036286
3597552
3949696
2221745
3095133
4934993
1497992
404883
4696700
3817880
1893001
1974754
6137
3912973
1518749
2909981
3008990
2999760
2807414
4134679
4666433
1054273
4639780
2710575
1172608
2495662
2804123
4336267
3814312
4686785
1477954
4457288
2390140
2703917
143279
2619014
1515143
4028
3981739
2850462
2941300
3294204
2134444
1582251
4967098
457003
1153717
2790637
3327848
2601563
2250124
902333
1868890
3408498
943509
4825881
1352642
3940002
2709773
4261624
2318022
3462107
1878451
4852190
4103570
3107995
291457
1019652
2254951
1113031
3055162
3515748
1803150
1025742
3902466
2892114
675909
3458979
1686285
1404611
4662929
3435571
1074874
58258
1647171
4956016
4751021
3308429
4816877
3018839
4344939
194478
1167847
3386838
38469
3590688
3849921
4941591
1096053
541295
1810115
3054147
1583128
1969418
2882229
2279497
2590751
4603437
4190487
1610056
893114
3415919
4036149
1746680
4988671
132069
2495506
159510
4748149
4220820
2438511
3349925
2125204
4028850
3996574
2404244
1346721
101908
1848521
1155712
1433416
4322294
812608
2608156
1926311
3345784
32020
2765345
2909391
1299158
350168
4793189
3506322
3565604
647327
2221063
4710651
2436244
3372395
1308420
4041330
2032500
1241849
4510149
1710388
1545980
880752
438881
1004110
1315327
4722721
2531395
2312665
1324453
645154
4903023
2245689
986235
4204605
467632
4850038
4311882
4788971
1603107
3122422
4762915
2786854
2444845
4418136
4374853
4961868
1744260
3209830
4636116
392793
989077
543226
2212336
3228165
1874199
1874162
3430278
1607497
3755146
3156333
4357713
4054642
1664716
308046
4059653
3104957
4802935
865996
4010836
2584068
2088936
802413
510516
3065547
3379860
2328609
3242265
100248
2374208
563663
909765
3540226
1816075
2860820
123363
4609499
94137
2360549
3879200
3662644
3342046
60026
4088730
569006
3682943
4650288
1080253
3141158
3937745
3575183
882963
526809
341996
2787708
3170956
4233387
2463555
3528058
1860057
4377009
4565410
4964886
388647
2765591
4038397
4793476
2460358
3346151
1411188
4002394
2828543
4642382
4515147
2319268
4132701
1464937
3708715
4774188
2436453
3435912
736940
4004554
1600385
4499679
1922555
845912
4140473
2340023
4885722
801538
463822
4618083
531895
668661
4864882
1893342
3195783
2167744
2848325
4881031
3507815
3851634
1842355
3444507
3358311
4576172
1955943
3408348
1982047
4950264
3188813
793810
817851
1863677
4772004
4406207
2189762
4910326
1037212
1317111
4460898
2397226
3385450
2407072
140615
4933888
1744699
741662
776534
1117682
3484535
1840941
597230
3800530
3361526
4054212
2269287
3004941
4886288
2663301
3360457
4189920
3289605
3615945
3486527
3398380
4256034
3199507
1901926
1067141
3969139
3797788
4433281
4802110
238894
4221390
967403
1006051
247072
1975278
1026527
3111379
2226343
1414899
3081754
4297871
2362349
4980353
864648
4345613
3140366
2646842
4523190
3701498
1198378
1475854
2493791
3198034
4230480
23733
2720814
2058825
1755269
2637086
3850406
1365575
3821968
2353473
2567605
3085127
4196148
1687242
2768329
1319060
377742
2076283
1865506
2734933
3749005
3729437
3945831
2103603
142287
3729745
1758517
1446536
3325309
3798616
3601983
4272392
3388219
55886
1893563
3056565
4663057
4366665
2653629
4209440
3156686
4073642
1901399
906973
4113348
2474679
1042085
2196815
4325083
3309195
965854
4434741
2427596
4874953
4782593
467819
1456498
1957099
4998591
2670369
572069
2617851
4332011
3279838
1339288
1424244
465523
778722
1675144
1223346
1731627
4493442
2748798
1862332
4252256
3185087
929780
3827809
3523167
4457463
4965472
820471
3872752
3446554
4942703
1451062
3197167
4806708
4539858
4550726
1930083
679139
459788
4000386
1875278
1297783
2444584
1949621
494009
1656458
4742503
469507
4757794
603868
3853379
1470874
2960756
432834
16006
3063855
1432662
1472336
75219
2593600
3877077
880184
2739975
3287642
204853
3946398
3392555
3284452
1404175
4723159
2958037
2413101
452398
4711632
797302
4613986
3320675
1920724
2521025
3631068
4448992
1963245
3422240
4546200
1484929
4976770
3293628
1217320
2619100
3861385
2825844
3964586
1558979
768510
3442987
3223951
33193
1396074
2334170
2264189
2719705
4065182
3723455
4943930
2819711
4932032
2281657
2957973
3418878
3410977
1373457
4250713
3817227
4842596
654546
504494
177222
4974383
1172050
4840740
4834691
940454
564258
475677
1482933
3681721
2187283
2663889
3343292
2513829
1047658
4594964
2593892
4263316
1620883
2535888
545542
4419593
2743288
4323304
2908053
532802
1234178
2448135
2189822
2374036
3835125
2579641
4388616
1352201
619548
597037
3681931
4382885
2795159
2381764
3812
365588
852608
1384902
508546
2688791
3744043
4431967
2711533
741013
4839299
3119195
1518734
4044739
4029902
4162475
3824393
2344852
3172238
3189872
2997062
4486608
4420891
3647754
2155360
4360951
4884824
4929133
1920661
1859068
2881693
2572758
2915284
1515112
4806842
1183456
695292
2151093
2055116
3416040
3971444
4869891
3477522
1387122
96977
2668293
1777740
2308823
256553
2497260
1157523
1862327
554439
2915308
3503238
4699522
2814849
4479226
3282053
1537165
3613594
4182470
4262622
2792917
4026026
3675877
875139
4563500
3833393
3834110
3683065
3515710
2850189
2507125
3510996
3389512
699353
4547736
4099147
4175677
1709504
3903034
4744802
466597
809428
3198301
4414828
4075530
4539419
4277115
2910727
2891111
174279
1818426
2364031
4841072
3835774
183498
674408
2216026
1018168
3963515
4955989
451973
1651240
3117854
4802095
1684483
317350
2675437
4108276
1479759
2801875
3594956
928029
3472042
4640608
2309844
365225
2908756
1664208
2236397
2596366
1470293
4031511
1275470
3097412
83066
4331830
1371825
1485470
2502415
2080410
1853731
2737004
1027164
4829610
1569463
4573496
557805
547824
420021
121189
4306996
2975498
1969902
2288389
3942094
3230660
1936889
2025899
610047
3887998
272672
1933448
2092828
3484513
440096
129224
856391
1818330
4170629
1287386
3892446
273938
4079915
4763056
3006373
205379
2726103
3157827
4837367
2215369
799861
1215686
4042367
263975
423328
4571510
2319069
881125
1759541
758897
2738036
3681326
4561515
1580428
785840
4676327
4024523
4033283
1471858
41374
3589711
4751417
4391077
3370995
3305731
731229
3885983
3795062
4027828
445393
1465597
3370798
2317456
2897043
4435452
2751578
1413187
2599771
3256154
4381337
3224773
2565706
2645152
4728121
1076309
4472291
3733949
1018175
3013124
2913550
4589330
2515564
359525
1569469
2330505
4894916
4294058
2057889
1487116
4221683
3973616
4728840
258098
3437732
4676351
1143059
150227
3009784
1627433
3305567
3380641
3748211
1463064
1385367
3142540
3452612
3442579
4866588
3722767
4889766
1747724
714444
294453
4591541
1207963
2355922
1718334
663194
2879934
2019659
1608225
2717693
39044
4529041
691023
4510792
867161
141471
8646
4748690
593532
163231
1093812
1586041
1868246
1873514
3390779
4977593
960300
4410608
296235
2762602
1849315
4716797
3727598
4514224
1927452
4206068
2627026
4718924
3848964
1834978
412436
2285150
2739259
4876844
1073239
342859
548226
1927317
3814664
2369321
4591863
476765
4437050
3964233
2252972
2648400
3154127
2751764
4479040
1730723
814944
4964254
2850576
1358321
3698926
2570211
3861674
225436
2319892
1671252
1192704
4389102
4273109
4321919
4657850
1606651
3955587
2919997
1399855
423460
591102
2190293
300035
3996177
4315663
4328464
458017
2705989
4061354
1927242
261150
2540930
829126
1318169
794646
4298157
3053277
3455220
1149107
2253387
4829768
4115968
1737433
1692655
3039599
2681022
2638863
4042082
251460
849641
4261979
1671163
1892145
2973514
3386387
786859
3221392
2162449
759151
2625460
4249088
1056847
3588002
4702150
4624322
3157073
1776762
1010727
2345632
3353553
2397852
3401809
4856537
943957
502691
3174185
1884942
773152
1399649
3631779
2437119
4758414
2639641
1061771
2664674
3094349
4584858
161574
2392226
981619
132234
4210196
8845
4492935
2692865
4118760
1538771
1483306
1931369
3302465
3241054
280086
4896461
2646150
1251591
4311432
4654047
3574383
2879691
2900945
516130
2077659
3845906
2902066
1121713
3430361
2821489
4800689
1261178
28034
1476380
3681090
836727
4184432
3293220
4984728
4190731
4523715
381170
3501055
2432982
4549439
66411
3522626
1101067
447202
3872231
2127184
4935327
258288
2313616
2354175
2718857
3405362
3980845
4872023
4855316
384421
920852
966327
2164330
901713
210788
4435312
4625638
4442443
344145
973735
1351289
3006508
764490
3672691
1968246
1132442
2337028
619223
2461317
3874008
2143012
612536
366566
984856
1989496
4137052
2185377
831642
186901
1360849
609426
797743
4721631
4868824
1308009
2894446
2630066
1856694
1923931
214296
1489712
4686720
1234908
4999819
3905604
2625838
300786
1630808
4798335
2728213
2382352
3034128
2550979
4584747
701438
4467105
1076347
1040290
3030053
2649820
3688488
1402699
2775010
4913106
220541
1326888
3436394
855965
419994
4169436
4984612
820357
3878988
3989517
607334
1378302
2630253
2236686
3150464
1170816
3898002
1368784
1054530
2978701
115442
340548
973077
3494015
2744164
431751
1213127
2598781
4783248
4253854
1514528
2455678
2528345
1046210
682783
124684
1231256
2887033
2181333
3161350
1152106
4740381
4675171
2119261
1369254
160414
4517190
1951560
2379954
3525933
3715589
1751001
3455072
3670437
1808845
2546087
2436448
650754
4923851
4617205
2049794
851791
2842588
1071873
4754430
3915863
1179369
2994313
1749463
2349262
667611
4908381
2715315
3247812
2839775
1214780
842203
3570210
888013
1510626
3262015
502167
925331
4083997
3644521
363773
3936945
3560744
3300965
3660704
1540379
827252
4949012
3552874
3357792
1878015
2820941
3323847
3598762
3298800
4993695
4899323
2927159
4502517
497207
1196676
2820770
3361050
2295926
797693
4455456
2402958
864093
2517710
586389
3412553
3449941
2631906
4225417
4277081
533807
1693626
1517303
3485674
2825807
82263
350833
1963042
2017975
4724149
267051
2181329
3929312
4291343
4582151
751018
362762
3656630
2268456
1586639
511631
160842
1530453
4326468
982838
81706
3908331
2965273
2943397
1074625
4835581
1494674
4808612
2800935
472868
2169375
4037945
613241
3073820
4489224
287738
1358941
2489101
2026769
3055241
2121128
4340392
198047
1445901
2976836
3071571
632200
882563
4326154
4433386
2700747
825957
1266997
1571175
1431404
1747242
1223469
2009230
604664
67972
1560420
1875245
871592
4522898
2417666
806422
3144744
533937
3948455
953205
1610211
1603533
4023954
4878849
3440194
541257
4136892
3624701
2565606
4229792
4394164
2222423
2797885
3346505
493708
2205880
827852
3812587
230003
3631491
1364052
2675600
2478371
2299813
127101
1954619
1595879
4281545
4248216
844273
2914824
527320
773516
1096692
4236410
1158235
3473518
2467653
4705084
1711825
245073
4119710
3354678
541656
1940089
80430
1284318
853591
448543
4752735
4909485
2556858
2951052
3988747
4760752
2136847
1175662
3694258
1969946
1288627
4793772
1807244
4828283
1282383
4272391
1357685
549746
1446006
99288
4835026
4410240
642734
2996312
4385056
933823
3571729
2872694
4482417
4601232
3345623
1268961
2425784
2992318
3414053
711538
973990
665856
842001
3835055
3096496
3547998
1745676
505585
4038911
910430
875983
191249
3850151
880804
3200058
1646558
1007791
4043135
3811404
4368537
3345983
965596
1070475
2533362
4838814
746349
4166178
600060
1637338
4363429
2748882
1406019
229453
4925165
4351378
2618907
2766264
1794062
3564475
1018810
1588119
3049681
1138946
2093106
4948874
4810668
913046
3020389
2163193
477764
536479
4842417
1409409
2917111
3561141
1552701
762889
3634359
3871764
272670
4235401
1233289
2486780
2692813
799728
1997135
3728157
2631844
3815772
4190838
4848565
1790109
4761131
1969841
4918881
2059040
2142455
1765571
2541165
900760
2800088
2718757
158052
3016786
1646200
2643330
287699
1089088
1019300
1333675
1695107
3708970
2720282
1514675
412066
3311249
3499796
2221608
4320767
1334775
2015410
4716837
1787619
4368457
198469
3258898
3659577
4885735
258974
2425599
175019
1861570
4724229
4520571
4203165
3851903
1733347
2001575
4019549
1420572
1348655
851496
3155126
1602793
3818892
2932562
1117479
1272996
2093867
3203025
4438081
1410779
3396047
2885616
4388260
4121471
4161216
1080667
4852164
4283810
4723736
1732501
1278990
4058424
2686467
1984522
3120489
4833665
4171686
3179363
3027300
1439204
3726493
2853787
3689874
1376815
13131
3515858
1081694
4022142
3013912
2565565
2499564
2351803
4739455
3875278
997617
179061
440429
3100108
4189173
2159552
904956
190221
2602758
1422401
2481319
1937209
2332807
4933835
1957350
264153
3266205
3016142
2819847
713262
459254
2226655
59283
713543
86510
1968108
2670058
2029107
1071532
4213806
1880420
795547
478321
4848984
1325646
1532848
1844779
1276070
2987587
2610792
2079634
4142630
4159992
3523876
3935111
281150
838624
2336344
4127865
2711312
2892243
601143
328442
1568813
1506982
1603293
198136
1646392
3686395
2347768
3339529
2124701
3981370
4212546
1882805
3537229
2681113
1795773
1529945
3257972
2215866
4558554
2520739
4357044
3324115
2675705
3127002
3988980
2612182
472386
3437144
4075263
288235
3557337
1782340
2826970
1325385
1447095
1809598
3474376
169940
3925846
2786397
4841841
3585253
3148890
2570502
888074
1683499
2853976
3288787
1740995
3682117
1305787
4519989
708159
1467541
150482
438469
683496
1937367
3139735
14601
3584152
1176332
1153527
2616507
4401295
3966198
2216382
3351284
3415841
3350510
19873
3499967
3199267
4564878
2978366
3549088
1747367
3776730
3778997
2161678
1784872
3887139
3739005
1306368
2450656
1044367
2777890
4589833
700116
954525
335546
4564497
50835
4167775
4046338
3135167
4618760
743024
950183
1534591
4995273
2141403
2440545
1056874
3080608
2672363
1422925
2718578
3947983
4428587
3368857
2468874
1396762
1172538
3220492
4017940
3812547
1960133
522099
3947984
1474747
4762815
4399607
1764641
4103452
3764626
2869848
829025
4715002
3576461
2654786
479792
4665187
2553630
3928503
2166638
1480450
1577947
3248141
3542231
2619743
4789468
902712
2639790
2655143
831871
2898279
1932521
2622186
3141285
1836810
4890256
2321544
4981852
1556481
3561005
2672937
1583750
2438850
1246493
4827084
3002464
60735
4127120
1638218
4920805
4014770
2933451
4485676
206688
3502984
3940195
2383806
3573401
4309855
1821278
1486496
283269
4500843
3380707
1969885
1653622
3781502
3990594
4699787
2863878
3607890
402407
1391389
3383015
3714153
145079
3896593
2395038
4380953
1145558
4166257
3576474
872086
1059772
1686354
1187020
3101897
496310
2742909
4195035
2968884
4217129
4464969
2141829
4069124
661060
3196100
2534493
3171216
2393816
1106589
4744005
2512584
4045782
493178
2619375
421444
4794369
2864473
1021098
4974412
2722515
4820095
53527
2346408
3543734
132324
4824566
3284885
1372002
4629501
2455325
2435764
3923526
1155227
2204053
3274303
3327604
1050949
1483054
1248325
2301982
4553897
637763
3655387
4567815
3607270
4092800
4973142
4522828
2117881
3618062
1093347
2845017
2894129
4557037
4764231
2331132
4514999
620008
4084043
3025523
2001574
2724240
3046887
3777307
1875548
2827958
2914158
1324792
3214434
4486532
1302852
1013801
3988628
1653972
637560
4017986
266732
3886219
4401030
953043
2501740
2670759
3064398
2071139
632940
3098123
1083328
828993
4935117
3354307
2947906
3170791
2951004
4774140
1656120
682447
2775242
2058757
1460636
295063
4475979
3590322
694165
3128653
3870826
196687
2843323
2838408
2972443
506408
4442747
2915034
4412659
1547415
807721
144475
4058258
596111
2079066
1484490
3122877
3443954
2387386
974105
2475904
3191378
1881260
1765109
388185
3668448
3823240
3963400
3354268
134171
3773203
4028254
681859
4905030
2780401
1517178
3469325
3024088
4661595
1336054
4458475
3756565
592432
1000109
224312
1539240
1983223
3658257
4053815
2160561
2762679
355279
1991670
4462283
3829090
261706
4842382
2410130
970771
2856494
1375477
2031516
3730837
2345313
2520227
4890463
1820380
3254490
2539122
2629038
3921267
1486904
1694170
1563463
4791698
4330336
2175912
1458906
1003355
872444
3069267
1363321
2320716
3315053
4861368
1272610
1772956
4018859
194645
2411244
4920202
4509633
2749351
4036063
350030
4973182
265103
1811409
2919471
3800896
4425380
1994394
4546192
2102377
3277706
4266344
1250133
4436420
3520248
630756
3318533
4400539
2567482
820079
4245825
4708265
4851076
3557739
794104
1800340
1364005
1190276
4694863
1022978
4706451
1018978
1771920
4186550
3754284
2566491
2923386
2502296
4105964
726238
1019879
4846254
2484508
2014174
2571447
699882
3457358
550433
3264630
1158794
99758
594556
2171496
1662464
2711930
195123
2299975
1576167
3468445
2871281
1933719
3417188
430311
1677933
237388
1758316
1227615
1091205
4310931
1395375
1258220
2984754
4998015
1329505
1756456
4215105
787873
123321
1921343
2324226
4739017
616218
2923201
1480716
3543269
2194919
2563069
1232975
3747473
2931220
916654
3091
3272123
892383
1272665
388874
4581397
3545867
1417840
723308
3562554
4564983
3493888
862777
1788000
4148535
1467531
3014909
1203053
4437574
409431
1307055
874668
1435845
3291228
3441061
4492570
2186306
1745755
3917479
338488
4678092
2923908
3758610
3575491
3413691
3256996
833843
200057
4727643
4119325
4362365
3345270
4774681
2745434
2121036
2882815
1451516
4593424
500535
1606444
2355296
3482609
4978804
4341679
1018561
2205971
388279
3907852
683801
2747814
4430067
359884
2647135
4727913
4301532
2062417
1261942
3541064
2579784
4698044
2460912
2582070
2893763
3102498
3083416
2699756
1046549
1427297
73261
2717832
4126443
2737817
1663662
1733566
3353912
2633822
305212
1876502
2589684
3366387
319982
762054
352967
3300465
1560088
274403
1160002
3098505
282450
4254809
3544819
4837964
2915614
1425842
4601954
3097043
3108429
1865454
4869522
2063572
1447259
2393162
964538
4920042
4697059
4907749
1111646
389543
63056
2177002
4828539
2958999
4064082
4258256
4931937
2925586
706654
1853180
3575689
3910799
1284839
4064938
580657
4620569
3029445
1966012
3083301
2297470
922856
3940368
712710
3162047
342209
1886060
1494301
3944900
932453
57821
2685710
2065156
3078205
88075
1718254
4400375
3698213
769526
3606059
3096647
4613598
3213910
1253206
117929
789571
4850135
3948943
1719721
4731305
4864829
83410
4946636
1222667
728946
4925637
374051
1080464
2040794
3842955
3672891
4597445
3627361
2271717
2756661
745142
2747800
1769833
4333976
2845286
4230266
4840376
1027420
2525456
2144820
3046096
3012419
1663059
707451
4446230
4753621
4562456
4010394
1165411
4280267
4538055
2912779
222032
3980292
4383504
517185
108672
2951508
3480183
1067278
3179339
4071277
1093267
1506544
4131208
3283919
1719326
2585055
583635
3226574
828397
504239
2049864
1838148
795123
2232453
637140
931347
4290366
4113987
4368542
4682284
1042628
436137
3895387
2477753
4396352
3364429
3334157
3082765
1088883
610282
2585036
833743
4140310
2332563
2050903
1078871
3497728
3293934
1325081
1362837
4134857
2853322
729366
3665092
1823193
3705496
4938474
3186341
1338096
932574
2179787
3344385
2202931
4254015
1834223
4129703
1031741
4628707
2215031
4853827
1042930
3589953
4202264
3081636
3714640
3424945
2022490
439125
1327976
3249449
539210
1297486
731326
4320699
3130796
775013
163938
4510595
1475281
148543
4029396
4705686
4423370
2286973
1134381
905996
2375875
1488533
1986156
2275255
2864606
1503611
1124322
1530192
23328
3516710
1539010
701597
2872770
4427633
3272896
2579467
3354128
3864190
4048106
4103143
4188763
2035087
1943191
1899476
2056146
475140
4958465
325773
4857306
3382396
1475032
429014
3168754
4670712
906642
539145
4283437
3424881
1007083
2994394
2953849
3737662
4833736
3809583
2052205
2752639
822098
2574360
864171
1638119
2006589
1814536
344036
3074946
2180938
1506336
2883351
835316
4767551
3644500
1438064
4773699
4921834
1258002
1679537
4261510
3671549
3446986
1658870
1501344
4498220
2014827
4663545
1598457
212796
1572869
1836402
338289
652416
4675921
226650
1478836
1061558
1941482
407011
4515004
1236522
3043834
3100136
1654051
1356654
2706448
1073772
2689245
2481780
4723576
3258533
4682462
1004552
1933545
2181610
2303160
6776
2389837
2898905
1341168
707584
1628084
408035
2958826
3047727
2366872
4971912
3376503
3789601
4558519
4587792
2906755
1968561
3855506
2584533
23820
4598677
4500068
4485175
3848287
1799037
2200968
3391987
82951
617902
426213
778516
4566003
4404690
4274615
2501379
54969
3907934
52513
1793203
4939110
3143559
3463551
3313595
3258362
1336049
1369912
877118
4519364
4180758
1459450
4112420
3847229
2566152
3290271
3884401
2898202
3979919
4393732
3736971
2953038
3438427
2773953
2181511
2931854
590645
4139870
4730036
1981550
3374666
3691112
3172522
4210898
3204542
1829530
53240
821202
3506674
3513074
3181880
66554
985190
1401649
918706
4569375
4388342
3526342
2169128
3059045
584819
13700
3628089
2461782
2431083
3038117
2568315
4328241
3793130
3261948
2746786
1543253
4931325
3482846
2115775
797417
2867296
4570005
2604986
505757
396749
51350
2656796
1351753
2697551
4623734
964662
3560119
638645
1686507
4652779
2891486
3487224
1828195
2709638
1133693
4930027
3123064
828176
4380047
4528056
659856
4361250
2320891
3487199
4574336
374734
1253347
3177403
1592739
2192045
33207
2613712
1301352
2860902
4127584
1271277
2523723
68904
4261399
1208478
2692312
1364078
4233028
529192
3449830
3437317
535170
2395749
1242785
2170722
2508870
1565738
4440586
4998661
1565324
1303267
3866187
3629677
1027272
3504961
83823
2962820
1800324
4184525
1654293
2788083
1105171
3033941
3557830
225086
1350149
989061
4373454
1096844
4367890
4880192
907820
4145608
2651049
1138558
4765581
630639
1032316
4715556
2076430
2412809
2310408
2060126
4441026
2575811
4046221
1915361
912026
1521397
2410763
595224
3971326
1508552
1069317
3010505
4783475
2130182
3077279
3023229
1841729
4735269
2537786
2087
2088602
2464049
3907741
3651758
39584
4242921
3714280
4666837
2137293
1527643
4021696
4999221
3215397
1602192
777556
3380120
194225
4646709
70233
3486928
4942460
956685
3088572
517242
1793920
4228302
3100047
1242752
500867
4609208
1101139
247238
4311203
1012608
4231884
75847
1954146
3647263
4369847
2206780
626613
1262791
3099840
4894370
4720398
4573964
532288
2757997
4100214
370515
1301116
2520398
4049063
4627077
3734488
840406
2397838
3830328
1048465
2662516
3048769
1669832
354198
2517154
1234515
4931590
4467624
4191724
1545823
1945885
3666227
1640381
3459452
3663312
1302980
3024362
4023694
1918388
2596362
4935183
4191298
3487243
2517565
1213993
2803096
4013361
615017
4557148
4935942
4111236
2828148
2449506
2308931
1870320
453372
4451733
133206
2859824
2937615
4772564
3733638
112141
4499150
1310582
333037
3607358
2591447
4111199
4545950
351569
3515750
2721973
4923593
3044761
1869075
3701251
403115
2217506
702103
3638325
4845282
4262073
4987989
914259
2196665
388364
3820705
247355
2464081
840240
2236749
172656
119817
817160
1193672
4921506
991684
3731195
3532458
1058140
4773998
751007
3622481
4675164
3783741
1070015
1286296
1456697
1673469
4708890
2301393
123693
3792962
2113899
2478726
4885926
2816271
2695782
274467
2429888
2316911
3761389
2300657
1260887
1393905
4541511
2875477
549479
1408173
2561720
2501925
244501
2082935
2846140
1522964
4311546
4225883
686616
2782922
1692890
1557260
1603748
2444088
447760
2784095
1197792
2960553
2008167
1562850
1028945
4283289
1404445
1185232
117462
3666378
3332327
1305816
2020255
2503155
3827204
2277532
3175884
1938026
1791388
1525986
661702
2220936
2915720
4950373
2140560
582326
161060
3121453
2744952
1237370
77151
2207455
3703133
2045946
1315462
606720
568782
358061
1811849
4388146
4320308
382269
691962
3305843
4248958
5095
4472547
4514035
2598811
4830362
53099
4484117
3774541
4139495
3790141
320171
240785
2834912
2701656
2313206
3053828
2768297
777445
28242
4582712
4045031
3227618
1018992
4274153
312156
2469550
2240074
4957388
1702934
4245648
225536
1212962
2490846
461243
291473
4154776
4460693
1327898
4273718
3755312
2838842
4303778
2953031
2949199
4726486
4344917
1198535
3733733
1201759
1377013
4455721
2282364
4050247
1763746
3405172
4010131
1378267
1907869
3096663
1286990
4916596
14412
817980
1019498
1021584
1138422
1640426
947453
4811575
4622608
3122892
4326439
3828398
2223212
1221968
4611009
2221461
2765859
4937030
1050172
4947154
629730
2768904
97804
3826553
1349050
2946419
136357
4026111
2207849
3243779
4109367
1778484
4201883
2468477
26952
3301218
2488797
805018
2494375
1466439
2534977
4000676
3993067
381504
659260
4159498
4573677
2437388
1273010
344194
2980795
1180508
718472
747292
235238
3230723
458841
4845390
3841838
919235
3374694
4692932
2023612
1047112
2930122
354600
121760
967064
1909378
4427542
626102
1041667
4430954
1219549
326535
143395
2092998
4736825
1206464
4353778
1561064
917883
1513414
910477
4283122
3545835
3291464
2870453
2404818
1894397
4891328
3385431
3944356
1112749
4255241
2151460
3136729
4208852
3884260
43921
2614288
39231
4060161
956966
827171
3736665
169437
4927962
4999693
4057539
3348885
2418625
822368
3063104
1419217
935270
4495214
4413312
4959516
2058342
3972202
4375614
2479090
4903143
317054
649409
2643737
2088858
898748
4170437
3198346
4753471
4157729
3932611
2714851
385888
2460745
3202647
1075328
2002071
4486045
1670309
1224452
3818663
1648419
4370972
3816142
4004301
3814533
825421
3135468
2221694
526824
2504090
115317
380718
3964430
1430560
1202433
2745045
3889629
3913154
32395
1360873
104471
4470280
1753209
2488967
3643061
1231994
1362872
4341363
531749
1270492
2119088
1978294
2464841
721346
3232166
1592896
403500
2177573
3414416
1187569
3408344
1460536
4291681
3968641
2442234
1165557
2879368
2113482
424050
269433
3612192
1556742
35528
2449067
3107384
4409604
396024
4165889
974930
2921583
3532504
1376994
4317970
523943
2145125
886591
3622148
527983
1867828
558553
1619514
1941625
3025644
4484054
4179033
421220
4002021
381678
4544854
1076981
4946841
2070193
673572
2561901
197512
2518277
3875645
4383195
4885882
1189912
213214
469228
3061171
2320460
1700628
1296861
2852493
4476859
3649532
528344
1670941
410399
1375765
4683601
3123109
4356126
4866448
4133111
2458670
4863984
833494
2338271
193265
475710
3820166
1828585
4961223
1186940
2866717
227810
489458
947485
924576
970304
2530972
4814394
1815459
1671091
1557842
2890021
3219205
3913357
255935
1587334
268373
3828088
1067643
2617826
227908
1354600
2102234
237344
4935684
4517639
2388605
3065219
4426984
3829339
2431891
2138701
3541121
2104788
226086
485409
1351344
2613938
3212415
3266272
389231
3146038
4176388
4868435
4575229
2061320
1938760
984047
2855656
2678140
303663
166407
3660604
246740
1789444
1754253
3509271
4140293
824862
3281069
3410796
4934881
2544419
4833134
738341
3379268
3543271
476413
2763510
1381763
902352
3920504
3329821
3456276
1121739
2613711
3781622
2656159
4066903
2947395
112462
4628975
3125326
3464699
1204438
3328597
281556
2944968
3961068
3585146
2097013
4191306
3781745
2933847
4340468
4625058
3002176
1990820
1687674
2405816
3935990
1141328
1671683
2245122
1933156
3936426
4044639
1987456
1409230
978397
4602221
3751101
331215
4686827
3080961
3202396
2160412
4596767
2827898
3229096
2372884
4287731
500555
307520
2316807
238202
247445
891241
4392573
2427879
1591988
39680
1079661
1954030
2723760
3397840
301363
3015325
2440466
3396929
164584
128272
751104
1759897
2379568
2274749
3660926
3154064
451169
186075
1817100
3421335
1146629
2772440
2233155
3008774
3640299
1387229
1288
3476658
210622
1145570
1704274
3503026
686198
4062554
4050279
4300155
2418722
527508
1424944
659613
4644270
2911276
4699066
3624558
3814137
3246514
808539
2830429
1649989
701570
2251189
4177089
3229898
2841254
1959804
1075963
1164013
1626245
3385195
2858057
2344789
1886306
110492
2665837
2501969
4591915
1160570
3540617
2034422
3424679
4008584
1121135
3788803
3688123
3844469
3294749
107037
2259192
2424385
1478348
2846104
3625886
3299093
2686993
2547544
1644416
49791
1868844
2688445
3573389
3869106
3285168
3281502
649293
3074998
4268525
717734
3008706
2601441
854669
1879822
3759628
4018887
4658539
2948357
102410
1898694
4833534
3843967
590237
2006332
735035
189683
2516953
2400200
3684056
1153461
2506689
1267321
4211831
500491
295705
500277
2198654
70804
2664518
195587
4833739
237871
4482245
4399026
4054631
1275216
2762219
4924607
288530
3073451
4444544
4035338
1731823
2165396
4515613
936915
3053916
3155291
4165750
4415576
25992
636054
1434295
200079
2952204
3159629
296254
2239327
2258690
4155281
4300980
481664
278758
1534924
1574889
3440923
2923870
3213504
1561263
646279
3331476
1231038
695374
911018
4770850
2125553
4389876
1459123
4912286
1530513
1576158
1072107
4211027
1544978
41815
3878092
1579905
4084503
264763
1168198
4652814
2369778
2311062
400909
4971040
4071105
2524273
1789319
2598138
1217034
4369331
2598051
3111848
2046588
2269281
3013694
722263
1862622
806615
513635
3258158
1064153
100098
1370057
3578285
1870792
1304843
2633829
201117
2819132
2530786
2588910
313052
3142700
371849
2569042
3869180
4831921
1453544
2290188
3273099
543766
1251337
2712884
4909629
1982437
4236690
2377856
4831710
692646
111374
4355173
3035259
1869607
3174192
145523
3385237
2610031
2717011
2563904
4554688
1286086
4683483
1574493
2794823
3606497
2073458
1842000
173321
908008
4961051
3311862
1822529
966230
853480
3647928
2612308
1255783
1156093
634145
2144254
2225270
1425029
1396117
3316425
3858029
4160179
1480184
2294574
2644577
4943392
2436217
2142660
4163367
4236513
2941340
3294741
1677892
1044181
2964937
1809433
4180653
3200543
4498845
1450739
3245044
4036807
3909999
87326
1443193
126799
2730167
1792047
3300457
4145604
2645693
2624575
744210
1869158
4809604
4686623
3942399
4845764
4053696
3459818
3237969
4911983
3567136
4986788
1823608
3481564
157494
669589
2109249
2171754
2233508
3318816
998978
2849940
4181753
1468425
3386697
154962
1916538
3026169
1439052
2389822
2546030
2420980
3793017
3295677
3159837
2647983
795579
4101076
632405
1271716
3435086
534904
4724592
2020253
856012
2324488
4850968
1347601
2119430
1876389
2019254
2497233
3999082
4065025
2289988
1252904
860064
2961669
1502665
927934
1091746
2844148
2533485
3389540
3172615
3338744
4139013
1118768
4148107
1535238
3031711
3723045
2130061
1836043
3611324
4738025
3908718
3215960
2803228
356917
3046635
3898595
4579653
802558
3743928
2904865
289490
643150
2987042
184460
1626588
4571570
3453827
966855
3896811
2114494
4857961
4563995
2869052
1490241
77760
1651727
4626244
329757
4919086
3289131
652440
2247603
3884767
4448564
4971764
3365284
2523158
3467897
2674889
3245848
2484683
3453770
2007295
2087177
3249329
4183945
2670005
1989252
2277587
1884957
197068
395908
1437316
3701046
4425530
2622706
2677030
2933042
1562703
2570090
3680438
60412
3689384
3835661
1630553
340120
3550067
1251614
2318809
2546954
4938342
3284957
1248920
267469
2316010
864692
4720008
2260055
4880668
1528552
2314641
4382126
750798
760397
4186887
4598199
1241016
188350
783764
3887415
3610217
1764149
959069
3420835
4855210
4926055
2110863
4759614
560031
3483701
3037839
1196294
3770138
3262526
2658616
2211209
2796679
1953395
2345382
4869014
1506670
2412324
2277448
3064052
932522
71877
1485330
4011701
4838055
2698503
4904574
4693509
3768625
482852
1837204
4278486
2937713
4387660
4911006
3555536
414106
1202252
1593398
1267644
3471097
692249
874516
1532863
363204
4853822
4878706
2554795
2999456
2708423
4625479
3433955
2749410
4006999
843517
4885532
4586754
1888119
4466163
1292262
1169393
4634516
1733721
2671850
935387
78149
4394613
2320094
4465452
3710246
1400898
89341
2519247
2862527
2963754
3441362
4440082
4526971
3549359
457961
1610620
4617069
3490316
3193631
2848536
2774656
545398
1531355
4241061
3752314
3103323
2383916
1414045
38526
2757622
1263797
4290031
3962601
890630
1729406
3692597
3518517
3596472
1862944
2204218
3162616
3201813
735298
1566212
1786519
4797365
1918730
288077
781983
1359660
3633363
4994651
1436254
4349855
4030851
1536608
4725825
3560072
1067712
2122926
3685837
338602
3249946
1649987
1194619
3992686
3647518
2833799
2364199
1134583
4772966
3320817
4362889
1615090
3717944
3668158
1989202
3498744
1154162
655434
558284
463615
603400
2675750
1935040
4098543
4409272
4956380
842254
4502207
814588
3818437
4257269
4594098
1481817
1460119
4672667
2371386
2480256
283113
2817661
46397
1468891
3560131
4049057
127180
4200461
3116371
2583803
3785540
528970
1732972
4957407
3321260
3551000
678805
3436790
3000000
4179635
4586220
4634724
1078679
2448337
1889948
309646
2952293
2190673
4926999
2231945
4193233
1757876
2525919
3605339
3749052
161641
1952558
2161505
3245567
4415291
676942
2665162
2571430
2976761
3471070
4169434
2906784
1742044
1725
4161021
561545
955176
364823
1207283
1492432
4239943
4256403
3627575
4631687
3130918
73804
4377798
2050498
2009810
1260126
1234638
1994818
861462
311609
2290888
1735320
1442337
3696431
563851
3499872
649513
343344
3607963
3066656
2127599
404509
1523582
3817241
3521199
3082601
1801474
321090
2576334
3435287
4336630
1157070
4156153
3212786
11305
805850
2004251
4027038
836322
1541755
3256135
420128
2311661
3912139
3832890
3241534
4144337
3194366
1660151
3662803
4040252
1843424
266740
2175177
3676441
142836
982471
4417973
1833043
1099592
4395926
3095344
3837106
3679487
1632653
471113
597766
2952430
1744837
4500981
4476607
2664431
2137200
4369610
1322357
3610596
2773621
1780140
3661622
727076
2955065
3893876
710106
1198919
3816003
974727
3086798
2838616
3708644
316661
4211431
2911746
2493821
1438161
3350684
4837416
2585472
2756082
4971646
4438927
4828124
2874685
4981538
3965356
2405348
4560181
1942583
352628
2322787
4421576
744194
2734480
1638854
196134
2408987
882045
2975681
515762
3362253
1078183
4988822
1376455
1903447
76381
2573265
1991784
1901025
229695
146949
1832646
2036113
4095908
2759898
3644596
153936
4986692
4782045
2855321
3042873
1160784
4691625
901215
1885923
2788966
4652117
423346
1485193
9500
1650931
558276
2997906
520887
4426075
4493322
3619565
2532739
1306893
3495521
4932823
1810073
2788540
3388713
1337985
1377564
3864876
3752706
4584883
1449822
1742333
4773313
35087
4695553
1882197
353650
1187972
2454885
4539824
4050131
617070
2190011
1783026
4735543
751921
1868502
3374177
602356
4802234
687746
1964805
293656
1445539
513214
3109233
2153778
270501
3078968
3581500
1437527
782961
3737641
4720120
248282
874273
4672576
2522742
646513
490187
812394
1373110
2790739
515530
1018573
3843575
1382445
2820121
525829
4407253
2486391
4638494
1696267
3900609
4724741
2024947
3677143
3657753
3432990
1202195
1357224
3049298
1143683
2371994
1455845
3884520
512160
2347775
490319
4727274
181029
3149186
2243312
4205940
1237041
1066811
2508014
2739616
2919915
1151433
4558059
3870268
713981
3098475
4671435
4900844
4603000
2257024
3159812
4772544
4648912
3177848
3674933
3821494
835349
4426321
546536
4080346
3995169
1711374
210050
3295063
752951
3783649
4107403
689752
2543481
390388
947289
305736
3364751
143082
362081
3115408
116951
1872364
1315723
4285508
1821368
1266426
761641
3152102
3706151
2737018
2492959
4147819
3818990
1709852
4061868
2569003
1250712
1235706
1127799
3899030
2564931
812982
1514271
1660518
680700
3964865
685534
2363374
3372450
4085152
1816312
1108993
4048109
603035
270642
1860674
2350442
1862539
3700909
608223
1225991
2250877
3287531
915108
4331509
1498436
888616
3142670
629330
891590
3309029
3429245
4361115
969205
176064
4661342
2261410
3355099
4021974
2052389
2759216
3010007
1633105
2434143
1882045
79976
2831949
2323322
4122951
1395987
894601
2645300
139616
3859637
1767841
4405147
1454916
278026
103046
2219296
4938860
1221573
4805254
918008
2493249
2963082
4804904
3576088
3071663
904767
4649121
3472059
2333262
2842184
3942394
4241262
353033
638807
752735
4607487
1572165
1293912
925475
2612844
2778913
3464573
1229257
4297787
3759648
2858014
1347739
464588
1490388
2031246
3797173
601830
1521958
2819486
2452060
3271665
1326694
3442249
1600533
3645361
4935067
3231906
4538635
1282898
2572977
4367804
4815489
2945800
2991487
4301283
3861824
2898039
3569152
3191223
2600816
1992399
3002821
1715550
1685179
718948
1260109
2539557
4921772
1780784
4768696
587343
526189
3984456
3715938
2490917
4000832
4560384
707912
2949404
3253237
3089192
4512216
2231462
3222820
93230
3315692
2634167
69661
1345435
1944808
24555
3486173
3694296
1745459
4916186
1767115
975957
4209149
989294
1717989
606240
972560
812888
1656695
833805
4434173
758340
1123295
776527
4740122
3243640
3581193
4152515
3007042
1748468
3561686
2356397
2900853
362283
3479581
3167122
256471
2171393
77647
1469954
2212079
504195
354324
2284208
1844485
2366787
3022424
452960
3176454
2449955
80354
1626577
2189185
1932472
1132170
4646185
1736804
3256623
3686485
3907407
4223400
3739428
4613099
4007784
2737220
297980
708952
2277604
952862
1312924
1201546
4666329
199431
1333003
2696972
4735647
1983771
1686787
1715355
2739093
985056
4328916
4969277
176867
4209642
2919224
3889544
99117
2113764
4011413
1013137
490060
2766892
4556750
3626282
2895394
2794056
926954
2121162
2860819
3140862
1779122
3948137
4606581
914281
4564935
1374925
789932
4755466
4281029
3285636
2923064
889990
1320537
2187987
3876344
1728313
4577966
2066428
996442
1210240
76424
4081400
38712
703982
4445168
3377029
2021927
4780780
1215220
599114
501747
1496547
2245495
823800
4418357
4600534
2627175
442476
2896224
3479642
793644
1606994
3904843
594538
3542266
1550339
2413001
3595872
662679
1482194
4371950
2107505
1658280
2763507
1700926
2918022
3047046
2832324
1880217
1498607
1782008
1670870
3116790
3614890
3880238
869204
3685682
752613
4389047
3672978
2512586
745541
918925
1212073
371812
2438605
2005520
3261202
2750170
4743909
4127701
1709561
826139
1082895
1540057
1066122
4711067
2506371
433348
445112
4099945
1024314
1596093
1788576
1246478
3759283
2574219
956237
2893548
4757421
2727733
758012
4204105
3261017
4489585
2754122
1224824
4122996
1899192
1070210
1721432
2581707
669622
3608100
3053
70538
4238139
4275385
1611281
409062
49275
2173896
3841799
37322
430644
2558938
1662323
2202256
3927963
1449326
3179064
3885939
1329097
381189
299149
4241976
3567342
1505575
4655389
3282710
4194879
2911399
1162115
4140885
872450
4394275
925436
4284469
2164634
1013625
4046355
3356594
2892168
3733755
86029
2889769
55402
4099087
649880
260964
1638127
1222032
1788473
515030
4173099
571875
3677225
2542359
3381793
4217602
4583953
3591082
4984216
614989
4885919
977735
318206
4293271
4910599
3034314
2822107
4212982
4006998
3889570
3159380
92728
2379025
3564651
1698764
3423687
1451067
1367026
2391162
1650571
281902
2930085
4568302
3550187
1579344
4276074
2890474
3980195
42408
3712431
1774126
465851
4786501
114389
82327
819563
2803028
3474946
4941096
2946551
3227473
3984776
2103910
1756252
2306801
4777313
3995266
3730911
1344695
3686586
2159641
956845
1179980
1200045
4620425
2661896
2228061
2034641
1499443
2246759
3771082
710413
1640376
2091812
960265
1792149
3810173
3748919
347084
549150
154196
2245973
2361048
981840
3906490
3316770
3547366
2478001
2308275
122298
2761103
1934483
3562033
4206125
1329396
4914879
1356231
1395421
2199916
1281498
2873917
1490625
966156
4646696
4121381
3729775
3890634
476516
3279760
2118915
746748
1939370
488115
23817
2481774
4164863
2382431
4222698
1234250
892416
1866235
2802210
1105091
1529755
3786843
1553590
4208975
4394482
3157021
4116361
417877
1246503
1198583
2828889
1417073
4088485
3000587
3312516
4787023
4339176
4692465
1554697
2767489
3549561
3867842
4885802
2979917
4573384
4677904
712260
3839228
4343174
1378609
2227526
1289524
3649338
1884852
3996367
2651013
1673818
587666
3700049
3903855
950298
3358619
1159952
1500275
4699773
3241222
1533316
2456553
4356850
2902364
329529
830313
3896075
3274375
1483496
885311
2158143
2021945
2724308
1218962
2494499
2359158
611101
186965
4779325
4816276
633365
467641
2026922
4987296
4334236
3528453
50758
4447678
2624865
3433127
4764967
3612004
4763380
3754658
1305299
2877641
159701
3306884
2416339
722868
3263422
1011416
4492004
258346
1579315
4892139
3659749
4265289
3653842
186893
1046796
4846310
738458
4563958
338373
25458
4447052
1138935
187593
4200964
2765659
4595602
4010451
3545156
1418455
282052
4144446
1406155
3299711
1158601
1939802
4821702
4693042
4291231
3204332
4305049
1774321
2837103
3459703
4196980
2510355
4035188
3635635
1059956
832563
3733652
2796664
14852
3203339
3955146
4496573
2784417
1801284
2248328
3652287
1027176
3037062
3851264
3648635
4283386
785817
541313
811432
237078
874792
1873293
1570418
89391
3196884
4537549
4212608
3684636
3521436
4796314
4377278
2731993
2842006
240472
4198671
4753926
2950299
3809011
4712908
2914232
3658125
3939592
3270122
1407705
1745712
4436133
1017659
4917146
357387
2168707
3808758
273978
85385
530621
2522939
2527521
2813010
4671501
1217560
3271503
4565630
478312
1034705
923028
1951110
856580
795929
4306046
3905053
1444360
1651824
2681264
1117773
4369118
690680
275890
355510
2831255
878
451585
2754156
1070681
2588947
3979300
4451367
3747951
2849967
3264866
811586
755455
4315104
4407368
3978412
1092441
4521281
3219657
1836389
1816330
3582408
4291780
4566001
3003226
4105817
1515660
1322916
4655081
2954436
3418285
3251845
430508
2570855
3242679
988983
612783
3602202
2147718
3149809
896131
969380
3953737
4712715
3974581
4357531
1180952
1382871
1277388
3595408
3475270
1577468
244799
4455138
3783344
4671892
2243303
3344057
3691882
4102105
789413
4415847
2226616
4797962
3266291
3718281
3747372
1487747
222945
473263
4946303
1110960
4642482
1416120
2254941
1913620
1967959
105163
490735
4396731
2262865
1198624
1063842
4941770
509719
4072946
3107237
2916473
1727450
4881890
1583
536267
1646390
4728646
1596625
4361232
4716310
3969364
3621148
2445886
4292532
2804335
4634070
2136774
2225978
4060376
3887763
319667
1313028
4055331
4614266
3456235
2227951
3834897
3108886
3058816
4241447
3505309
4422985
3963064
990650
4985938
2210333
1880724
4612542
1528241
1011133
2429552
982205
2439927
1486486
2356864
4618632
1845098
3176514
1534464
3079388
1454170
2211252
4137515
4637672
343920
4753827
1041445
4525350
210707
100503
4045456
1759717
2756033
2018974
3183840
4482010
3299448
4604727
1008968
1624265
4952610
4185075
3153354
698911
303112
1870636
1217988
4211410
3643893
553609
4657656
2244967
3501281
1214123
970742
4232423
4611437
3250609
192817
2989546
2949744
454543
4000892
1412339
1526699
3897843
3792415
2468447
2917563
4700168
4145840
4237732
4501324
1030380
3005896
539939
2056283
4303490
63961
236797
4409411
246866
1349810
266914
4533366
4403494
1586115
1989152
413145
1607089
3443504
1092661
3737863
1490299
2197390
4408788
2082642
2188444
4207585
328803
4980975
1291141
2242731
2427131
1610219
616074
1416480
304925
3983387
2355158
787059
4813363
3583885
3726584
3127254
588617
3824776
3033757
3574464
3118209
1676911
961105
3241568
2184533
110777
4445641
4065440
4822877
3141853
4508466
1552376
4635251
4786968
4498648
626168
1311784
1821467
2251133
912509
3714985
4418387
3915932
1343530
267553
1492167
2652324
1135223
665655
2242188
793818
3765199
975916
3358655
2740034
2028391
4043331
1156187
293242
705475
770156
4852627
3661166
4742900
2638501
4058918
2396509
1794985
585619
1207275
2959300
3430075
4538062
2197495
1065248
4880690
1542068
1102585
2093921
4319315
4898963
4089069
2914792
3615345
3418617
3875417
129215
1659465
2556826
1272837
2601988
1166237
2823923
2478369
2551293
115036
4119667
4584323
4916711
1977486
738338
398492
2721641
792999
2410620
2324243
4542071
206977
2807879
1564128
1297886
4744958
3349528
1766191
4652035
3422948
3171672
873705
4595406
4951402
3278875
223329
2393703
4283264
3430887
4359188
2977261
4365767
1654240
614726
3932210
509172
4837761
4726947
4462190
760410
1208724
1899812
743083
3070877
1609751
511539
1977573
3167132
3867147
4067996
3832271
984548
3533468
3853230
2380480
3659343
3237338
1339352
4883018
1490245
1110753
3166500
1193636
2726284
148341
4138120
200645
2603329
1452296
97316
4591271
2965509
3872327
4998072
4551451
1759432
4113486
3154138
4353908
4448336
1478771
3700755
3957683
206514
3867262
1910985
691677
184620
3295686
2105597
2667456
3085470
663463
1713207
3241613
1598784
4928751
809468
4681625
2867241
3493190
3148024
71328
1604155
643573
4310289
3846498
3810937
3923845
2976843
4681611
2731269
2581627
4049524
2723751
3132865
2402788
2923046
4274481
3233870
3683480
4401013
3489151
3762157
1935745
2960257
4840129
1520642
1721194
3342117
4133580
3773576
635675
3273299
2928099
828775
337188
2729396
2007904
375123
2438492
3321928
885502
1538252
1167755
581111
242218
454918
3820294
259088
3178434
865222
1039427
2704293
4028588
1679088
1968862
4401099
2153141
3745476
3504174
1031648
2668053
4998252
4171728
2885099
3072270
2240757
397080
2557850
4179015
814428
2840695
3262361
4804915
38597
2550060
2875879
3039980
1490903
243326
3737704
1176000
3362972
1436316
4874246
2705229
2996713
2344046
4568864
2781636
2600948
4429604
3490399
2815762
2863947
2371325
1779211
2582923
3685906
1330668
3864092
3710879
4319810
437952
4937794
700161
768927
4445956
4298288
4373928
4849952
4222584
1252021
2971433
6590
2841635
2931024
3252785
2379209
4247826
4244621
4059430
1199982
4801716
3573328
2480392
153149
2561184
3533737
845863
4813477
1709286
127659
4236589
3231287
4118543
2492269
806993
4993428
1900892
3897803
3533549
163418
1798420
1173120
1001498
2931983
1491096
277392
2535276
3944702
3119686
2403864
4901285
2908405
2903313
4419865
4553480
77794
3041853
626796
2179652
2582362
612205
4935317
928949
4427364
4059408
393423
1046915
3811718
2406824
123127
1195205
2519937
3959171
1231913
2879955
4505876
1232295
2735722
4464725
812500
3293342
2229021
3990322
3186962
955032
4085805
1836960
1948098
1329657
3277607
3588472
1396559
2404279
2026071
4956534
3957539
4714622
3643109
2107746
1691263
548270
3794570
3139545
2303482
890306
4918796
1779914
2852138
3216238
3334424
244554
4393844
4458797
2491378
388811
3998146
4579404
3591416
1173113
1661676
2257039
2168686
2436348
1346925
3580567
1711906
114760
2032230
2544792
290311
2725701
459546
73433
4277666
810956
3235565
2251197
1545734
1647539
3869745
3917637
2531025
2150586
1900606
4376921
1950906
2048545
4248495
2285064
3486302
1468174
3452534
3606948
3015523
2938601
869658
154897
3731046
717086
4042007
4304685
3624151
1233575
288836
1078401
4994577
1162770
3699027
2009078
1085556
2407030
480800
4692149
1687159
963708
3875949
3682073
2260735
935195
4616261
2436972
3555310
3407837
3391757
4853525
1468001
810157
1593818
1165761
4765627
3429620
941704
431144
2887800
1692250
4411437
2203274
4936069
4401302
4478765
2593396
1184379
545116
4858177
3342529
1253092
3452538
2615399
707874
187976
2941638
4240873
4290959
180225
2699290
4157703
669062
3643708
4982281
4416015
4277905
2642979
4186398
2946805
817065
3615851
3791226
3631452
319345
2062335
2043483
3150869
3972630
440463
1043287
2780225
3253959
1289285
2253878
37237
1981665
4513499
1402122
660032
3707878
623702
1102751
1636424
2926662
339526
3252690
3994225
4789617
3559443
645366
1337150
3069348
565407
2379041
1816213
82715
4770109
3013137
503141
4953922
99519
60971
4156427
978449
2034882
3414952
1266696
2270616
2669491
4853024
1833184
3897458
1642785
2202486
205881
4165321
4220604
3647668
3120537
2897723
3336688
4233142
4109614
1557599
1036908
3583351
880014
134772
1827371
1398379
3569673
3203702
3326470
4537847
4356410
4209275
2033159
805432
2593405
858486
3414363
3318575
2392844
2140290
1915356
2757291
2927938
1700711
2639862
82221
2003963
3321580
891224
4745411
1261132
396642
4670729
2829297
813898
1798770
3465366
4956815
4336445
2943967
2028549
4261237
548044
3666482
173811
2831482
1353031
3398097
775183
1880564
2019460
1217266
3702227
157589
1225047
1625152
371860
4309620
3633592
4517208
1468461
2291270
291316
4920407
4196510
4303313
2205106
2761765
1185686
380958
3281917
4492995
4453462
2179169
1204157
4119431
2248628
3849813
3126373
992101
4944762
465717
4134215
272935
723146
3184067
3899393
4275367
160991
4743096
2146862
3855160
1776371
4575362
4336585
2072449
3218037
1075008
3706625
10347
17866
1658542
3632559
3566307
2193039
2407570
441187
4612960
206267
2116026
2704491
3062666
4605036
1736247
4664251
437971
1084484
221292
3734929
913968
4454894
46695
318625
3166596
262794
2636548
2539847
3437686
2885085
1829950
1473924
1846644
3504985
1624906
4797907
3293618
286911
2033035
4254191
248962
4362818
1420657
2054247
2669886
3110270
1903279
1911648
3952805
2918537
3962163
2616363
3450366
2992401
915162
216589
1736246
4207041
4384279
2959256
1102637
2330277
4316103
1730839
1649263
2667898
268237
1252443
3953213
2189995
4181665
491711
1944552
205903
1218260
1110305
1897553
3252798
2631812
2469426
1966320
1554501
1486503
86608
3605081
246966
2285029
2561798
2201253
3297524
551058
2892325
4720933
2055170
1257373
3413948
1783377
345580
4268917
3562933
3494152
722492
2251245
3422251
666798
2317148
2579055
450460
2020509
36260
1650084
4090309
474459
3550444
863361
1594010
215484
3108438
1163951
4902708
3402563
2539662
1436766
514877
1298674
4810103
1885767
3532060
2053587
2037581
4180601
2514014
2067384
1607043
3148846
1908189
2326928
1534334
1874547
325494
4639224
4072689
2940389
2948364
2882385
547932
4740094
2651464
1110484
1241681
2261418
3965013
2278459
1982792
1748686
4516648
795395
1798702
767757
4008424
3828460
4325670
3498178
3207510
3195740
3533894
4663286
2245213
1529592
821628
2967132
1383406
4083417
1132386
4816746
651648
3794625
2819507
4622465
82818
1113620
401946
1485866
1510166
145458
2018209
3737221
966378
4401064
3986405
2039178
2666981
2036882
1037644
2591273
4305026
977036
2126096
3533107
1858239
4723303
4411368
4391621
2912883
2419378
3648453
2431449
986122
133915
4487530
1122666
1354632
4285054
3978348
3746563
142024
1893183
4839108
2522107
18746
3041205
2566863
4248206
2825314
1980988
4475699
3598191
3560976
4889608
1215175
4830953
2512347
2547415
2578173
4801501
1698225
1174496
1677700
3244357
3555865
3165488
726385
616647
367712
1782174
4480024
2954362
1649794
3495031
1146941
4400405
2705189
1784130
2582905
2985921
4629875
3733809
4440155
1085474
4954443
2187799
3956601
3455110
996086
1437881
1062336
1849003
2638212
1265018
915922
2110094
3428694
1385997
286615
1679666
3200259
3427598
1719886
1207518
904912
4887825
3891527
2137975
3346820
134153
4724020
1352631
1777148
2980140
3792439
4115948
188331
973276
2288848
3862310
1080490
3182548
3877998
3328735
3780158
3877134
2758451
336327
2363797
3948483
4828947
2453349
3580521
1005248
3935603
2601734
4927000
4190868
3856969
4977026
2013793
2096085
3739507
2937233
3045922
376639
677097
2929677
1696181
2402656
4701305
4005434
384078
4667452
541848
1593340
3954480
4837390
225471
2694715
38043
2049778
2085775
3815207
3502082
4593311
1550611
3859577
2520622
3351614
1455914
1807179
2132341
2675547
1881195
2814928
1778831
2995280
3887346
4266618
1262700
3143686
472511
1082807
1090165
2369439
2528961
844411
2469612
2624946
1819033
3779556
3702213
1958641
715013
4742764
938061
3658011
3965988
4700354
4978619
4707874
4413043
1295517
2306644
760190
1216189
2561208
2073287
2989131
2689388
4854031
2667657
320752
1546360
2795522
1343186
2069520
4049361
3211552
4017074
1207403
409003
3059024
2188648
3789609
3751518
2258359
4394062
2921114
4414955
573936
93023
2165711
2045686
1534835
1533078
1811200
2063149
2933701
895080
1689802
600293
3985419
2702927
4059505
3152463
164914
1590030
4650272
4582796
2533717
2913927
2867887
2337919
2817859
966162
4736248
2621982
4186308
1602819
830586
2494948
3285684
4402464
3891512
4856043
4715867
1326274
880829
814404
149048
2045445
2175448
3106432
1703359
1645312
1728208
4468934
3844947
4773826
3139425
548423
3275116
3230292
2484341
1970336
347648
857155
4712215
2070944
1656886
3100297
179433
4916508
1167998
3440061
1314528
3049889
155098
2846761
4456855
4218106
1295635
2008617
411963
880169
1842400
4967917
18994
4163304
4649830
2242512
4200429
2271260
3058104
251750
1129946
4996831
4449172
4645378
920782
3189559
2346793
4053083
4891241
4982249
2048205
4097336
1088880
20114
3277633
4399338
1806001
674640
2367891
3794755
2792930
4572936
3310556
3381458
658013
4563136
3586189
2236607
3387111
1546498
3768457
505974
1853298
1151434
4103126
2552500
1244024
2426254
435179
3037978
839352
4037394
4703308
3298267
2353446
1137099
819995
4900759
4864499
3078979
4455042
1791996
3698025
4225771
2482269
1945134
2468977
4300419
2816436
2066125
4819169
4397840
564748
2565065
2023928
3455912
1115821
1479978
4619794
4207024
1121252
137179
2631494
2445704
143306
4007803
1724536
152303
2334925
1649781
3592466
1687326
4723813
68912
1333433
635900
372030
2317501
253115
2767870
474451
2612877
3793706
664203
2029015
2243462
100623
2720996
1865466
2236763
1315324
4443769
3028756
3021049
1034333
1068375
45265
926421
100525
2540756
2094741
4850496
1828541
799244
4913363
1571355
1559738
742241
1927580
3586564
983821
2667031
723379
3301121
364876
571346
4778460
4956442
1877910
47613
3814206
1878588
3211243
1490626
4470427
3277116
861251
2640424
4059814
3876629
2944095
3623905
4527162
1868962
3193108
3266178
4533925
4745822
2340227
696793
235527
381255
1253185
4128720
4181397
4176120
4155158
225981
3220659
3813432
3487152
4004329
1406962
3081997
3980141
3653745
2398293
3835356
3566960
42769
2219902
4550869
2950672
1841504
42158
2772259
1222132
2009139
2069925
464499
3201380
2758120
4305493
4823724
2344817
2762623
3621787
4364988
4590269
673256
3297131
1969594
627250
768479
2441890
2531477
4995036
2781652
409846
521459
2001111
3272072
1566312
506950
4796086
1186259
3973342
3342651
4670370
1271829
3676241
207384
999200
1299967
3251559
448011
2173087
3700228
138814
3928489
4751176
2693404
4442397
3646965
625946
4928743
269619
654007
3479287
4832860
350932
2574492
4279162
3867564
33236
2583114
2021510
486387
4444560
110076
3751982
3820823
820907
4193088
2112652
1424192
2108815
4968089
4238092
1478971
496053
4490242
265857
4935289
1980729
1098601
1423336
938576
3380292
4877396
3743442
2577541
2786337
3675621
3683399
543409
4291616
3347744
4150666
1920910
2228604
2072779
1032629
796569
586681
3086184
3672004
1562855
1651140
4237433
4420465
1252779
2653939
1527850
168553
1391984
532217
429005
3977773
1220506
433163
3201818
834522
1392652
1016737
4589736
1129485
1768730
362799
552550
3450410
4976022
3734842
863766
3345451
2729215
2547868
4345865
3526784
2913155
3694507
3315186
971061
2351048
4147590
757652
957801
1529600
3902497
3524008
606929
69269
2064333
3859722
897917
3217335
424226
2997670
2968364
1248373
1901084
4868443
4857165
841742
676278
2193683
1486122
2413917
4790166
2373297
1049543
1232933
598563
2115671
3535818
4940890
4403490
2209396
4856024
1577423
4127619
4536586
2212988
3386163
2233478
2553117
2053850
1916526
4191382
3931433
3871969
2262616
4951351
3800741
3174348
4982740
4699063
2303180
3539541
298232
4962203
2862108
3118456
4296388
1291802
144285
569982
3143350
1473159
1831873
592905
1122910
3659614
2114362
4008009
1007331
307849
3347453
3434408
3812794
1422510
388885
3165466
2530556
3088181
4266956
4894738
1806098
3433825
2461174
3490304
4419183
2604774
4788444
3833137
3248912
837432
488923
3362210
4397833
595787
4531816
647278
4833590
4279640
3750047
274148
4749515
2693760
2912606
1437012
2254113
1901834
4864089
3903041
2077751
4637857
1138686
730249
2304611
3996795
3064791
3798886
4236509
4089293
4830633
2534667
1912181
2896584
3103222
3155346
3542417
2239770
2353353
1696479
4370361
4317852
2404703
1781090
100776
4029527
2457539
4392441
2445458
327424
3728661
2296446
688013
4263246
469006
519678
212001
895552
2290203
4421383
722103
2742499
1421917
4838849
2116175
701718
2886164
885609
2661350
1307730
2825223
622939
3622526
1767178
3606598
170801
3298506
4492519
1705636
2432827
1618862
2901046
2921131
922246
2632096
4681800
1705230
3949289
3595038
3980166
3681441
3865499
4719786
1823832
3400213
4382185
2851733
1545922
3065305
3871175
3256494
2846102
1646223
70647
1687088
2746451
432965
4947857
1330579
119327
1982242
756756
3730682
4991165
2136993
4438917
3026855
4418540
4219918
3803634
1934889
2010750
1340579
1834089
3693518
1169970
2367458
3507478
439294
260985
2476116
4616318
322741
479349
3644353
935230
98185
4015131
191292
3949061
3871789
2839877
1417044
1913627
1986608
1793657
986673
4865571
450814
4648244
790649
3129737
886191
154911
1605278
1252178
4573182
3993186
1797798
1265422
1972397
2510650
1708515
540471
4477452
4005952
1478104
3994372
2356854
2675335
3567077
1928827
3209214
281203
2553860
3624232
4460825
4135672
3203559
1747319
4379321
2639789
3320847
4531799
2447817
2998614
1122334
3486576
3128652
4231662
3734899
2718008
677083
421620
4476645
1329679
1885872
4313794
158389
3564003
2121294
488590
380943
4930191
4902575
2722507
1508285
3062381
132000
3366906
28382
3988752
2944232
3245497
2649679
3948177
737638
1887949
1216206
2009434
3363155
1360622
3480588
1899331
2973938
4058375
1044330
1816401
4582652
1182357
2245247
3868014
895762
3733477
2632202
1458499
3315350
2331540
2390042
869661
2014535
3025208
227665
221974
3386797
3323773
530225
2953461
4727035
3882063
2864488
2929746
1887138
2102213
3798930
2416010
1008420
2838845
288186
1713719
1497140
742965
1294054
1629514
2704021
2508201
3059700
317491
1456930
1538877
4674841
3615478
2320487
2623902
1572007
3430452
1928239
3576977
4154290
820246
1871256
2399324
4210314
1054018
2983695
743183
4856884
2808930
4491673
1858979
105040
2751923
969088
1350339
3096821
4392953
3253498
1587197
971464
1363745
4849337
850201
3790770
2101436
355483
2943618
3668206
4293939
10818
1901684
2311633
2450683
4189343
3852924
3512368
2214429
1895899
3750550
418788
1831561
558788
1945098
4094779
2905235
3857492
2519675
4018046
1425270
3565188
2160190
4563762
1722082
3489464
625204
3906917
1798033
946876
3353267
1948177
757016
3374086
1137171
481694
2284880
1100805
466948
2168511
4051495
674176
4165369
4525416
3634310
3041956
2629939
3627118
3624036
1714983
1315952
1523608
2572356
3220173
1176145
721992
4860079
2896748
4547457
2766040
1389011
2470134
1822767
827664
3462441
2481941
808919
2990095
4619967
3655136
3735394
2508849
2840267
3964839
1291688
1267500
3948405
2515161
4818665
727508
951015
3227942
3657684
3619395
154752
27023
3065783
2345291
626275
2001602
4500023
2655259
4323973
2835967
3704867
4360458
3271156
4210563
2097210
2308566
3699947
4448237
4432841
1582607
4133117
3558473
4442954
2891508
1273007
1667153
926387
2210382
1272534
673363
239460
4799444
768877
1019865
1102177
1467003
4653354
1192623
4601364
3913833
4532993
4590293
256084
2572712
3708025
1966513
3703771
4509150
202287
3319031
4212360
1714353
845218
2004699
439059
3788545
744370
639723
1830224
1954948
4556507
4027557
847319
1979215
181132
3778256
419174
3228404
1076797
2996363
672916
802559
545421
1970055
1944452
3407122
4743005
3674426
2114060
832187
2508766
174398
3691035
1083455
2772760
2336954
2462981
2086813
1217777
200294
4559215
1460408
4377221
612364
1993715
4771755
418761
3905434
824559
2875094
2945920
1442645
2098179
1489188
2718541
2913716
778187
4038512
4202491
1326593
3018235
3304529
1431502
1719283
1321194
1991457
4389126
1520671
1947554
3967479
3440093
1831670
2491771
4379785
1775732
3684665
2240447
3349361
2504313
2275393
4669009
3490541
4364995
3135718
635195
2838496
3687307
1171957
3149853
100879
3321736
654056
1303031
1314707
1700233
697169
4280941
2090764
4047471
4450775
2541390
2219213
3676717
1640909
611662
2010809
461205
2072856
165143
3215405
3026233
1079940
3609376
2284669
3492780
2512062
2689811
3980095
583506
2203808
2318777
1207663
4050793
1345360
1162845
1126607
3991255
3776983
2630027
58778
4386186
4895422
3778129
3850539
4176211
1401691
2148212
4349018
2462376
1366126
2249491
2527949
3262974
1775864
2047514
386470
4780347
1325338
15469
63662
4754479
178750
2555323
103391
196994
4043141
4468020
2941261
4873986
971563
2277355
3740981
4943945
3618150
4014385
3429305
2410749
3331850
4190023
271136
4754534
4034428
3539350
561541
2227546
122489
2919791
849886
4251732
3457499
987004
1424482
1127979
2161786
2550940
759485
4141737
2378875
4183105
1137947
2393281
1577374
1891354
591227
2430516
4468575
1775723
738604
740785
629979
3613749
4539871
4527148
3184567
1146807
4773052
4310430
2984511
2249214
2867572
3466952
2576075
4896311
3260415
2058887
262026
832163
3706783
1822894
2589799
1917781
3099860
3074881
3743144
4187428
4257856
29720
4708001
992319
2720165
3371664
743557
4781918
4684424
2595765
4546747
38805
2635177
3150270
3072959
2319650
4845551
1696043
4193443
40023
2213923
1164600
1514176
1104171
2258195
511728
371254
1130901
396025
3666761
3989694
55091
2932521
4315005
4974472
696542
3512316
2604193
1574755
417267
1757591
3767548
4652908
3660350
3218967
4695969
1404147
1483793
282829
4751255
1939641
4714374
1101599
3225676
4859398
3694703
4782468
3502535
1838737
4215662
4740879
1107182
1759051
238555
3255681
4820388
2626303
2649169
2179072
1575824
1563938
4794322
3603988
3311459
4383041
1779430
4570315
4203845
695413
942661
4235548
3816744
770314
1164456
752501
3022757
4438626
2864791
4430453
1642052
1650051
533032
2197937
3298049
4941460
1209826
3331995
3814328
473423
865087
1542196
2384898
1592612
3742264
2423081
3846637
1771299
4901896
3793939
282960
1385374
2849887
4921744
4337758
4466874
1309673
4974764
2001998
1672734
3652631
3274002
2262336
4812599
3604296
276651
3827010
3216078
4302545
390812
1259197
3012464
492352
1214034
1967668
2224969
1837896
558459
4766921
4902074
2977141
2027799
1013031
4301564
207693
3834880
715226
461822
767108
4617418
3005925
3818828
2280508
3008477
2341886
4478937
4283895
435436
1203339
1268589
1102838
3052244
4828238
2299581
876320
98929
478602
4099434
3030105
48990
2914996
348291
4856813
3124671
1315004
4211435
2640188
3395440
1783481
3593429
4273245
4347524
4295514
4984703
4242556
3043580
299927
3095221
823042
892739
243459
1202205
1232548
2795424
944227
3337728
2898028
4171122
2790778
948551
1076644
1391160
3935908
4792275
408701
2885274
1567710
1488336
1451221
4349117
4728382
823032
2146
1386422
2327663
2929916
4296930
189300
3419673
768419
4428239
2058844
3882348
3945412
2480903
613790
2776987
153022
2194032
2774853
2204507
439730
3820623
4160945
542901
1330255
2125234
801605
4232258
1471008
1866288
1190334
3712044
3821568
2143956
214816
140628
964021
1178193
1688943
1610978
2899511
2994253
2780203
554665
2059697
2372985
444860
3250714
123157
3725408
3203780
1333061
4824826
4399646
3932990
3800186
4685870
383380
271206
1620723
3718376
3258162
3282382
4497397
3280100
3082901
4350583
3905690
1931041
541477
1463952
943428
3722404
4674457
2711061
1182665
250713
2049121
676126
1655313
3343846
4449309
3885263
3244953
4799702
136018
1202702
325694
12881
3190974
2985869
1099739
826672
4897494
4039777
1945782
624400
4582643
317466
2858152
3127134
3048768
275771
4005205
2769961
3157068
322608
1739358
1951239
3252213
4126921
3553461
14859
3302405
13291
661898
1504650
147920
1067496
506365
3234020
3309121
752485
4710442
2413407
1944327
1309974
728151
247715
4105394
3502830
2861318
3302580
2073188
3600568
2299171
2868448
2099467
4605720
2783792
2531631
3634690
114092
1076353
3039020
1844863
951306
3237610
3258572
4680957
450916
2446508
519068
4615341
514536
4521484
534045
3410667
2149310
1195960
4309774
4552951
2719274
4979723
3119673
2907549
4281228
1966310
4995914
3994587
420825
2317548
4256296
4420520
2728020
3083404
4580199
1650908
4287121
1973495
4967112
4222675
4611952
824464
3374732
1545243
4568514
2016363
3560190
3466403
2637632
15352
3503365
2242286
1244772
3215732
4028468
4800458
2246964
138600
2854681
3078085
2455453
914185
8190
4944303
4390246
4896147
2970414
2522777
4634199
1301458
346486
1052672
4724174
1403652
1939899
3774945
1396906
1932779
137908
2582587
3136547
3989115
3345751
1690928
3712161
1731234
2469336
4499465
1999863
2291434
1561829
883586
3233865
2750660
1319215
1779775
490627
1925539
2899154
1060008
4496113
3226858
4284377
2679408
459874
204263
326779
3166106
3672736
840284
553234
3247307
4317732
4550871
2315772
4716186
2980468
68744
2157463
1552137
4078025
4714154
278156
3887633
737389
3206132
2783334
4190537
918475
1856653
735825
3542370
1136338
1298388
1422378
3164309
1897146
347590
275210
2389183
4522772
911963
2100719
3299225
1461062
3700945
633159
2516004
2968194
985457
842396
2798606
1995522
2721589
4040366
2877817
1644111
2074175
4567543
173104
4089168
2652750
3162701
4291944
2994037
1268844
1742089
4910862
4047790
3844837
3328756
1292545
4662908
3042592
4247300
2304915
2196856
2954318
3996091
4016775
4593660
3556649
1147822
4715329
3030001
4896504
3873862
4158652
4142121
3980662
1252157
1184602
328385
4103491
1777974
1481830
1567881
3379858
4675344
1597935
262465
4778003
2722493
1791247
1662620
202994
1494560
3529592
549577
73816
2560911
3012430
2395134
4990681
2915661
1403244
2995705
4842437
373375
1865398
4840979
726922
3045022
4383515
4726309
3381822
1674167
564692
4200802
4460660
4136654
1305214
3304902
4118187
1679745
2728509
2413138
3878455
1887511
3865967
1932211
2505639
4416005
4431703
1094540
264375
2979656
3549320
1448531
3169722
53293
4346436
562128
1229197
3783818
995795
1873546
165405
683391
3149391
4684319
315853
2106414
2381298
2520773
2987401
2244493
2896726
3335887
2868674
1723125
4953663
1644281
2287792
3744241
1172963
1970812
2921262
517782
1986557
3901736
4185629
380410
4242263
1305185
2921972
2101451
289079
2079580
4047170
3763739
2554815
1666948
983978
1330527
1483134
1472382
867759
224945
4315476
2079816
1325699
430187
3986946
1172848
4831547
4264685
4721518
3113519
4722043
2263730
2196291
2699233
381273
4763859
2791914
1800602
4117249
2588458
2517729
2037702
4994869
4892747
818794
2929930
459549
1246362
488667
4084085
4233040
455950
4655054
3742632
505886
2498427
601012
2694955
3538723
1165690
1783795
2083651
2039511
1812838
4703970
4538299
4916193
3298074
2317564
3170211
3209990
1698732
3013609
3904084
2755488
885440
805772
1216982
4681701
3677534
4878898
1433146
4748484
2861935
4216496
1955907
565322
1692711
4285815
4450304
4761211
4434662
790858
4732667
2110774
3123765
383249
328679
1261577
1947446
2941478
2149884
2169
4856479
1356659
3279592
181518
492680
4003374
781810
728781
2167982
4533940
4819661
3132795
1353920
76874
4250717
2535288
4658769
4320663
2076145
1141128
3390681
2651642
1138979
1075889
2172649
1414562
4939753
4713590
3206688
2932971
941716
3370543
3550276
4133600
3282507
459082
4418437
1506691
53827
901735
2953594
625093
2092861
3534154
2547898
1822354
751320
2483945
4513239
2278777
4377796
4414306
3206667
3709903
4897053
954991
4906121
1159099
4446785
1514913
2604510
4950671
2417389
685144
1342239
4954272
3031208
4875100
969259
4409581
629718
2583302
4329777
4111044
3755243
3998262
9610
4606199
707220
1712698
2048897
861834
2344690
2206934
4080963
4335479
869883
1422848
1398827
1906829
761548
4721551
4220092
2004957
4007820
462336
307298
955954
4388640
374825
3677989
4561412
3039404
64896
3116437
4391538
3176027
1850646
205118
4228445
347174
4577508
1962902
3462662
4951002
2193693
2547545
2429860
3281991
4487025
1607454
2449745
1202979
113213
2914373
1555015
2730242
4890618
1991718
1253763
1810841
2348810
4718198
4966190
2664850
4598798
383336
60760
1373519
1027413
3478689
302373
1843426
2703143
4424640
2160217
1200123
3633687
524653
2533854
2019110
1783376
3851847
2564924
3435640
4068319
216731
567138
409759
40193
819254
3199305
2585483
3336300
1969058
3977659
856022
690466
16363
3399803
2920241
4438754
4631642
1501231
544601
1800207
1698990
3063239
2507955
2627735
289568
4815131
571385
973928
754492
1045088
1527837
3202320
4820465
2818928
4651197
1793275
213268
4963390
896010
3293754
2107935
1392500
920532
2084680
784898
2430746
1579719
4144855
650080
4285487
2265652
2391548
3143532
1232737
2609681
4728691
1050699
2404761
3460866
2561746
1360028
4129767
4043977
2435124
4958041
2607951
231259
1646688
3897784
4075522
3491327
3886217
4691341
1979157
614463
1494743
2921008
43011
1146953
274306
251666
3797347
909910
2672355
1013425
2594046
3451537
4921413
2233986
1304654
3595138
2175645
4445072
3230620
2857451
3765888
2603905
3494561
4913402
4777866
2944039
2772628
3977266
346003
3037260
2575442
1042187
122813
4852987
420662
3396728
1498814
1079486
4496880
2694975
1352582
3697457
3827679
2505347
2847165
2747446
1803555
1910464
2834257
4428455
4637286
4215803
1424826
223240
2020737
2834800
1984536
40402
1800152
76244
4021235
2306824
2221354
3538931
3294238
1891459
4532305
1102430
1092675
3279271
1895858
3734772
3199827
256931
3427347
2665249
3896858
1165424
2841434
373859
714962
1015970
4948700
2266629
244557
2269972
601975
2344375
1642562
4708621
1627419
4521120
3281
3651218
3662576
3954130
614223
262421
1718446
641694
4989770
3790022
3755063
4386793
155661
692172
3632947
3536226
17425
1875950
2509578
4361694
3124744
2100822
2198035
4332023
1048925
325040
249038
426649
1626195
1838194
2303446
3722135
1136370
94853
2814236
3134534
3208050
2845838
1819517
3363744
1072050
4313453
2295893
1515572
1848319
4740194
1556689
1429881
4173639
4319340
3748412
2605980
100504
3128469
2903774
1502879
3932196
359019
3116758
2274773
194702
2068306
1763168
2417793
3371292
4638446
3717465
2720668
2740279
1702324
3682747
1484763
171670
984351
2494141
2711439
3045451
4192910
4914533
4833473
927155
4179025
4072113
2492908
4632006
4880308
4288231
3142340
3618209
4350977
263222
4540590
2905330
3107089
2278947
3490014
4464212
513177
863944
2719925
3343040
4723369
1826937
1387957
4120842
900556
3725013
4529411
357219
2335627
3292360
3532448
423164
4509147
1525722
1699198
2188376
1792316
3508026
4140710
3836523
2311904
2111220
46628
2571343
4389675
1492880
669135
3282788
267450
4550432
1609510
2729900
4741074
3499144
2698592
2114373
381832
3670015
2058652
3716808
3955543
1430481
1371466
2858027
1574831
3724328
809269
2170219
2206972
1023612
3819589
2620331
3120799
3740373
3067605
4636929
4263960
2597622
2775266
2830360
1254406
3290113
178209
2855677
1196074
2638264
481677
3169416
385723
2631463
4222243
1352270
1924903
753229
2046487
2359087
2295197
2844042
812022
1807886
1127145
3940158
4155843
2605764
414807
2399440
377392
262649
2006657
323238
265560
498305
4734845
3155319
669020
1838429
2880361
2776258
4599313
1712897
2882109
1482829
4220367
4823031
4174148
1528850
989122
1760421
1877463
1325945
4652572
3147461
3095974
2703930
676140
4388144
482668
131654
4213449
2339277
1734054
2219500
1135998
1437205
3854703
774302
4711070
4895180
1742916
4661864
2047275
2824114
1142138
3698340
371389
3161035
312101
3355327
4384440
4562382
331784
2553721
1177446
2316389
4308033
735545
346354
630777
4526746
1882505
4850442
2184518
2988168
1432826
3652917
2221408
466645
4857056
2281870
3286318
1607631
2814254
2388456
305143
2849487
3889474
181001
497335
2840725
655972
4711041
739675
4413000
1041811
1554098
987577
1531874
3880355
1047442
1838590
756199
769264
2295833
4595399
4831480
2432973
1344167
4419745
4829182
3098719
1941459
974407
4761192
4138484
714499
3752171
1331358
1655270
4391957
3024857
4452747
632055
4388602
2290261
4497675
4027387
2083995
1462851
355717
1710089
2035343
1411328
623603
3145434
1799061
2121170
4249102
4303651
3386567
2494333
641287
3707294
1265028
1239642
3781534
2171284
421686
1602400
908797
3098240
4770181
2924083
2891210
3849065
4754030
3741272
4763850
4325183
3359251
3773830
4624923
4103972
2549753
1306295
3079290
3177169
2132782
1201123
4504778
3499961
3897804
2851708
2121323
982620
4105350
2676967
1887272
3761308
2500458
3102261
2550466
3619043
2278582
1152114
2153577
2858124
3464261
2128960
4563979
33777
4280470
3275117
4515793
1577691
1687174
4149907
1284685
779933
955809
4125009
4693639
482545
2801999
1636029
2627939
2975455
4392928
1872440
2234595
231346
20166
4908355
927912
2483200
3566818
4604620
1124464
2008272
1126155
1219277
2142462
1700849
4198797
4129734
2067851
3001923
4941041
2196921
630689
2585704
3517561
760910
949780
2908624
4733235
1244708
1335965
2998791
3536800
1761305
2765032
3124078
1682967
1698571
2857528
4956437
2552996
3136981
326342
1621797
436656
898447
2211975
3048016
618354
2902888
4835014
566280
2958839
2796099
3860133
4401300
3647232
3275397
2110946
2555166
3275317
2078491
736061
1616224
498930
1203675
3005499
3325050
2763532
4095654
4992154
1267293
199008
2344073
835429
660656
4615187
2471050
962726
1872193
1140988
1324432
1144410
604535
4856308
2220727
2665040
3786631
3327767
1279717
804946
593881
14566
2826038
4694298
2570370
1087063
640458
4716495
1033591
94784
909224
3823016
2461814
690733
3253689
3528573
2702205
1099226
870135
3322685
60038
4500995
2987064
119656
792009
4625715
3771062
4869649
4098583
2710928
183348
1444821
845145
4143626
3096117
4807748
985370
4229252
4283780
1793473
455330
1463473
1489705
698615
3136500
3119495
2344788
4072161
4256815
2588344
3017604
2295245
4439190
4175787
3783152
362190
3462629
12825
246221
4698292
1550086
3162957
3811140
1989013
1786714
1709885
1433194
3769075
3338610
3398550
1217161
4203584
4154151
1112425
1202449
2195442
3970288
2722164
4594361
3672958
4406325
3042090
2070943
2194272
676917
3514831
3187041
963775
3143835
3160780
335038
343006
4277972
4849198
3857288
4919358
3911002
2338074
4833691
3088365
3339630
1334255
1167930
1595107
913509
707335
3274624
3083045
1350920
1923240
2268643
4623085
3402741
4730074
634522
7889
4884808
542689
2940101
3158981
4094266
4028566
908562
1731026
1803055
172085
2327051
693589
203881
3530606
1028950
2376012
296536
2051451
1909656
3019658
3072793
1284524
4566577
3104673
4995361
3103511
4034054
3848351
3856639
1516166
931541
4999018
922482
110713
1865675
2251875
3857955
4922441
3997137
3326807
1942865
1960108
2345819
2731158
1730625
4777266
709434
78954
917836
985846
1458181
4767484
1820443
4357763
583033
1367333
4629128
2650470
2281402
4359136
4889931
901126
2876938
3317649
233060
2709653
3127141
4054915
4344421
3075605
4257796
1598629
1527818
786252
1967964
2821964
3303669
1788399
149092
3183371
2895193
4883615
3963553
563882
1144273
3914132
1274881
3137807
603970
1554328
3724796
1305135
736056
818154
3281667
4560516
123909
740827
1870964
4891845
2147208
4630229
2707655
4451626
1526029
2344831
1893527
1603303
2229922
370374
344103
4338291
113679
3800419
2632923
4378859
1085144
1266387
3777172
401314
3455052
2310356
3749695
271863
781164
770267
1260813
1292920
508771
1084013
2233587
1864758
4761813
2976858
921810
1478027
4382280
615273
3762319
4554802
2179129
2922524
3581569
43684
2634642
3326826
2048169
3196191
3990180
2118501
841673
2592679
4640215
4439821
2910490
848020
3288232
1071296
136705
4028439
3633595
2089293
3564054
4671707
2093954
3152479
2803929
2196031
1760125
4958248
2474489
477262
2718140
1098132
4977780
555685
857609
696639
3163303
10375
3656241
432455
3064154
3899678
3209782
3413180
4123709
563201
697085
833678
4982392
4109563
1556860
2122977
3571189
835722
4375981
1118762
1550382
818369
1167725
4205143
3919988
1608659
3482928
2531117
4453459
4389191
1374945
2823269
3098342
4676405
3880026
101280
3458109
472044
4382045
2306312
2494279
395539
4825941
560793
2310227
2961265
4972442
555222
4377093
4782419
1664035
3311888
1534091
2063621
1992090
2123705
1001777
59794
134388
218160
1455437
2950691
1025199
1044721
2746849
512994
514776
816256
1709821
979259
3189363
2485623
1391502
134470
1744657
4110205
2394627
389311
4671432
2800649
3198026
4609098
2802656
2373933
2702611
2988234
4411257
3020964
4695059
3352898
3744254
2643683
3052073
1548490
3341923
2197203
2353385
3232700
4969896
1064276
1479354
1442394
2395610
1959758
1465567
1601943
3381611
1845965
2863594
4830590
4573987
3379128
2028406
1957781
2358232
3674846
1348660
984246
1167096
3841208
3309398
2201119
1755446
52955
569202
667615
1758637
1069397
2319264
3858832
3513983
650285
3029577
1165208
4048576
3846500
1306438
2746308
4037898
2026741
507933
3819906
2692806
436737
3003522
4149537
589701
844495
2935256
860528
1666519
3066891
4716168
3837699
1083301
2175472
2739135
383152
4438291
1700478
4290334
1353485
599736
3328043
3552519
741643
1255036
2901003
2560054
1842234
4985991
865780
4192635
4882967
508572
1493149
2451495
2774788
3878982
3511983
4902211
4803689
2545828
2833659
3236540
2468608
4818508
981661
3273142
787010
3643603
2377412
3025251
4475501
4910334
228223
2045426
3779626
1247596
3854458
2937130
3713596
1577105
506201
4007933
1677229
3030311
4108683
3199065
2051347
3645320
750569
4160559
1042508
3938774
320351
4560030
4810352
4558786
4037946
616691
1267256
3337392
429781
3858484
4651122
4059631
753260
3153071
418524
3407427
4730508
2105986
416672
3346826
4304670
2080822
4938034
1599611
2437751
4155537
687088
79787
81366
1280930
966397
1424022
1682051
1792789
1330485
1122511
2302341
4129493
4420087
119754
1301617
4921698
2358775
3637259
3406649
2002069
4551611
1921444
4434037
4046366
4401358
1642043
3300869
222123
4089860
1727161
2527143
2893084
4822289
324116
762265
4080220
1458954
2277870
1553371
1418469
2677667
2019044
727867
1352989
1750713
3059494
4242855
672167
966990
4387698
2385872
2999358
4703409
1060690
3336457
1090561
1637929
1524210
823803
4422426
4403534
1954221
1187240
2378504
882976
3709480
1021746
930445
4745306
3949258
4307573
682702
4844089
2426981
709848
2235305
3917646
1851020
4891942
2648173
2279723
964559
3863118
4177254
4638490
2243764
2816039
866509
3292873
4227303
1271748
1786433
2003088
782045
745771
4108333
4058966
304881
2444938
2212638
2936963
4641510
1875264
1780721
2893687
88920
1800113
1069996
3061051
3416220
3622376
1659654
4910145
4598450
2891984
4254201
3430415
605881
3511938
562233
3044214
1998226
3489662
4238522
2960545
1465684
4928634
10658
4126656
4049793
4611793
990530
2044290
729511
3990566
1988785
1460016
4034600
3976844
4930268
4173430
138792
2178229
198860
423395
689240
2433837
4780417
3893312
2355750
4214302
3780174
3669925
3274127
1202667
3862860
4830201
586275
3084046
3217707
714216
3316246
4609943
1749362
322423
913951
3936
3394748
1764082
452781
12492
84724
819913
197111
4263815
915320
1520796
2431295
2972427
2053509
2269841
3218782
2703105
1121570
3628633
2399140
3477330
13840
4079846
1863739
4844166
389752
3028589
3673650
542067
1395259
4117745
3109590
1565417
1580573
2682108
628269
4902681
4822615
2163851
4632299
3204594
87231
3667386
4176459
3496344
4923420
4511461
4515569
694935
509044
713393
4774231
968342
3334433
804472
4292397
2632221
655883
675779
4749598
2398771
206564
3789594
1904070
4945166
4227485
1877126
3694059
3270278
3037363
3105191
2634982
4455409
3355935
4865949
4621070
1488902
1683665
4198758
1718293
1267619
1476323
4904449
82010
506942
2483208
1869629
1003072
1842783
1056535
4589757
660726
517728
4119407
4505323
3883677
408979
405483
2050960
4279798
1014354
4752770
3086877
2247628
3271455
554503
3847462
273690
309437
3902391
4038708
4718137
4436469
2055386
2894679
2959883
39129
3606714
2069109
3519279
2989775
4652846
773746
1824869
4432051
3617987
2498254
4698957
4575322
2892191
3914568
3889684
2569965
384840
1755150
3993761
117136
4967085
2275043
630677
1733883
4055229
3862280
4555134
3489982
2342205
4547865
4655458
1730658
1894440
2692808
2625606
4487904
2765076
503431
2131373
3177026
1202731
546002
794395
1798425
1370669
2381710
2368003
4041315
3774157
454204
3255383
744234
4804638
4797188
1613501
1524743
3826837
1728970
2803044
2376500
2616640
1372916
2544302
613951
558991
1555642
2420278
1700126
2026143
4358547
2353762
3052939
2207471
4615445
2726417
1607102
3229290
3409416
1768031
3012453
4374003
3884635
789871
4621527
2922144
3110849
4664366
3945161
3169168
1541191
1901909
2427914
1125182
1498667
1999741
73544
533374
987194
3847982
2048009
1129224
4010530
1282935
4132067
2894480
2058141
3893976
1872967
4648068
1859466
4085927
1511293
1549344
2200710
1622640
811548
921878
1096221
3986188
3537008
3127026
3470689
4563898
3480397
779923
2502527
3058193
2901599
1937626
1209226
4745669
613114
7397
434776
2877833
306383
542560
2400833
1697903
967787
1141134
287252
1447353
4666192
441923
3923524
799212
2124679
3813164
2673703
1287377
785220
4836272
3502863
2915894
1081661
4774044
261073
435007
272980
1825429
114463
4380853
4473059
3207229
2047196
2854027
3556315
3932769
3213975
4515070
2945188
384728
3761079
2498100
1807542
4886778
3937038
3730766
4271906
4119253
2783065
1733330
3045690
4157656
3230456
4572847
3919802
2185998
4728947
2065818
3853986
3948732
2976128
176603
1066467
248170
1164213
2712773
1771035
4238767
4170626
160919
1734590
917934
582027
1963023
2187281
165936
544107
3371850
3382784
3322507
480560
2907594
331511
71090
339550
2685964
255062
4197212
2417349
414848
2054419
377848
3480823
4828001
2094233
3880253
448325
2545087
4641149
2354265
3500167
2440156
2261292
3495976
4824112
4944418
3990107
271433
4805222
2414749
3725914
1738860
4730426
4553395
2950022
2238522
166186
566884
1453366
4910860
2909201
372943
244524
757240
3066808
3905463
3850576
2505123
381745
4245516
1155143
3109468
406449
1756861
656555
2550253
1784722
4708741
4696571
3234566
2595149
1717228
3908744
1601182
2400438
3037281
4321401
1040748
1966372
3977195
4662247
2594981
2866607
575417
2552785
724589
4758227
3260484
2770315
4709527
2737528
3347762
3600115
3632954
3817103
4757307
2657104
447428
2647890
3204164
3186998
3050365
66295
3268040
2386446
4023113
2919707
1745024
2767062
3863383
3576186
4555606
254174
1190359
1034055
1219236
2844589
4592364
3501303
2956847
636362
1244549
2957843
4381295
4920478
476527
210940
2891289
4670258
1415675
512231
3372293
962248
650340
1173367
3958562
2116635
2562882
3995431
1712295
605545
1350828
4314628
1740613
1980913
4155341
348159
989790
1767251
831568
4061391
2426619
3397486
3120675
4342360
1633893
4910130
1492514
2555905
1628790
4015413
2430477
134994
1123205
4739573
2024893
4164456
2535657
2734416
2125562
3135785
3793221
1799602
133762
2295599
479366
794400
4469184
220685
2208416
4221065
4819981
3927800
4120134
1599082
932336
2872861
473712
4430414
4287424
3348040
4344654
284833
3971051
1189073
3191121
2781135
130835
4734332
3265207
1088743
3838595
1202840
2367952
3984696
4578560
477939
3568141
137242
2597076
296377
1957992
237934
2462636
2271719
288402
2685131
4666466
4990930
2009444
2252793
4750874
4079835
1986515
4620049
784703
3952033
4629560
1768789
3723777
1444444
1608403
135819
4854546
3406467
2645371
2940366
3835622
1807057
3611925
4740019
625654
2923403
538116
2729775
708469
3469239
1384073
4623978
1497604
3115519
3731865
797714
2668511
4062075
1928148
121972
3444192
2584183
256428
2894368
4554630
644638
372419
4749623
3254498
3111717
2847027
1124433
3250537
4569536
2022124
3040468
56290
4426705
4708194
3582819
3226536
109951
3299252
2419099
2063746
2862185
1855851
91000
3062661
1536366
481994
3495350
820054
778795
531807
4456896
1094165
4776338
3254699
1313927
3810755
3518204
3602846
3102872
3667643
1936013
598189
856623
1420513
2060234
1036415
799750
2681739
1712965
451842
780620
2471405
1252159
4236020
3249303
3432875
4318285
3805461
1165757
4049289
1430065
1262143
2721002
2470572
549940
2680741
3538906
2145463
4111866
3800838
2105598
1033379
2088877
2123650
3596187
2412632
1794464
1208272
685572
3419029
1058817
2803170
3372604
2814332
2344332
1778830
4560973
3126138
1826251
3267425
134300
1478356
3091395
608793
3195644
1392675
540927
1495722
2280046
4830582
1524759
711666
667160
1941797
3643400
2807501
488769
4967538
1819435
2869847
1306006
1773798
4897393
3015185
4392970
3660983
824800
3345703
4333818
1688900
603790
175964
2233802
481306
847789
3079260
1222218
1963933
2244129
70472
2594159
3033614
3107351
2367734
4263139
1736416
363566
3508964
562135
844735
3849747
931611
4535274
2449165
3180570
3901329
494853
3977163
313336
2517325
1460780
1409386
288912
3847962
2636800
1670196
1601753
1380597
3473288
1137805
2084860
2281377
4056175
2623041
1437480
2383477
3900576
3889337
4598744
1779788
1715716
211031
3460251
2890064
631047
1123878
571968
4650672
3595321
1125760
74259
2223133
374284
1578152
3227363
3818874
119401
1098373
891778
1457414
89968
2230208
2467872
2779106
3412603
3843024
2874358
4312781
2285059
1792016
4268588
1400785
3965469
2629022
4827157
3342613
3341907
3384092
4101799
2159023
1878295
215511
1768618
579450
61569
3778246
2661527
63571
4471185
4803651
3719148
2010934
3216774
4553150
382517
1137060
4594888
1991215
4308554
2680578
423366
761747
842935
4767799
1531913
4020644
2789675
612316
4048787
3793022
844197
363136
4746778
771617
3889854
4262847
827950
3980466
2720278
461972
4705231
3479374
2837957
4615603
3556714
112734
1119367
4814917
1788037
2525862
352986
2536858
4505606
156966
527014
210912
403934
2306751
3920051
3441066
3781186
1684894
926733
4839119
4412667
1869403
3094154
3022185
2901039
3656668
1229991
1903145
4214124
4258990
4539443
1305938
750029
3861968
311772
3629617
3608306
1158563
1600703
1293466
2167938
1009256
1728342
1834304
3376591
347625
4286585
2151468
2009238
1728812
4759426
1700978
2469433
2250023
2070857
3306278
3154524
4588118
4287775
1606982
3657628
4541745
4548436
2421303
1720397
4182981
1144026
2837698
1894574
1528628
4535473
1860649
1986906
3452971
4739348
3008101
3156372
839425
493329
2341396
1188736
1110633
352193
1182675
238161
723995
1136709
2203507
749981
624940
1446589
1825249
866217
2510860
342247
2801208
3518949
1326798
1523849
2758286
3567547
1474649
1181216
2264303
1019621
4893161
2097386
3557466
1891527
3291791
1899769
4516541
3525006
2596635
4380847
3760318
3988372
4629421
1149353
1113093
2678189
3349269
423575
3210907
1250664
2433024
4268708
2581758
3031053
4565886
211635
274061
2055063
782443
637196
4098412
4184995
2817319
1616120
2065437
780988
3412864
3280427
1581371
246706
2780451
148475
4107818
4743202
2908865
1185471
1400732
3658761
2157645
4930524
4470935
4621182
52045
1464107
4068444
2002970
3914689
4550223
1665546
2556687
1466175
573447
2416275
1120432
4892624
4696546
3777702
2783108
3540393
3648841
4077754
1730676
684095
2788944
2299527
1629955
4090109
2446575
1956792
2830501
1858111
519016
233018
149998
3684888
1832763
203426
2973660
4824465
1654740
3181563
746977
186593
4882440
3163705
3457741
3131424
4159262
891533
261509
2992231
1502977
4118441
2995690
3822905
4465975
1093044
3243893
2768996
3597522
4150899
2201938
48914
473416
845554
2326597
513745
3830715
1356735
4659489
1388226
486296
3876625
281233
487638
3514120
3726940
973285
2038787
804548
3274817
997434
798718
585296
2953381
234407
1751890
207722
1770604
426018
1826929
4753680
3767715
2855802
4837592
2193213
81683
3894227
2338435
277504
481193
1272074
307791
2268126
2296360
3942816
1118496
2476330
654421
1297778
2495611
1518776
1926076
1198808
1759818
1866835
2636667
3591180
2514384
2901184
3595896
4221313
1280118
2400707
3537171
4261620
279357
1627727
384980
4852700
2038418
1884230
2534898
3928786
1628891
4571249
3024002
2656810
2581137
632922
4256190
3764160
223682
597080
1408471
2193139
4146679
1309896
2188266
3774240
503593
4357880
4295700
1143112
430957
2272264
516625
3442861
159504
4175574
3814382
4655673
877390
1464588
3065364
285443
1728985
3929717
3335298
2279912
1941937
2228902
3185303
3575025
2791423
3107090
2816603
1765976
3454298
2356630
2666303
1476277
2389700
1618627
93210
1592882
3193294
3079150
3976806
1805752
2899546
1960230
4485864
3589208
1510963
977553
2492717
3963282
1323373
2911953
1165858
4591015
1739478
1933883
4748324
3262380
3252924
123656
178313
1805931
298210
1956864
3928573
1787774
1657628
205458
822224
2782674
2339419
2668635
3978734
3576469
2705568
2255061
2283166
3524032
4408629
4695223
3983973
4519697
3778709
3452474
3096339
3382697
2626737
1338042
4256613
1828119
3402522
2733378
2517619
4975251
2224255
2559996
2507131
2112146
1362972
2942838
3446000
2140468
4393813
1418778
4286032
4668433
1123856
2275472
4346531
1605250
1501347
2570414
2697644
3769576
566545
301698
970435
1690148
2975394
536798
150473
2398079
3591629
2378337
2126468
4956261
2213179
1099660
1542208
3580412
3385146
3320867
1914758
2519398
3184418
2930255
161663
4998723
3953676
2765199
2949187
1963271
2864172
1364186
342626
3512649
3935632
3707697
1021258
913901
4884838
1494262
729892
4303419
4426202
896484
4232166
4443837
1418871
3046078
3716000
1141740
2657346
2319426
1668253
185266
1478522
899568
277149
857442
4854549
1351159
704868
249367
2305978
840712
2008428
2105604
1039078
2743655
1235185
1648577
4768358
3539227
4240609
3396437
4090067
4178289
2433605
3902877
754688
1255077
3823045
4870236
3123018
74682
3817221
3345880
3720710
783687
1049833
210907
810243
2395588
4237936
4432289
1591567
788381
3091821
898777
4594621
1979592
1438935
1587179
2441070
1424431
1715853
698090
1617220
3479889
3512103
2071121
1745917
4151927
813011
2881248
718848
2534039
1155311
4762687
2706281
3957698
3617329
4398702
1411543
3627397
4906516
4931466
2421277
926967
393577
2538839
4519251
1116150
449415
916387
3802399
358453
2205313
1417609
4566886
2510444
800494
3651475
2893485
1524051
3070743
1200692
2806420
1879557
3750766
2748883
1786813
1682518
266274
3284737
4514160
3327260
3291383
1967436
4599158
1764353
2452324
2495524
683466
4203835
1102774
449889
4152164
58504
3135616
2282421
948112
265536
195176
2983446
883501
2494785
2063264
4268885
1222830
857407
1882637
682932
2264486
2895947
3255537
4250620
106744
851863
2995919
3078873
1052865
2172042
984492
1787454
1095678
4523314
3329198
2280628
3765892
382847
3526496
1130218
2722659
174895
2443270
2926692
4873761
3018016
4372291
61025
1161294
3502766
906480
2699494
4755615
1652524
1032973
398098
1782724
3266456
1674106
4829856
3676354
4116879
1759837
3205160
416705
3285436
2927093
3452685
2686648
4695864
2014073
4879684
2150686
4198518
1886289
2719435
3726962
685443
213464
2581200
4382087
1116054
983672
4241165
3630948
2007580
4276082
4040118
1371601
4487387
4436136
1637950
2948588
1316438
4824717
2290498
3041795
621886
1370842
2144199
1953128
1335997
3370601
4889396
1511813
1860879
1085602
1993286
1823005
2312387
970152
4289726
4193786
3767900
2531054
531166
637149
4034538
2433304
142092
4462766
514278
619455
2364859
1373448
325877
643416
108303
4067711
1740655
4937767
765323
4327257
1910602
4862806
1598840
227362
3149382
2357968
3722073
2905173
1358645
1855588
4328718
3219261
3414785
3554732
4956192
4075006
4188852
1172567
3353377
1998003
4824206
2454084
4747335
4116637
935339
2729143
1994814
2751690
4357329
113584
3262140
1320606
4472436
4445922
46577
1601026
2164614
4098907
2142954
1694872
2747440
718865
2908773
4188783
2130226
1579834
332354
286597
1947059
3481884
450680
481525
4043155
3057700
3050246
1725746
525946
4694003
4549812
4326651
2428170
2902155
3498570
4576094
334244
4285327
4694644
250456
2985216
3928020
3542171
4567928
912625
3457143
3125056
4797957
908253
4786120
2660730
2783741
2690722
1559583
4088787
1449120
611273
1296081
1725445
305472
4001451
336716
4175378
4473943
4762922
955881
4002229
3736747
3956707
1846275
2475681
4088693
1661118
1536013
2779225
4868977
3394663
4339207
2858986
4286419
2060137
1540564
4098152
1893712
2776534
4086361
4434317
1647927
2844553
693256
59143
3941940
1144303
812976
3201611
3393002
1014158
1359242
4112503
4686571
211348
134184
1498405
3802928
908977
4316662
3208187
2288802
4210388
1145560
417009
3585349
4666520
2326920
970073
3646161
3788303
4644
2368139
4758253
3283808
2833784
1136786
3809917
2260561
2692505
4417848
1386352
4263654
2325794
4565572
4180755
2853799
526342
1547262
361711
1248915
2310210
3006119
2254162
4827475
1415026
2261821
492344
4013139
1263272
2030938
2039381
4427308
2670049
2694150
2454553
3636362
4573487
1275906
4415637
166249
3251493
2671426
3391117
2402414
2579051
2550222
833474
1538139
898790
68813
2416961
1239633
4134169
2787593
4069086
4923063
2622442
2886483
2613115
846196
386665
3020877
4456328
808904
3379288
4180712
3001988
3164245
4509628
384702
4643247
2611948
3990577
2740048
3473388
1760908
2774475
1241348
1211271
2787152
1588529
4047613
1257377
732552
3520848
910647
2551930
1578307
3714082
4527197
482424
3026773
104981
896241
914038
1902157
1935812
2077442
1784075
3221518
677924
4341817
4293263
2266207
774151
1335873
4828870
2836503
3804847
4952546
4562046
3656113
4697570
4964842
1105032
1111434
2918161
1220253
62629
2742108
4164557
2185923
4591924
821645
3591559
2155513
2873877
12364
1956184
4716363
2514500
4980269
4375812
1493214
2947300
2535581
4209976
1524090
3112980
2227822
1075236
794326
894818
2721417
363717
409498
2799189
772940
528786
1569297
3870677
3725730
3707033
2808394
3298168
1960520
2551823
3997411
3581648
420977
3903129
2458814
2113461
1146882
2653414
893086
2263532
3860695
1892691
1650797
3268418
4417494
4471879
4537436
4963578
4597534
1557672
1546849
344443
4789390
1801704
1744303
632509
2046974
2828247
1118805
988352
4369943
3463222
2024263
2490351
4931611
3255565
115058
3898525
3470854
2493990
2524114
3638443
4561359
2776980
3566978
3049079
2862246
2469268
2452432
2486831
790921
1098365
4913575
1448633
4829298
3195422
2018650
827227
2011882
4622924
4498983
2541187
762426
202339
610414
1782036
4447006
2055236
2481912
3257718
4997218
3032680
4779678
3468638
2316414
4006201
3851601
48306
317210
1761298
4369494
200121
2427194
4439097
2397909
4680943
4160721
3785610
1273116
242638
1550332
2509795
29476
2071448
2778779
3489056
1327879
2895555
2909703
2013014
2191120
872694
902617
1130345
4037403
3472755
1264271
4775669
4078494
3150547
4072292
248526
4720785
4174929
379548
3357181
2561811
3329179
1354876
319455
985175
3178962
2540870
35487
3806065
2308664
4607446
3626820
3582524
2724629
457571
4750129
4035721
3088896
4193937
4089393
1098220
17590
4005032
2914589
4957136
4212792
3463463
4198333
4709788
4657326
1499102
2880842
310865
4570605
3623475
2595299
2090129
1752713
1594800
4696931
756076
4312268
1133967
4149893
4083230
4938141
3946585
444722
3700491
2182896
1440897
4074642
3070787
689037
2273402
2240805
2533780
3484717
3614649
1967557
345501
4196514
3599831
2030440
4498334
4078223
4776600
2892592
3331274
2033543
2167154
1950093
1487797
174208
4461832
2480021
1319640
1371170
2241002
3624477
3165097
4793542
4689109
4355927
29653
2226355
4016418
1067048
1084261
3533787
340823
4811607
1729392
2763807
598370
666256
3777450
3972542
1889177
3855959
3230701
209484
4316042
1417260
3378863
13113
4763917
2092182
2262138
297685
2390877
629167
4257169
652444
2252051
4987567
1262413
1404852
4292932
3892612
2805528
2911356
4162956
3040073
1784867
4793216
2480850
466100
2588977
3824193
2998371
1738935
4003331
1147945
2330610
1524652
3267473
3530715
773790
1271599
1153462
166691
1761216
66613
3249019
4368976
148847
231109
805149
3436565
4698589
3082342
705431
3070520
1834628
3870286
4650660
3807604
3581605
3999906
210090
2111469
1243156
766759
3717711
1698923
1386475
1116824
569153
3690365
3835132
3013199
2522280
3141218
4656423
2990681
556240
553255
258139
2611020
494980
335866
4089818
1899451
2873448
3485378
3516528
4499157
4276751
142496
667897
2338031
1349868
1854668
4280613
608004
4724137
2431212
1824966
650779
958085
1075050
3459028
2120422
2846291
1297839
178601
2229419
1957058
4116489
577
2652457
3655682
740048
4719073
4927749
3536491
1920251
1379838
2525114
467256
2726920
4770555
2088690
2357389
3808281
1857870
4448370
4961366
4793512
630951
2734628
4660375
4071947
68877
4788773
4839439
2232569
3876975
3929174
476921
2030490
2804435
445363
3950821
840300
2034507
4919159
4046073
4520
515522
3689803
3701984
4762551
1008154
378312
9719
2249756
2353709
212195
4137262
2156505
3238493
3825544
1219715
826692
4976668
678075
1604482
367050
1644026
4545911
4653631
1622727
1527345
3691862
896101
477638
4672457
4211764
4048498
3047868
2677039
556162
1364063
1618343
1729211
3306436
2996030
4170766
421286
2088342
4268253
1404194
1034498
1025264
1766499
28158
117990
1229699
3443830
122720
1081720
468779
2732109
4389859
1011386
4416216
3907196
389862
206156
2268107
995379
751203
4485184
375501
3661468
642774
2220695
4910615
2776707
2710844
4474819
4688342
78616
212191
1980767
2904298
1080191
4674289
1955065
2111676
3814989
1781920
3828481
1220572
478191
4972176
2093205
4273397
2626982
4279525
2547188
4499379
1302615
1134001
3682492
448715
1504333
4487777
925441
966089
1852957
3349126
2076870
456112
2483390
943293
1645804
4739095
4874964
1658492
4097639
908493
4713033
2037608
653808
2896011
2728962
1817807
864867
3682364
628392
4695666
3036351
2015996
3535780
3330967
1081801
3015715
1508642
329419
4301549
396009
3485453
1952465
2873793
891813
109934
4385786
4841073
2931205
653832
1587440
582157
2119191
2942702
561716
2402625
2452334
376538
1787412
147631
2195788
2973992
2569223
4480153
1772068
2990119
831426
4508655
2043516
2928145
1623787
430465
3316625
3699041
2828325
3287639
767379
1369280
3851293
1532900
4079642
727121
3883969
1190292
651515
1504530
3384359
2384706
4128197
619545
4430150
2691359
2305453
3144037
297081
4161290
315157
308921
1665345
4275397
1390526
2744984
2865386
1243061
1865048
421037
2332079
1894446
72123
4858380
3122357
4050486
2729028
2631978
2364086
1996686
253530
3112760
2743423
776759
3698212
1853622
4342470
1217721
2846523
1765191
1318825
949852
2669669
4387020
1911585
3915743
3210745
3692907
56122
2833047
1112498
1625535
1860788
1936382
990579
2031441
4877171
3230892
4944676
326574
783194
2125936
1716344
3337251
179521
1264248
1876285
3446469
2276492
2961374
4119462
1820507
879155
2611281
968239
598337
1729771
4498944
2839883
4937081
4113272
2940278
2326641
1526730
3237699
4074113
3925770
84734
3975856
2852529
3237766
3344833
1579483
3760266
4483574
4422291
4386247
3824402
2931071
4933200
4196707
1913871
1191806
2340267
2189370
4038424
1810795
4394121
4735517
4341580
3582237
3530497
3968841
2912291
136213
2043446
1516271
1838644
3955567
166346
2217138
4339866
2107465
1071279
1195959
2594762
4209399
297960
4326351
4382721
392267
3593901
1577256
985505
1174119
1349812
695011
1533414
2002241
2738159
4023785
3397332
4244676
2470858
3194500
396330
1605793
397530
582045
3309697
329561
4716542
3343382
2960016
3699907
1548305
2495701
4538061
2084407
85915
2389211
626008
2435941
1136197
4860854
4197555
1870770
3507432
2110205
3027041
682904
2744466
1742163
3147193
2052859
1954969
3096588
1718170
2001357
891809
2483910
302436
3121938
1776997
1421570
358774
3360169
291464
2074689
4426362
47231
3967478
3549571
4825465
4401283
988632
2153702
2669318
4288781
3385140
3741049
2975243
2259581
3350294
3997571
2763292
1043437
4373136
569729
2101490
1907822
3527997
3527042
1715463
3948904
1549701
228864
4057043
3129720
4687193
784597
3464090
2232464
4266361
618515
3765267
1847670
1800699
1466559
2300731
113320
4204074
3716284
504097
1252111
1872395
2638864
1237355
4391681
2475013
4712317
4431687
3198497
4712068
3191262
2420025
1226652
2797730
4730589
2531643
188915
3707427
1253317
490286
1852002
3240789
1962178
1836101
3057309
1716826
4745202
4255538
4953691
265334
1772646
187973
4553604
1934909
1336186
810514
1276194
4768064
1040127
4855374
1975136
2038571
550186
812139
3801746
1898863
1367013
723295
386866
3923547
4740254
607711
4473998
132049
1148918
2743275
1690343
740665
2651815
4024253
2457353
1441689
185993
1487793
300199
3077905
3775771
3353452
3876036
3839754
4571764
2262787
4040575
3228633
2153959
2215284
578956
4738311
4773458
1230216
4685618
2234971
3888672
1613958
898900
848646
3104556
2262187
3854954
1937966
618718
3787999
2700018
3337477
4665733
4815129
1949713
3552683
2950140
4648635
4752926
843710
2497397
1896315
2896404
2640431
348947
1493479
157230
4918406
672593
2608248
2202043
888726
4884290
4968981
382383
2473848
482157
4547832
4232413
2503312
3414751
2757513
4725648
19354
530865
3746156
1952360
2529451
1646065
3722551
3955749
2591848
865583
3251653
3532698
202189
2112161
1094250
4350313
4991653
583591
2722954
2588085
382727
2431326
2529942
2728027
2887972
3596820
2282973
1584923
1219895
4405898
227305
4744640
312665
473626
2809345
1236610
3724400
2010379
47427
3434927
3130988
3542494
4324767
4523435
3581011
4595191
3896655
2568474
2090529
1713
1042167
637889
2490029
3056625
4592019
1427366
1005245
4887830
2445568
3357859
4459129
352822
1959994
3210343
4131587
459719
3903695
2472290
2628318
4080642
1392409
1400286
4586825
2539878
3189430
4792303
2311772
1726306
1182982
1125963
707222
3894693
3914558
4476453
4973495
4432644
4519711
867256
4298639
3168655
3873765
3663070
104181
993924
1004541
1304391
4292322
3381457
4439590
118120
113855
863629
1360796
527809
4691645
792255
4548517
3815942
4258184
3752967
397955
1553910
235731
2178950
2771787
4127676
2047765
337720
1952244
1717512
1240801
1737089
2737732
691351
2027392
3506676
961483
1061053
3253526
4848757
6211
946716
1592523
2363740
2651518
2451129
1514353
728031
4663943
1978141
2479917
2377032
4123048
4271621
1698647
28012
3824307
249301
3527982
4056565
834407
4127770
1086781
4082373
2572631
2716822
509777
2358876
2581045
2345013
636288
4354306
4946732
2971625
2421808
4136582
1107506
1990798
1958274
2899650
1499841
3449613
2738565
2608597
1033979
4568736
4584174
3873530
1720941
2807065
2549837
4588568
2139984
1669307
373689
1305659
358243
2033038
2779780
2709087
4651404
4494953
1032731
4520838
178577
2781640
1128562
2946121
4957886
3843201
4805775
359557
1139292
115554
4026745
2166230
467084
1156991
414637
3705852
1540344
4228870
1938799
1654035
640839
2282615
2975951
902367
2729088
154595
3910597
1296358
3192830
1042914
354790
2831900
3805115
3610251
2261531
3531412
4073654
963847
2620567
4767174
1860547
4477431
181793
2437863
2093062
2564696
2254337
3928591
3749712
244473
3165470
4037487
2589564
2406451
143074
1343765
3266528
4475048
4501392
3233496
4421359
2703278
3408959
3440561
3448366
864069
2417069
679104
2022216
2418348
2066194
2986495
1461570
4916058
2181731
896123
3820956
1874924
4126738
4969151
656786
2611306
2553588
3751072
4768701
363261
984104
1034217
2944133
1421442
3693535
3069976
2639757
3355570
4181509
3103850
3690707
4341196
1184188
1087680
448571
1323136
288523
4974578
1462027
1731487
276047
4327393
4064875
1315410
4560378
3939935
3619478
4683075
4869988
2846837
4345569
3347109
3361555
891628
4905537
2229044
834003
3620730
3252952
1638012
486833
345671
1771995
1474000
1725877
2725303
2134122
3302017
2412442
2114141
4136274
2880884
3645876
3796063
3971931
2278514
776269
1262333
2084503
1795639
4328796
857486
3118493
652001
3157096
3252337
1743994
1693824
3446718
643384
40482
2232021
2316398
4956172
2168429
3435589
1214393
1022946
134124
4418498
2817548
190680
1985181
1485390
2649440
3671524
257485
4126519
4912106
4056113
1438164
981610
2991870
4206721
3628052
108217
306559
4595648
3017775
4688488
3271845
3995307
800870
1040880
2512920
1186694
663217
1947075
2217241
3909233
2204647
3681464
1806615
2671778
2898826
178651
1777996
2332118
2323885
3845247
3512074
1801741
4380872
1896976
473150
741410
4295992
100562
3087049
1237275
941858
2043838
2224362
911438
3217750
4586794
3060435
4457256
4004222
1207157
2543051
4008805
1046049
4885393
137684
4859617
3672091
2675083
1930401
3722197
401846
3298107
3207254
2060667
92484
3147709
3974484
3429952
1609087
826149
3527744
730994
1611220
273475
3410898
2505020
4109831
384996
30171
2152429
2942257
1176993
3371943
3459111
1854241
1608936
2303888
77836
1937882
3615645
1906379
3592467
2254726
2204434
1579581
2953945
3444419
1424112
1291191
2959582
1549458
866234
4978464
1588754
891583
2184148
1777189
1491164
1689954
462727
4823030
4464832
4269850
3514909
1016476
4571138
2957071
3861369
3650845
3999813
1771947
3770320
596092
4558254
745178
3253710
327490
257759
2064279
1153520
3461647
3074906
4434520
3486124
4719067
2761576
2060560
3405307
1597915
2679903
3922852
2389238
1420820
4059206
2471419
4888815
861517
477287
4720263
106509
1656077
4461722
1827939
3451041
833595
4867670
1935652
1577302
1029155
1753069
788667
1941060
2638600
2137157
3699696
3786043
4870020
4951311
3463253
1681773
4687035
1249728
3892407
3146784
412797
3367537
3770908
3061104
3829750
3607834
1566531
1111265
4212928
2659728
4745171
2659439
3403231
4438471
4140780
2630790
4903869
3975028
1576080
4530408
1148307
533878
4856758
4920591
415824
2062765
1059859
4675992
3648310
4023680
4251860
226576
2020904
1678723
3236043
4920821
1211819
2296855
2234220
138876
4937481
328693
3902727
1123994
2695057
2258933
4783844
4539003
3675254
1606272
2085354
4314823
128519
1677217
267723
1871580
126067
115150
2631834
4410452
4144023
3346370
1683337
4412882
3784518
1851049
2544146
3657407
4939207
4561017
4923626
2848767
4247077
1035302
4834652
4352801
1352936
2117651
1216721
3522551
3999273
3260830
876407
3307336
1032711
4164819
113742
1881811
1281670
4215788
1737170
3032565
2186237
967635
2066842
2791639
3379585
3853700
3030603
2482683
4711914
3377897
4890137
2248148
2296599
4309240
3783461
166686
4459152
2287606
3148505
1982587
1403343
1512526
1006353
4917094
1258797
1729684
3304466
1665082
1626013
3678054
3477693
4046776
3736426
2177306
1821813
3374658
4718050
2698655
696137
4434784
4524204
21632
4087885
4834702
268736
2873796
310051
1912658
3879674
610998
1362329
4853463
211202
3756888
399633
3870899
3301645
4148736
2570273
510953
1318234
453512
2862261
4424882
16459
3241521
2595119
2774766