233
577
686
878
1205
1288
1343
1492
1583
1590
1713
1725
1773
2087
2146
2169
2243
2402
2508
2550
2561
2908
3053
3091
3157
3281
3440
3570
3618
3649
3700
3800
3812
3865
3936
3994
4028
4031
4049
4107
4391
4393
4520
4525
4644
4687
4891
4935
5000
5095
5187
5305
5327
5369
5433
5654
5854
5862
6137
6211
6346
6556
6590
6610
6646
6776
6788
6797
6845
6877
7281
7302
7354
7397
7476
7542
7815
7889
8084
8125
8190
8203
8215
8403
8512
8646
8845
8895
9246
9500
9563
9610
9719
9899
9916
10001
10080
10237
10326
10347
10361
10375
10654
10658
10778
10818
11305
11379
11381
11617
11976
12074
12104
12169
12234
12260
12364
12415
12462
12492
12521
12614
12700
12825
12881
12946
13113
13131
13291
13700
13704
13778
13840
13993
14230
14274
14412
14542
14566
14601
14659
14686
14852
14859
14895
15064
15073
15104
15116
15352
15365
15469
15640
15653
15850
16006
16201
16271
16363
16459
16768
16991
17201
17348
17354
17425
17519
17590
17866
17952
17978
18053
18150
18342
18416
18545
18547
18746
18917
18994
19050
19354
19483
19513
19695
19806
19873
19905
19938
20075
20113
20114
20166
20316
20473
20825
20905
21044
21175
21408
21551
21632
21698
21829
22003
22047
22132
22161
22221
22231
22367
22519
22633
22683
22903
22935
23118
23146
23208
23328
23359
23417
23582
23733
23737
23817
23820
23855
23894
24129
24234
24555
24793
24803
24855
25026
25111
25195
25368
25458
25535
25773
25988
25992
26046
26117
26137
26252
26692
26936
26952
26994
27023
27168
27308
27381
27544
27605
27909
28012
28034
28158
28215
28242
28243
28382
28529
28570
28651
28803
28886
29102
29108
29261
29370
29476
29597
29653
29697
29698
29720
29960
30006
30111
30113
30171
30211
30414
30604
30615
30661
30690
30704
30919
30984
31020
31021
31068
31499
31582
31620
31902
32020
32313
32395
32536
32582
32684
32834
32945
33193
33207
33236
33319
33600
33613
33684
33769
33777
33813
33854
34049
34130
34382
34575
34788
34921
34940
35010
35087
35258
35323
35473
35487
35490
35496
35507
35528
35766
35908
35914
35927
35974
36260
36271
36404
36506
36523
36746
37033
37117
37138
37237
37322
37458
38043
38096
38123
38218
38267
38360
38422
38469
38526
38574
38597
38712
38720
38805
38849
38918
38994
39031
39044
39126
39129
39138
39231
39243
39333
39408
39489
39584
39591
39594
39680
39738
39788
39793
40000
40023
40151
40175
40193
40301
40402
40443
40482
40544
40733
40901
41070
41374
41559
41651
41705
41808
41815
41838
41909
42153
42158
42168
42408
42548
42696
42704
42769
42794
42807
43011
43017
43048
43110
43399
43684
43921
44050
44325
44720
44751
44855
44958
45026
45106
45254
45265
45318
45339
45377
45384
45448
45529
45967
45992
46088
46151
46296
46397
46450
46497
46577
46578
46628
46665
46695
46833
46879
46889
46946
46987
47004
47007
47231
47274
47363
47427
47443
47545
47613
47639
47688
47789
47817
48036
48144
48306
48341
48819
48911
48914
48990
49011
49209
49275
49485
49678
49755
49791
49880
50022
50110
50177
50448
50528
50542
50562
50564
50718
50758
50835
51065
51129
51309
51350
51523
51578
51798
51860
52034
52045
52069
52092
52299
52362
52513
52635
52676
52729
52922
52955
53099
53141
53178
53211
53240
53293
53364
53434
53527
53641
53668
53726
53758
53827
54097
54652
54691
54718
54969
55091
55260
55341
55377
55402
55640
55674
55886
56122
56290
56368
56425
56488
56522
56774
56941
57017
57028
57544
57551
57565
57670
57679
57821
57859
57984
58032
58048
58229
58251
58258
58352
58429
58504
58627
58778
58795
58803
58813
58948
59143
59149
59242
59283
59540
59543
59656
59794
59820
59903
60026
60038
60068
60309
60340
60412
60701
60724
60735
60760
60857
60971
61025
61031
61234
61285
61318
61334
61517
61569
61582
61590
61845
61874
61982
61985
62101
62493
62629
63056
63190
63245
63271
63290
63511
63567
63571
63662
63724
63961
64015
64025
64112
64353
64708
64819
64896
64925
64933
64936
65047
65395
65453
65486
65494
65507
65553
65844
65895
65949
66031
66053
66106
66108
66118
66191
66254
66295
66332
66411
66421
66436
66554
66613
66779
66983
67073
67261
67264
67392
67413
67687
67754
67826
67833
67901
67903
67906
67972
67978
68032
68080
68219
68302
68578
68744
68761
68813
68856
68877
68904
68912
69269
69291
69300
69318
69349
69661
69763
70170
70189
70233
70413
70437
70472
70515
70538
70647
70804
70878
70903
71089
71090
71310
71319
71328
71442
71877
71904
71989
72009
72067
72123
72315
72345
72405
72461
72789
72947
73261
73276
73368
73398
73433
73446
73488
73544
73568
73804
73816
73967
73999
74148
74259
74275
74323
74344
74351
74650
74661
74682
74724
74852
74874
75036
75062
75107
75110
75113
75176
75219
75478
75499
75847
75932
75957
76095
76244
76381
76424
76542
76732
76768
76874
77113
77151
77240
77374
77647
77760
77794
77836
77857
77936
78084
78110
78149
78237
78342
78579
78580
78616
78733
78742
78792
78867
78954
79104
79110
79468
79505
79530
79772
79787
79878
79976
79987
80186
80246
80354
80430
81222
81359
81366
81522
81683
81706
81841
82010
82031
82192
82204
82221
82263
82278
82327
82476
82715
82818
82951
82984
83066
83105
83130
83410
83418
83458
83530
83661
83823
84000
84173
84694
84724
84734
84927
84932
85078
85083
85086
85136
85174
85384
85385
85474
85650
85787
85835
85915
86029
86183
86273
86381
86435
86510
86608
86633
86809
86825
86897
86904
86945
87056
87231
87326
87773
87785
87927
88075
88318
88732
88807
88875
88903
88920
89218
89309
89341
89391
89469
89489
89723
89841
89964
89966
89968
90058
90394
90500
90600
90646
90895
90948
91000
91176
91198
91275
91356
91468
91473
91735
91781
91815
91867
91916
91928
92033
92188
92281
92306
92439
92484
92586
92728
92796
92797
92847
92987
93003
93023
93210
93230
93313
93319
93395
93503
93543
93629
93686
93798
93854
93997
94137
94215
94263
94517
94784
94853
95157
95318
95581
95922
96167
96385
96389
96449
96511
96854
96961
96977
96980
97059
97316
97517
97527
97770
97804
98185
98236
98648
98650
98691
98929
99117
99195
99288
99519
99557
99617
99633
99758
99903
100001
100029
100098
100248
100479
100503
100504
100525
100562
100623
100689
100776
100817
100843
100879
100961
100988
101173
101253
101280
101437
101468
101479
101644
101741
101765
101782
101783
101878
101883
101908
101962
102286
102329
102353
102410
102612
103040
103046
103171
103210
103391
103481
103484
103528
103541
103597
103690
104152
104156
104180
104181
104185
104261
104290
104341
104471
104701
104784
104858
104981
105040
105163
105443
105494
105585
105685
105977
105992
106206
106362
106509
106553
106685
106744
106919
106941
106942
107037
107690
107724
107925
108217
108303
108442
108630
108672
108730
108951
108960
108977
109017
109336
109577
109678
109716
109730
109771
109925
109934
109951
110076
110492
110692
110713
110777
110818
111001
111374
111595
111685
112038
112141
112462
112586
112708
112734
112893
113002
113213
113320
113353
113513
113584
113679
113729
113742
113855
114092
114234
114241
114252
114389
114446
114463
114641
114760
114806
114903
114973
115036
115058
115150
115236
115297
115317
115437
115442
115464
115472
115554
116234
116274
116299
116388
116913
116951
117050
117110
117136
117180
117284
117462
117502
117626
117919
117929
117959
117990
118104
118120
118157
118219
118470
118541
118635
118671
119066
119073
119110
119320
119327
119401
119425
119487
119656
119710
119754
119817
120033
120115
120235
120250
120253
120261
120314
120371
120536
120572
120665
120801
120898
121084
121085
121189
121385
121641
121758
121760
121972
122063
122287
122298
122384
122442
122460
122489
122507
122619
122720
122764
122813
123127
123141
123157
123160
123321
123363
123381
123417
123557
123582
123656
123693
123850
123909
124067
124173
124331
124576
124681
124684
124945
125224
125354
125581
126010
126018
126067
126082
126137
126445
126564
126631
126646
126799
126847
126939
127067
127101
127180
127224
127382
127427
127650
127654
127659
127718
127925
128211
128272
128308
128351
128515
128519
128587
128659
128764
128768
128833
129174
129215
129224
129245
129249
129372
129510
129610
129834
129892
130021
130112
130152
130481
130495
130649
130690
130694
130813
130835
131108
131233
131309
131324
131333
131341
131628
131653
131654
131731
132000
132038
132049
132069
132234
132324
132511
132526
132535
132630
132660
132915
133187
133206
133379
133435
133515
133586
133762
133819
133847
133915
133938
133949
134124
134152
134153
134171
134184
134300
134388
134470
134706
134716
134772
134902
134994
135106
135181
135184
135260
135295
135361
135626
135628
135714
135767
135813
135819
135830
135962
135974
136003
136018
136078
136213
136352
136357
136449
136546
136613
136705
136785
136796
137021
137179
137242
137481
137684
137712
137775
137874
137887
137908
137932
137969
138073
138463
138552
138561
138567
138600
138623
138625
138691
138792
138814
138876
138878
138949
139218
139231
139338
139422
139527
139616
139669
139815
140024
140220
140300
140326
140339
140519
140615
140628
140743
140945
141052
141136
141219
141471
141614
141663
141810
141946
142024
142092
142234
142274
142287
142308
142496
142560
142807
142836
142921
142945
142949
143047
143074
143082
143094
143234
143279
143306
143392
143395
143411
143435
143769
143817
143919
144189
144269
144285
144294
144363
144419
144461
144475
144919
145017
145079
145196
145359
145458
145523
145676
145692
146013
146063
146095
146274
146438
146517
146586
146622
146719
146782
146913
146949
146975
147219
147315
147366
147392
147393
147631
147771
147920
147921
148341
148475
148499
148543
148674
148825
148847
148896
148954
149048
149092
149334
149423
149643
149864
149927
149995
149998
150151
150227
150242
150329
150342
150473
150482
150484
150532
150650
150690
150709
150716
150771
150796
150838
150864
151119
151369
151442
151551
151644
152086
152230
152236
152303
152334
152494
152519
152720
152882
152908
152984
153022
153058
153093
153149
153162
153298
153317
153421
153458
153733
153936
154168
154196
154595
154643
154733
154752
154860
154897
154911
154962
155098
155190
155223
155376
155428
155438
155489
155553
155661
155679
155750
156004
156043
156229
156237
156322
156330
156376
156382
156395
156553
156679
156687
156966
157082
157230
157494
157539
157589
157645
157705
157763
157832
157853
157919
158052
158243
158389
158998
159033
159117
159389
159504
159510
159601
159701
160078
160241
160246
160316
160414
160421
160443
160688
160750
160842
160919
160991
161060
161310
161574
161597
161641
161654
161663
161719
161784
161805
161951
162029
162343
162397
162418
162419
162610
162664
162861
163147
163231
163327
163418
163511
163598
163711
163717
163727
163876
163918
163937
163938
164044
164053
164103
164159
164186
164187
164193
164319
164399
164584
164613
164681
164722
164914
165106
165125
165143
165213
165405
165512
165539
165624
165625
165936
166186
166247
166248
166249
166346
166348
166407
166484
166607
166644
166686
166691
166743
166788
166802
166840
166849
166942
167013
167045
167092
167159
167406
167462
168178
168387
168449
168553
168745
168750
168817
168879
168898
168956
169023
169389
169437
169470
169692
169851
169940
170179
170297
170706
170801
170841
170854
171016
171047
171173
171420
171436
171475
171609
171637
171670
171884
172085
172226
172242
172402
172541
172632
172656
173090
173104
173134
173281
173321
173543
173616
173811
173853
174044
174090
174197
174208
174279
174334
174398
174477
174493
174668
174756
174806
174889
174895
174947
174967
175008
175019
175072
175080
175265
175414
175637
175818
175964
175970
176064
176138
176603
176775
176837
176867
176909
177068
177181
177222
177330
177549
177805
177810
177911
178065
178084
178164
178209
178294
178313
178577
178601
178651
178702
178750
178934
178936
178987
179053
179061
179254
179312
179433
179521
179541
180010
180225
180253
180470
180526
180608
181001
181020
181029
181105
181132
181230
181378
181437
181518
181579
181793
182068
182093
182241
182257
182305
182311
182579
182600
182792
182905
183055
183233
183348
183367
183408
183498
183516
183539
183626
183653
183940
184158
184172
184219
184381
184460
184503
184577
184620
184733
184905
185012
185235
185266
185757
185820
185875
185993
186075
186082
186156
186160
186303
186305
186406
186568
186593
186686
186734
186755
186817
186893
186901
186965
187156
187246
187409
187593
187603
187622
187890
187973
187976
188083
188331
188350
188600
188915
189293
189300
189319
189548
189576
189683
189930
190221
190519
190680
191166
191249
191292
191344
191501
191797
191850
192084
192187
192261
192441
192609
192625
192817
192857
193055
193265
193466
193581
193610
193900
193938
194225
194478
194645
194702
194755
194942
194982
195081
195123
195143
195176
195228
195229
195281
195392
195584
195587
196117
196134
196242
196267
196328
196498
196543
196660
196687
196754
196766
196922
196979
196994
197068
197111
197402
197512
197688
197787
197886
198047
198101
198136
198313
198469
198530
198609
198799
198835
198857
198860
199008
199054
199090
199136
199180
199227
199418
199431
199434
199450
199508
199589
199908
199936
200015
200057
200079
200121
200140
200175
200213
200294
200456
200470
200482
200617
200645
201092
201117
201683
201715
201721
201734
202005
202104
202153
202189
202287
202339
202591
202681
202842
202994
203161
203167
203322
203389
203426
203682
203881
203918
203965
203968
204103
204222
204263
204347
204603
204637
204693
204827
204853
204971
205070
205118
205292
205379
205458
205868
205881
205903
206047
206088
206132
206156
206228
206267
206282
206361
206514
206564
206688
206793
206977
207176
207321
207384
207503
207588
207693
207722
207776
207957
208272
208447
208506
208578
208798
208843
209118
209484
209540
209586
209666
209816
209854
209923
209965
210050
210090
210412
210622
210707
210723
210788
210838
210898
210907
210912
210940
211002
211031
211062
211155
211202
211348
211426
211591
211608
211635
211719
211842
211854
211920
211998
212001
212006
212191
212195
212426
212598
212603
212662
212796
212973
213016
213021
213214
213268
213272
213430
213435
213464
213497
213584
213885
214089
214296
214474
214485
214567
214723
214816
215046
215185
215450
215484
215511
215546
215746
215776
215871
215881
215936
215964
215987
216171
216238
216246
216589
216731
216836
217167
217736
217782
217951
217966
218127
218160
218184
218189
218284
218731
218781
218805
218837
218974
219255
219318
219476
219528
219626
220171
220388
220410
220541
220609
220685
220746
220792
220861
220997
221011
221151
221221
221292
221299
221415
221432
221462
221573
221944
221974
222023
222032
222123
222143
222178
222202
222262
222315
222342
222418
222530
222565
222708
222792
222797
222807
222841
222866
222945
223240
223329
223562
223565
223665
223682
223828
223991
224024
224090
224107
224145
224276
224312
224357
224596
224597
224725
224815
224945
224948
225055
225086
225436
225471
225536
225770
225864
225897
225981
226085
226086
226103
226231
226432
226474
226566
226576
226650
226662
227005
227012
227157
227232
227305
227362
227567
227608
227665
227715
227718
227751
227810
227885
227908
227946
228003
228223
228257
228333
228794
228798
228803
228864
228872
229206
229321
229343
229373
229453
229695
229778
229797
230003
230074
230080
230364
230419
230564
230614
230630
230707
230844
230973
231039
231085
231109
231164
231259
231346
231556
231571
231578
231599
231943
232139
232330
232447
232479
232502
232535
232567
232666
232672
232790
232835
232860
233004
233018
233060
233101
233117
233492
233494
233505
233653
233710
233718
233810
233880
234034
234075
234115
234224
234242
234407
234483
234488
234549
234975
234981
235048
235134
235174
235238
235379
235430
235527
235534
235594
235731
235928
235970
236007
236082
236084
236797
236865
237078
237313
237344
237388
237415
237425
237532
237582
237657
237694
237860
237871
237917
237934
237992
238019
238161
238202
238298
238555
238613
238706
238824
238894
238937
239235
239460
239474
239479
239488
239598
239736
239766
239842
239863
240055
240058
240067
240110
240115
240140
240212
240471
240472
240603
240734
240785
240786
240821
240878
240934
241037
241225
241259
241384
241871
241901
242084
242218
242354
242388
242444
242558
242608
242638
242993
243066
243083
243218
243326
243459
243636
243651
243739
243765
243832
243987
244459
244473
244487
244501
244524
244526
244543
244554
244557
244799
244868
244875
244893
244961
245017
245073
245169
245633
245712
245806
245875
245961
246058
246170
246199
246221
246345
246347
246361
246629
246652
246706
246740
246747
246790
246866
246966
246981
247064
247072
247203
247238
247322
247355
247445
247497
247618
247715
247853
248170
248282
248380
248526
248628
248732
248962
249038
249123
249177
249301
249367
249395
250211
250456
250591
250643
250713
250733
250899
251076
251189
251241
251460
251584
251666
251673
251682
251689
251692
251750
251762
252072
252094
252389
252754
252960
253115
253129
253180
253378
253483
253530
253747
253876
254024
254147
254163
254174
254235
254678
254834
255044
255062
255314
255458
255729
255871
255935
256084
256428
256471
256553
256820
256861
256931
256932
257234
257248
257413
257485
257571
257682
257759
257818
257873
258023
258098
258139
258288
258346
258347
258483
258616
258636
258747
258813
258820
258933
258974
258988
259031
259088
259426
259448
259652
259819
259919
260838
260964
260985
261073
261104
261150
261189
261214
261509
261616
261690
261706
261751
261940
261973
262026
262067
262135
262144
262197
262347
262421
262465
262541
262596
262649
262794
263109
263123
263124
263222
263231
263252
263264
263418
263627
263740
263897
263975
264041
264153
264375
264422
264442
264509
264763
265103
265319
265334
265496
265515
265536
265560
265857
265963
266181
266274
266501
266732
266740
266914
267051
267288
267338
267364
267365
267370
267450
267469
267521
267540
267553
267594
267595
267723
267780
267858
267887
267949
268011
268237
268261
268373
268736
268840
268902
268906
269041
269088
269208
269433
269619
269654
269689
269714
270133
270276
270282
270501
270630
270641
270642
270886
271136
271154
271206
271251
271295
271433
271666
271863
271984
272013
272198
272263
272269
272332
272419
272500
272556
272670
272672
272776
272935
272980
273003
273024
273475
273690
273838
273929
273938
273978
274061
274086
274148
274267
274306
274339
274382
274403
274434
274467
274709
275210
275527
275562
275675
275771
275829
275890
275911
276047
276071
276098
276249
276433
276448
276546
276651
276700
276826
276946
277149
277319
277392
277440
277504
277617
277624
277813
277844
278014
278026
278156
278378
278430
278443
278499
278758
278788
278824
278852
279087
279093
279140
279189
279357
279500
279532
279732
280086
280131
280135
280626
280796
281007
281137
281150
281203
281233
281502
281556
281702
281800
281828
281902
281992
282023
282042
282052
282125
282305
282450
282517
282518
282619
282684
282751
282783
282791
282829
282893
282960
282990
283113
283269
283344
283356
283398
283511
283557
283726
283755
283772
283828
283978
284015
284452
284468
284602
284833
284837
284901
284980
285005
285029
285284
285443
285580
285595
285775
285868
285894
286016
286102
286203
286247
286330
286345
286423
286561
286586
286593
286597
286615
286616
286632
286672
286808
286911
287003
287155
287252
287290
287665
287699
287738
287964
288077
288133
288186
288214
288235
288297
288402
288523
288530
288533
288560
288836
288863
288912
289079
289118
289146
289490
289568
290042
290265
290311
290416
290497
290627
290722
290741
290763
291133
291289
291316
291379
291457
291464
291473
291556
291788
292029
292091
292103
292348
292357
292400
292412
292507
292806
292944
293165
293242
293374
293656
293721
294177
294423
294453
294549
294596
294738
294771
294865
294880
295029
295063
295132
295190
295261
295413
295515
295569
295695
295699
295705
295737
296006
296150
296171
296225
296235
296254
296377
296409
296536
296580
296888
297081
297415
297566
297685
297773
297816
297832
297952
297960
297980
298069
298082
298210
298232
298430
298459
298866
299074
299076
299149
299385
299639
299927
299976
300035
300199
300217
300236
300258
300281
300289
300449
300469
300533
300670
300679
300786
300797
300909
300935
301078
301094
301105
301164
301186
301363
301380
301421
301698
301699
301777
301991
302070
302172
302179
302229
302373
302411
302436
302466
302525
302577
302626
303112
303151
303170
303663
303963
304267
304293
304346
304424
304454
304585
304737
304833
304881
304893
304925
304970
305143
305158
305212
305234
305472
305563
305736
305821
305976
306383
306532
306559
306580
306636
306664
306670
306909
306932
307272
307298
307520
307647
307779
307791
307840
307849
307927
308023
308025
308046
308052
308296
308303
308443
308668
308878
308911
308919
308921
309138
309326
309362
309437
309502
309646
309931
310051
310055
310865
310925
311084
311118
311194
311329
311609
311772
311845
312095
312101
312156
312183
312255
312271
312417
312665
312707
312790
313052
313065
313084
313176
313336
313411
313461
313463
313599
313705
313741
313828
313898
314244
314310
314311
314805
314882
314896
314968
315157
315187
315208
315359
315405
315450
315535
315697
315853
316175
316204
316246
316564
316567
316589
316661
316707
317019
317045
317054
317165
317210
317325
317350
317407
317445
317466
317491
317825
318094
318131
318146
318191
318206
318354
318625
318781
318824
319098
319121
319236
319345
319455
319456
319617
319621
319667
319745
319928
319982
320171
320256
320263
320299
320351
320523
320695
320752
320764
320960
321066
321075
321090
321303
321305
321372
321582
321741
321790
321829
321843
321978
322085
322134
322331
322423
322465
322472
322608
322724
322741
323110
323150
323238
323275
323353
323420
323621
323746
323944
324023
324045
324116
324576
324599
324960
325040
325068
325070
325265
325279
325494
325694
325773
325824
325877
326030
326073
326197
326224
326342
326415
326424
326472
326523
326535
326574
326587
326726
326779
326857
326894
327004
327051
327179
327343
327351
327424
327444
327490
327682
327742
327761
327983
327985
328254
328385
328442
328614
328679
328693
328790
328803
328943
329009
329125
329156
329184
329336
329407
329419
329505
329529
329549
329553
329561
329731
329757
329796
329968
330099
330613
330720
331048
331086
331215
331261
331362
331428
331429
331430
331511
331524
331784
331790
331830
331992
332169
332251
332261
332354
332419
332721
332819
332897
332956
332996
333037
333215
333342
333545
333667
333787
333895
334048
334190
334244
334398
334438
334459
334580
334592
334825
335038
335252
335283
335396
335398
335546
335566
335580
335666
335790
335832
335866
336004
336031
336143
336327
336328
336379
336716
336902
336928
337092
337188
337324
337435
337541
337601
337720
337809
338081
338289
338373
338488
338585
338596
338602
338636
338835
338884
339196
339273
339274
339347
339458
339507
339526
339550
339643
339810
339963
339970
340066
340120
340253
340407
340543
340548
340672
340684
340823
340942
340968
341014
341015
341278
341389
341778
341853
341996
342209
342247
342321
342485
342528
342567
342626
342629
342648
342834
342859
342894
342921
343006
343010
343125
343222
343343
343344
343681
343822
343834
343920
344024
344036
344060
344103
344145
344194
344318
344443
344847
344986
345237
345385
345397
345431
345501
345580
345595
345661
345671
345863
346003
346227
346281
346354
346454
346455
346486
346549
346561
346607
346799
346947
346971
347062
347084
347174
347224
347255
347500
347590
347625
347648
347700
347942
348102
348149
348159
348291
348339
348393
348505
348629
348751
348872
348938
348947
349212
349226
349248
349414
349510
349764
349773
349787
349862
349871
350030
350045
350168
350267
350333
350461
350597
350833
350882
350910
350932
350980
351155
351173
351265
351379
351412
351569
352038
352193
352304
352307
352357
352512
352628
352693
352720
352822
352967
352979
352986
353005
353030
353033
353114
353306
353470
353650
353676
353803
353882
353938
353986
354198
354285
354324
354384
354409
354479
354509
354531
354600
354770
354790
355027
355057
355134
355160
355279
355340
355440
355483
355510
355605
355668
355717
355968
356133
356329
356551
356562
356885
356917
356923
357140
357188
357219
357387
357582
357607
357728
357827
357895
357986
357990
357999
358061
358161
358232
358236
358243
358453
358666
358716
358742
358774
358841
359019
359068
359373
359428
359525
359557
359629
359793
359873
359884
359906
359913
360054
360279
360412
360757
361369
361525
361711
361800
361856
362012
362081
362127
362190
362229
362276
362283
362434
362599
362671
362762
362799
362908
363136
363204
363261
363566
363698
363717
363773
363863
363896
363993
364317
364403
364519
364675
364762
364823
364833
364851
364876
364998
365225
365466
365486
365527
365588
365726
365900
366088
366099
366269
366476
366566
366706
366967
367050
367174
367280
367304
367372
367450
367712
367840
367986
368079
368435
368555
368601
368615
368692
368765
368768
368911
369395
369699
369880
369896
369936
370032
370060
370209
370374
370453
370515
370613
370874
370945
370988
371071
371072
371098
371186
371233
371254
371269
371389
371588
371679
371812
371849
371860
372030
372142
372145
372359
372419
372943
373375
373381
373464
373689
373823
373859
374011
374051
374269
374284
374707
374718
374734
374825
374920
374946
375123
375415
375501
375559
375734
375808
375844
375970
376119
376135
376359
376538
376639
376685
376788
376822
376927
377287
377346
377392
377475
377485
377576
377651
377700
377742
377783
377848
377854
377969
378228
378312
378551
378575
378655
378852
378976
379160
379414
379548
379568
379851
379878
380200
380262
380369
380386
380410
380491
380597
380617
380619
380718
380919
380943
380958
381036
381156
381170
381189
381255
381273
381502
381504
381678
381745
381811
381823
381832
381942
382038
382198
382203
382269
382290
382314
382318
382383
382517
382702
382727
382741
382847
383106
383152
383160
383187
383221
383249
383336
383380
383507
383575
383636
383665
383692
383953
384003
384078
384268
384307
384421
384641
384646
384690
384702
384728
384781
384840
384876
384896
384937
384980
384996
385105
385114
385286
385291
385651
385654
385670
385723
385739
385750
385888
385944
385991
385994
386330
386342
386345
386354
386395
386424
386470
386665
386786
386801
386866
386994
387107
387121
387382
387387
387690
387916
387940
387951
388015
388185
388271
388279
388364
388647
388666
388677
388750
388804
388811
388874
388885
388995
389070
389080
389225
389231
389260
389311
389358
389508
389543
389640
389752
389862
390109
390238
390268
390332
390388
390509
390640
390679
390743
390812
390968
391055
391187
391209
391278
391991
392243
392266
392267
392308
392398
392652
392793
392820
392829
392860
392915
393164
393310
393353
393372
393423
393577
393580
393731
393793
393879
393887
393924
394060
394407
394509
394917
394925
394955
394984
395122
395246
395309
395469
395509
395539
395908
396009
396024
396025
396330
396613
396642
396749
396785
396788
397022
397080
397296
397341
397370
397432
397443
397455
397478
397530
397590
397713
397884
397955
398017
398098
398139
398140
398164
398223
398248
398264
398492
398587
398598
398651
398690
399061
399223
399610
399633
400078
400096
400192
400205
400283
400378
400505
400909
401284
401314
401378
401548
401550
401599
401668
401698
401840
401846
401918
401934
401946
401950
402178
402278
402407
402546
402561
402594
402655
403005
403115
403122
403216
403302
403436
403443
403500
403520
403607
403622
403753
403934
404509
404568
404735
404883
404942
405040
405157
405221
405258
405343
405353
405407
405417
405483
405587
405665
405708
405711
405855
406326
406350
406449
406463
406524
406580
406654
406683
406733
406760
406838
406949
406993
407011
407352
407416
407655
407669
408035
408379
408408
408448
408669
408701
408722
408817
408967
408979
409003
409011
409062
409087
409431
409432
409498
409513
409759
409846
409929
409979
410113
410189
410235
410378
410382
410399
410436
410734
410782
410792
410898
410901
410948
411070
411146
411212
411434
411724
411859
411917
411921
411963
411994
412066
412209
412326
412436
412544
412612
412616
412647
412657
412797
412867
413145
413328
413415
413631
413899
413987
414106
414168
414337
414523
414536
414637
414651
414654
414662
414807
414848
415098
415138
415230
415243
415258
415294
415391
415643
415824
415950
415974
416169
416204
416367
416372
416672
416687
416705
416838
416858
417009
417145
417267
417608
417647
417877
418082
418100
418160
418223
418363
418524
418541
418572
418640
418746
418761
418788
419052
419167
419174
419200
419345
419498
419734
419824
419910
419994
420021
420050
420128
420326
420449
420519
420631
420662
420787
420825
420899
420977
421037
421058
421149
421220
421286
421382
421444
421558
421620
421686
421925
421991
422077
422528
422794
423085
423164
423328
423346
423366
423393
423395
423460
423575
423730
423805
423854
423896
423914
424050
424185
424226
424339
424397
424629
425019
425070
425386
425419
425526
425783
425840
425947
426000
426018
426031
426072
426213
426222
426383
426512
426571
426649
426801
426815
427273
427289
427643
427741
427752
427792
427911
427937
427940
427974
427999
428040
428065
428161
428336
428398
428440
428460
428573
428582
428948
429005
429014
429042
429057
429110
429254
429313
429414
429718
429781
430010
430157
430187
430311
430465
430508
430619
430644
430907
430939
430957
431077
431086
431127
431144
431180
431221
431347
431410
431630
431751
431786
432018
432295
432389
432455
432621
432834
432965
433048
433160
433163
433182
433348
433436
434019
434072
434132
434425
434507
434606
434776
434940
435007
435110
435179
435196
435436
435537
435800
435938
436077
436137
436448
436586
436656
436691
436737
436785
436973
437118
437500
437683
437783
437950
437952
437971
438053
438211
438429
438469
438881
439007
439019
439059
439125
439294
439548
439730
439846
439997
440096
440257
440295
440429
440439
440463
440586
440663
440720
440800
440915
440963
440976
441186
441187
441206
441566
441682
441722
441879
441923
441938
442325
442371
442476
442505
442544
443180
443265
443306
443483
443597
443629
444089
444207
444405
444452
444539
444557
444571
444722
444860
445038
445112
445127
445188
445252
445363
445393
445520
445596
445775
445956
446053
446100
446125
446254
446291
446296
446303
446373
446540
446956
447023
447202
447428
447760
447847
447951
447996
448011
448088
448325
448473
448543
448571
448692
448715
448806
448909
449157
449415
449452
449664
449804
449889
449893
450212
450315
450334
450345
450460
450625
450672
450680
450814
450916
451024
451169
451204
451239
451450
451585
451824
451842
451961
451973
452014
452040
452089
452099
452328
452362
452398
452636
452740
452781
452846
452960
453372
453512
453779
454029
454204
454210
454499
454527
454535
454543
454570
454918
454922
454930
455044
455160
455315
455330
455426
455469
455595
455650
455700
455710
455950
455956
456112
456164
456174
456355
456439
456564
456616
456669
456971
457003
457222
457394
457571
457600
457843
457961
457984
458017
458142
458271
458682
458737
458841
458999
459010
459059
459082
459254
459315
459343
459546
459549
459619
459719
459744
459788
459874
460376
460614
460938
461129
461205
461243
461366
461465
461586
461822
461838
461872
461942
461972
462120
462238
462267
462336
462545
462552
462727
462750
462762
462850
462971
463590
463615
463802
463822
463983
464022
464239
464291
464499
464518
464568
464588
464607
464660
464860
464998
465083
465098
465523
465633
465717
465728
465755
465851
465900
466100
466399
466513
466597
466645
466948
466969
467084
467117
467256
467295
467518
467632
467641
467775
467819
467838
467974
468044
468256
468504
468657
468779
468797
468836
469006
469228
469323
469353
469401
469470
469507
469522
469525
469607
469683
469760
469909
469941
470242
470509
470567
470650
470679
470699
470939
471113
471412
471471
471476
471560
471663
471964
472044
472166
472181
472214
472284
472357
472386
472427
472431
472483
472511
472868
472895
473150
473263
473285
473332
473410
473416
473420
473423
473626
473663
473712
473826
473859
473954
473982
473985
474010
474230
474354
474396
474429
474433
474451
474459
474721
474739
474854
475007
475008
475140
475143
475290
475463
475677
475710
475746
475755
475943
476066
476413
476434
476516
476527
476553
476634
476668
476735
476747
476765
476806
476854
476921
476967
477160
477262
477283
477287
477295
477510
477546
477614
477638
477764
477923
477939
477988
478191
478236
478312
478321
478335
478540
478602
478710
478727
478845
479063
479074
479267
479349
479357
479366
479383
479387
479391
479466
479663
479700
479766
479791
479792
479812
480123
480216
480381
480495
480527
480560
480615
480644
480800
480918
480958
480973
481052
481089
481122
481127
481193
481243
481278
481302
481306
481525
481609
481664
481677
481694
481897
481924
481984
481994
482080
482157
482167
482308
482424
482456
482545
482668
482852
482961
483112
483323
483349
483450
483708
483774
484393
484440
484652
484696
484824
484898
484933
485185
485389
485409
485507
485716
485854
485957
486068
486296
486387
486424
486795
486833
486936
487079
487174
487268
487416
487638
487676
488065
488067
488115
488259
488284
488321
488397
488523
488590
488665
488667
488692
488717
488723
488769
488923
489106
489392
489458
489652
489764
489875
489992
490060
490187
490228
490270
490286
490319
490387
490627
490688
490735
490838
490854
491183
491193
491194
491576
491681
491711
491727
491871
491892
491912
492035
492324
492333
492344
492352
492385
492522
492525
492563
492680
492827
492856
492998
493178
493329
493330
493355
493708
493716
493888
493903
494009
494164
494203
494434
494450
494853
494960
494971
494980
495017
495270
495631
495678
495730
495790
495977
495994
496051
496053
496117
496246
496258
496310
496497
496547
496679
496747
496778
496872
496925
497148
497180
497207
497216
497335
497378
497437
497489
497790
497937
497942
498073
498174
498200
498259
498305
498399
498606
498675
498705
498835
498930
498939
499035
499076
499134
499234
499304
499361
499845
499964
500088
500200
500277
500491
500499
500535
500540
500555
500625
500643
500655
500720
500833
500867
500880
500935
501105
501363
501438
501599
501684
501690
501731
501747
501879
501916
501934
501943
502106
502167
502542
502691
502804
503141
503220
503222
503431
503593
503627
503792
503798
503826
503846
503859
503956
504068
504097
504189
504195
504239
504365
504447
504494
504564
504703
505381
505404
505475
505585
505723
505746
505755
505757
505787
505803
505849
505886
505947
505969
505974
505989
506184
506201
506208
506221
506318
506365
506408
506522
506821
506841
506942
506950
507012
507040
507203
507388
507499
507553
507595
507801
507933
508073
508396
508546
508572
508625
508665
508708
508771
508865
509044
509149
509172
509461
509464
509574
509597
509607
509719
509753
509777
509873
509907
510035
510138
510160
510187
510254
510281
510447
510516
510554
510685
510859
510953
511022
511285
511363
511372
511457
511539
511544
511631
511728
511811
512160
512231
512259
512401
512526
512619
512779
512971
512988
512994
513177
513196
513214
513289
513413
513414
513441
513566
513635
513745
514125
514206
514278
514423
514532
514536
514776
514794
514877
514910
515030
515091
515165
515410
515471
515522
515530
515661
515762
515846
515954
516130
516625
516711
516784
516803
517036
517160
517182
517185
517242
517254
517497
517728
517782
517783
517845
518009
518299
518381
518617
519016
519053
519068
519072
519093
519405
519678
520002
520049
520173
520452
520485
520499
520555
520604
520887
521245
521288
521427
521459
521555
521585
521615
522099
522171
522333
522348
522551
522639
522715
522908
523124
523340
523388
523395
523397
523606
523903
523943
524063
524272
524335
524400
524411
524559
524653
524752
524753
525003
525033
525071
525356
525397
525409
525616
525716
525829
525946
526189
526338
526342
526470
526577
526582
526633
526646
526656
526744
526790
526809
526819
526824
526883
526973
526996
527014
527040
527053
527320
527508
527743
527809
527876
527883
527983
528063
528102
528145
528290
528344
528372
528585
528712
528738
528786
528970
528986
528993
529098
529192
529349
529456
529486
529510
529546
529718
529735
530122
530225
530621
530654
530707
530865
530932
530978
530988
531166
531188
531201
531286
531413
531566
531749
531807
531895
532217
532288
532292
532327
532394
532473
532677
532772
532802
532907
532987
533032
533039
533134
533153
533192
533325
533374
533376
533557
533574
533660
533807
533845
533851
533878
533937
533977
533979
533986
534045
534100
534129
534552
534572
534763
534898
534904
535170
535300
535456
535474
535585
535752
535820
535849
535970
536010
536071
536136
536155
536267
536373
536450
536479
536674
536690
536693
536711
536794
536798
537019
537029
537103
537332
537353
537368
537397
537496
537631
537671
537843
538116
538753
538858
538941
539119
539145
539195
539198
539207
539210
539212
539235
539362
539504
539665
539667
539722
539939
540180
540232
540422
540471
540600
540734
540783
540927
541078
541101
541110
541113
541257
541295
541313
541347
541477
541490
541520
541656
541663
541664
541736
541755
541830
541848
542007
542067
542159
542211
542244
542406
542409
542434
542560
542582
542666
542689
542709
542787
542901
542950
543091
543180
543226
543244
543291
543303
543361
543401
543409
543515
543538
543560
543575
543766
543797
543823
543973
544052
544107
544126
544157
544241
544272
544304
544496
544601
544628
544718
544768
544899
545007
545042
545094
545113
545116
545145
545384
545398
545421
545502
545542
545642
546002
546044
546065
546085
546199
546383
546536
546641
546806
546954
547105
547106
547110
547598
547623
547812
547824
547905
547932
548002
548044
548226
548268
548270
548423
548553
548579
548621
548759
548967
549042
549132
549150
549422
549464
549479
549564
549577
549617
549746
549818
549940
549945
550024
550139
550186
550213
550299
550349
550433
550472
550548
550604
550916
551058
551095
551239
551399
551414
551501
551920
551933
552119
552121
552122
552195
552389
552419
552464
552550
552578
552617
552621
552658
552850
553154
553234
553255
553340
553609
553718
553722
553937
554020
554029
554085
554176
554412
554439
554503
554665
555222
555338
555354
555401
555482
555536
555672
555685
555755
555921
556162
556189
556240
556262
556404
556480
556530
556578
556590
556639
556729
556826
556988
557322
557424
557434
557714
557805
557995
558142
558178
558276
558284
558287
558459
558508
558553
558704
558712
558739
558788
558797
558977
558991
559167
559353
559694
559850
560031
560133
560447
560455
560572
560793
560844
560976
561244
561528
561541
561545
561716
561849
562128
562135
562137
562177
562233
562411
562635
562787
562893
562931
563201
563377
563398
563447
563456
563564
563663
563851
563882
564157
564254
564258
564530
564574
564587
564692
564748
564829
564851
565214
565313
565322
565347
565407
565756
565757
566280
566545
566671
566884
566936
567010
567017
567116
567138
567284
567403
567438
567577
567690
567891
568272
568311
568540
568726
568782
568944
569006
569023
569024
569055
569153
569202
569315
569340
569422
569649
569676
569729
569750
569774
569835
569982
570057
570074
570233
570391
570727
570860
570881
571029
571170
571212
571346
571385
571428
571542
571645
571694
571710
571725
571731
571773
571801
571875
571968
572031
572045
572049
572069
572166
572293
572482
572906
572971
572997
573002
573023
573189
573399
573447
573627
573647
573868
573936
574230
574241
574337
574349
574359
574393
574482
574540
574550
574566
574629
574697
574726
575100
575316
575417
575657
575658
575671
575704
576110
576232
576384
576546
576635
576638
576682
576807
576824
576920
577097
577148
577363
577464
577503
577568
577932
578048
578347
578579
578591
578811
578956
579169
579361
579415
579450
579626
579900
580178
580449
580539
580657
580742
580832
580900
581070
581111
581159
581227
581377
581388
581478
581525
581550
581777
581951
582014
582027
582045
582106
582157
582188
582289
582326
582337
582364
582531
582607
582719
582720
582891
582933
583033
583104
583136
583145
583180
583506
583542
583568
583591
583635
583643
583654
583674
584043
584157
584316
584496
584516
584612
584750
584819
584871
584896
584966
585063
585216
585296
585619
585704
585748
585813
586275
586389
586450
586550
586578
586660
586681
586919
586952
586967
587035
587110
587279
587343
587438
587446
587477
587666
587759
587805
587812
587918
588237
588425
588529
588555
588617
588700
588833
589025
589547
589701
589904
590066
590138
590151
590176
590237
590297
590490
590552
590560
590645
591102
591140
591227
591404
591412
591751
591838
591865
592036
592094
592100
592227
592232
592340
592416
592432
592473
592484
592486
592582
592869
592905
592934
593023
593532
593632
593677
593881
593991
593998
594018
594043
594055
594184
594376
594420
594530
594538
594556
594717
594789
594844
595021
595040
595175
595209
595224
595441
595772
595787
595865
596011
596092
596111
596277
596297
596479
596538
596608
596610
596718
597037
597080
597230
597294
597513
597619
597713
597736
597744
597758
597766
597933
598039
598098
598131
598151
598173
598189
598210
598337
598370
598444
598563
599043
599095
599114
599254
599304
599327
599393
599398
599607
599635
599681
599736
600021
600060
600293
600384
600391
600431
600626
600686
600742
600840
600857
600923
601012
601039
601143
601240
601265
601281
601512
601675
601830
601874
601946
601959
601975
601989
602337
602356
602389
602513
602525
602706
602909
603035
603371
603373
603400
603491
603624
603790
603806
603868
603970
604145
604157
604285
604417
604451
604535
604638
604664
604682
604774
604794
605159
605255
605525
605530
605533
605545
605871
605881
606160
606168
606240
606382
606478
606692
606720
606827
606875
606929
607013
607136
607200
607334
607696
607711
608002
608004
608102
608122
608155
608223
608378
608793
608812
608962
609011
609075
609103
609124
609139
609205
609319
609408
609426
609480
609645
609695
609783
609799
610047
610232
610282
610414
610437
610569
610634
610922
610929
610956
610998
611060
611101
611238
611273
611521
611662
611697
611933
612132
612205
612315
612316
612364
612536
612675
612783
612944
612988
613088
613114
613241
613287
613790
613951
614055
614144
614217
614223
614463
614497
614524
614611
614660
614726
614803
614965
614986
614989
615017
615104
615128
615273
615392
615511
615799
615863
615875
616055
616074
616110
616218
616276
616424
616442
616647
616691
616717
616804
616848
616935
616949
617070
617074
617088
617092
617238
617355
617364
617419
617430
617475
617486
617652
617902
617964
618076
618354
618365
618515
618540
618718
618785
618788
618862
618908
619069
619155
619181
619223
619232
619455
619469
619527
619545
619548
619549
619919
619950
620008
620099
620120
620188
620450
620723
620955
621093
621097
621225
621443
621688
621844
621886
621918
622037
622134
622463
622529
622533
622741
622864
622939
623445
623603
623669
623702
623715
623740
624036
624400
624652
624753
624820
624830
624863
624940
625077
625093
625106
625125
625147
625195
625204
625241
625247
625266
625349
625450
625477
625654
625713
625820
625946
626008
626102
626168
626275
626484
626531
626566
626613
626658
626684
626796
626911
626935
626952
627005
627250
627254
627399
627490
627510
627513
627573
627655
627686
627715
627752
627780
627880
628135
628269
628392
628436
628590
628988
629153
629167
629330
629718
629730
629748
629755
629979
630026
630311
630467
630534
630639
630650
630677
630689
630742
630756
630777
630936
630951
631047
631112
631140
631179
631664
631665
631686
631884
631885
632036
632055
632086
632200
632215
632405
632468
632509
632787
632831
632886
632922
632940
633159
633162
633365
633483
634000
634145
634305
634356
634522
634572
634587
634638
635195
635227
635347
635543
635657
635675
635776
635900
636054
636083
636239
636288
636306
636362
636419
636504
636849
636965
636971
637140
637149
637196
637560
637700
637763
637889
637957
637986
638090
638221
638434
638452
638462
638536
638553
638645
638651
638721
638807
638870
639032
639045
639067
639177
639193
639259
639310
639464
639683
639723
639913
639955
640017
640077
640349
640382
640458
640685
640700
640839
640880
641287
641325
641370
641516
641641
641694
641782
642047
642179
642213
642277
642494
642520
642734
642774
642825
642826
642945
643072
643148
643150
643205
643365
643384
643416
643453
643573
643641
643760
643806
643875
644263
644304
644485
644556
644614
644615
644638
644660
644901
644924
645105
645148
645154
645181
645192
645211
645215
645229
645243
645297
645366
645530
645594
645759
645837
645884
645889
645891
645898
646132
646279
646435
646513
646599
646788
646850
646907
646994
647027
647087
647193
647278
647300
647301
647327
647656
647737
648180
648455
648635
648874
648883
648955
649147
649200
649245
649293
649368
649395
649409
649481
649513
649561
649615
649651
649859
649880
650080
650088
650162
650188
650256
650285
650340
650379
650754
650779
650795
650899
650993
651018
651256
651270
651330
651515
651648
651701
652001
652075
652180
652224
652362
652378
652416
652440
652444
652477
652633
652913
652954
653173
653176
653202
653220
653269
653808
653832
653857
653894
653952
654007
654040
654055
654056
654181
654231
654308
654354
654421
654546
654610
654624
654735
654751
654913
654920
655147
655245
655268
655388
655434
655543
655554
655575
655718
655834
655866
655883
655899
655927
655972
656229
656344
656531
656555
656676
656710
656744
656786
656891
656986
657098
657181
657387
657604
657678
657791
658013
658350
658487
658528
658809
658911
659117
659206
659260
659372
659374
659509
659613
659745
659856
659919
660032
660074
660298
660656
660726
660787
660864
660985
661036
661060
661079
661325
661506
661702
661898
661899
661944
662102
662241
662615
662660
662679
663118
663194
663217
663463
663482
663536
663590
663599
663695
663885
663973
664126
664203
664417
664448
664512
664730
664756
664838
665066
665096
665268
665306
665350
665353
665404
665655
665834
665856
666012
666256
666410
666497
666530
666759
666781
666798
667160
667175
667187
667261
667521
667559
667611
667615
667622
667708
667719
667797
667846
667897
667927
667928
668151
668170
668244
668382
668394
668661
668725
669020
669062
669135
669185
669226
669239
669284
669402
669535
669589
669622
669642
669698
669968
670156
670238
670715
670824
671138
671193
671270
671308
671388
671392
671771
671918
672165
672167
672315
672436
672593
672640
672657
672678
672759
672854
672916
673048
673146
673190
673210
673240
673256
673363
673572
673647
673855
674176
674178
674203
674408
674515
674606
674640
674646
674979
675006
675235
675275
675279
675293
675512
675605
675635
675640
675779
675851
675909
676126
676140
676201
676256
676278
676387
676583
676917
676942
677068
677083
677093
677097
677283
677533
677537
677545
677546
677560
677618
677924
677955
678075
678247
678477
678479
678550
678622
678674
678792
678805
678881
678916
678935
679070
679103
679104
679121
679139
679511
679551
679631
679708
680202
680280
680348
680524
680583
680700
680872
680984
681024
681048
681133
681245
681288
681380
681433
681499
681622
681629
681748
681818
681857
681859
682015
682140
682151
682221
682447
682452
682468
682471
682594
682702
682783
682904
682932
682961
683124
683199
683382
683391
683466
683496
683592
683615
683733
683793
683801
684017
684025
684095
684328
684654
684704
684717
684747
684850
685044
685106
685144
685220
685328
685441
685443
685534
685572
685640
685860
685872
686104
686143
686150
686198
686423
686433
686456
686547
686616
686700
686707
686945
687078
687088
687121
687460
687550
687724
687745
687746
687786
688013
688074
688091
688116
688238
688339
688448
688500
688685
688784
688847
689037
689240
689252
689467
689553
689752
689776
689932
690057
690160
690336
690426
690466
690553
690618
690680
690733
690858
690899
690918
690967
691023
691056
691113
691351
691449
691578
691594
691613
691646
691677
691767
691807
691886
691962
692003
692086
692152
692172
692174
692192
692249
692646
692853
692857
692869
693007
693063
693171
693220
693256
693587
693589
694116
694126
694165
694303
694373
694391
694488
694489
694619
694652
694657
694709
694810
694935
695011
695170
695206
695292
695326
695330
695374
695413
695447
695532
695579
695583
695596
695834
695891
695965
695998
696137
696259
696314
696371
696542
696639
696718
696777
696793
696903
697085
697169
697212
697272
697294
697297
697343
697497
697568
697673
697782
697819
697830
697935
697947
698090
698240
698615
698641
698699
698715
698739
698776
698808
698832
698911
698922
698958
699104
699106
699295
699353
699513
699733
699882
699957
699994
700058
700091
700116
700161
700413
700493
700749
700798
700933
701230
701438
701446
701509
701516
701570
701597
701718
701774
701836
702103
702115
702242
702396
702428
702839
702870
702874
702877
703120
703197
703239
703304
703473
703759
703982
704281
704424
704477
704569
704632
704733
704771
704823
704868
704913
704953
704961
705389
705431
705475
705576
705627
705639
705834
706365
706654
706715
706832
706972
706974
707019
707071
707172
707217
707220
707222
707335
707375
707451
707453
707584
707592
707660
707710
707833
707874
707912
708098
708159
708172
708469
708614
708657
708844
708902
708952
708965
708983
709023
709235
709265
709283
709434
709649
709690
709700
709708
709848
709926
710106
710277
710413
710416
710554
710573
710731
710790
710817
710825
710831
710862
710899
710990
711034
711051
711078
711100
711147
711359
711528
711538
711656
711666
711733
711912
711944
712247
712260
712310
712312
712523
712710
712761
712963
712982
713257
713262
713359
713393
713543
713981
713996
714147
714216
714237
714372
714380
714444
714499
714509
714578
714838
714962
715007
715013
715118
715226
715398
715417
715700
715712
715764
715827
716296
716303
716308
716543
716675
716768
716900
716903
717086
717111
717156
717305
717418
717555
717589
717734
718258
718358
718472
718506
718620
718811
718848
718865
718948
719301
719624
719742
720141
720406
720567
720693
721082
721311
721346
721359
721560
721864
721869
721992
722064
722103
722263
722270
722348
722396
722492
722552
722609
722786
722812
722863
722868
722984
723027
723146
723174
723295
723308
723379
723382
723427
723521
723778
723815
723918
723995
724064
724099
724133
724360
724547
724586
724589
724609
724695
725054
725269
725316
725319
725653
725703
725847
726143
726238
726312
726385
726736
726922
727076
727082
727121
727159
727221
727226
727233
727234
727422
727508
727603
727867
728031
728089
728145
728151
728197
728294
728298
728709
728781
728924
728946
729365
729366
729502
729511
729746
729892
730012
730197
730211
730249
730549
730658
730685
730782
730835
730930
730994
731050
731098
731183
731192
731229
731326
731571
731618
731777
731961
732127
732272
732390
732395
732552
732558
733004
733738
734353
735025
735035
735157
735210
735286
735298
735319
735366
735504
735545
735547
735616
735648
735799
735825
735852
736001
736056
736061
736107
736210
736413
736453
736769
736940
737023
737160
737162
737287
737389
737495
737548
737638
737879
738027
738029
738253
738312
738338
738341
738343
738387
738411
738458
738485
738566
738582
738604
738765
739632
739675
739792
739820
739860
740048
740065
740237
740442
740665
740785
740827
740876
741013
741240
741369
741381
741410
741494
741547
741643
741662
741916
742053
742241
742420
742846
742965
743024
743083
743097
743138
743174
743179
743183
743443
743557
743623
743682
743926
744156
744194
744210
744234
744315
744370
744585
744781
745051
745128
745142
745178
745427
745541
745751
745763
745771
746078
746120
746215
746247
746258
746273
746349
746476
746748
746943
746977
747192
747256
747292
747327
747333
747357
747443
747711
747753
747759
747857
747879
747917
748373
748680
748752
748780
748905
748929
749074
749083
749087
749349
749352
749601
749640
749756
749827
749906
749981
750029
750249
750251
750569
750798
750870
750911
751007
751018
751097
751104
751143
751203
751213
751231
751320
751338
751377
751565
751579
751734
751739
751837
751921
752104
752198
752237
752455
752485
752501
752511
752613
752656
752701
752735
752913
752951
753008
753090
753207
753217
753227
753229
753260
753372
753606
753665
753689
753815
753963
754067
754099
754149
754200
754253
754393
754492
754521
754543
754595
754656
754688
754752
754980
755399
755455
756076
756199
756383
756487
756678
756756
756836
756923
756925
757016
757089
757124
757240
757292
757336
757652
757888
758012
758174
758197
758250
758296
758316
758340
758403
758602
758686
758794
758892
758897
759124
759131
759151
759174
759212
759434
759485
759670
759687
759962
760109
760190
760353
760397
760410
760521
760527
760540
760656
760757
760910
761249
761548
761617
761641
761747
761949
762054
762209
762265
762426
762561
762668
762889
763105
763142
763240
763305
763354
763946
764026
764193
764202
764409
764490
764569
764597
764742
764914
764985
765117
765134
765282
765323
765393
765441
765714
765837
765864
766007
766072
766086
766174
766225
766454
766468
766759
766790
766820
766884
766902
767080
767086
767108
767130
767157
767247
767379
767436
767594
767702
767757
767836
768227
768340
768343
768419
768479
768510
768556
768849
768877
768889
768927
769082
769162
769264
769427
769526
769533
769707
769793
769797
769826
769834
769996
770084
770100
770156
770267
770314
770471
770572
770871
771063
771314
771353
771452
771502
771617
771675
771844
771928
771938
771949
771961
771988
772037
772137
772181
772263
772364
772551
772574
772586
772678
772694
772799
772912
772940
772946
773152
773460
773516
773617
773705
773746
773790
773897
773902
774053
774062
774089
774090
774151
774160
774200
774302
774548
774656
774763
774774
774917
774956
775013
775183
775287
775388
775408
775605
775872
775950
776053
776161
776269
776351
776514
776527
776534
776570
776759
777112
777252
777405
777445
777556
777714
778187
778259
778331
778516
778529
778722
778776
778795
778801
778923
779111
779280
779302
779426
779509
779822
779923
779933
780101
780106
780233
780291
780620
780621
780846
780865
780873
780901
780988
781053
781164
781449
781566
781667
781672
781810
781875
781983
782041
782045
782229
782337
782404
782443
782491
782500
782561
782579
782674
782699
782961
782990
783085
783107
783194
783499
783555
783565
783613
783641
783687
783723
783764
783786
783822
783847
783848
784059
784085
784597
784703
784709
784898
784931
784967
785125
785197
785220
785297
785594
785652
785656
785752
785790
785817
785840
786252
786403
786436
786859
786903
787010
787059
787642
787709
787733
787873
787991
788027
788191
788247
788381
788404
788590
788613
788639
788667
788707
788849
788884
788915
788939
788998
789009
789056
789080
789316
789385
789413
789418
789571
789572
789706
789787
789871
789932
790064
790270
790333
790441
790649
790725
790858
790921
790938
791186
791424
791651
791810
792009
792029
792255
792364
792373
792374
792395
792583
792605
792999
793397
793481
793518
793644
793810
793818
793917
793959
793974
794104
794183
794326
794395
794400
794413
794482
794646
794779
794960
795123
795283
795284
795364
795395
795547
795579
795929
796071
796225
796412
796569
796761
796918
796976
797011
797302
797310
797417
797572
797573
797615
797693
797714
797742
797743
797813
798031
798128
798205
798225
798448
798651
798718
798871
798872
798969
799012
799192
799212
799244
799308
799326
799447
799604
799674
799728
799731
799750
799861
799893
799978
800494
800748
800789
800870
800953
800969
801462
801538
801564
801605
801654
801802
801899
802001
802026
802100
802111
802208
802259
802348
802413
802440
802461
802551
802558
802559
802645
802686
802768
802787
803371
803442
803734
803836
803967
803980
804315
804400
804472
804548
804771
804946
804965
805018
805052
805144
805149
805223
805429
805432
805510
805527
805718
805772
805850
806073
806232
806330
806421
806422
806454
806576
806586
806615
806801
806817
806953
806993
807121
807168
807418
807467
807525
807721
807930
807952
807986
808054
808072
808253
808357
808382
808539
808806
808904
808919
808952
809269
809428
809468
809566
809577
809696
809816
810157
810177
810189
810198
810212
810243
810378
810399
810435
810508
810510
810514
810516
810550
810636
810702
810708
810714
810947
810956
811304
811432
811481
811548
811586
811782
811806
811827
812022
812061
812097
812116
812139
812319
812394
812395
812476
812500
812540
812608
812854
812885
812888
812976
812982
813011
813465
813630
813631
813724
813747
813873
813898
813909
813978
814041
814097
814280
814301
814358
814404
814428
814458
814574
814581
814588
814616
814680
814944
815270
815355
815561
815770
816256
816270
816337
816499
816670
817065
817160
817250
817295
817353
817355
817401
817521
817600
817851
817854
817980
818103
818113
818154
818185
818195
818369
818442
818460
818464
818474
818511
818669
818724
818794
819120
819170
819254
819394
819563
819726
819785
819860
819913
819968
819995
820054
820079
820227
820246
820345
820357
820406
820471
820510
820605
820824
820907
821007
821015
821020
821202
821244
821361
821628
821645
821649
821669
821760
822006
822098
822116
822222
822224
822368
822524
822644
822861
823013
823032
823042
823452
823503
823549
823689
823800
823803
823958
824114
824464
824559
824628
824757
824800
824862
825007
825038
825046
825130
825353
825390
825421
825457
825662
825749
825856
825939
825957
826139
826149
826444
826470
826512
826672
826680
826686
826692
826708
826713
826733
826795
826906
826978
826998
827016
827138
827171
827227
827240
827252
827379
827427
827537
827569
827664
827799
827852
827874
827914
827922
827946
827950
828119
828122
828134
828157
828176
828397
828547
828775
828824
828910
828946
828993
829025
829126
829225
829245
829272
829379
829427
829455
829482
829544
829578
830140
830313
830586
830945
831206
831244
831271
831426
831568
831619
831642
831701
831865
831871
832163
832187
832209
832563
832815
832844
832884
833095
833324
833392
833462
833474
833494
833595
833648
833678
833681
833698
833738
833743
833805
833843
833851
833997
834003
834201
834407
834522
834725
834805
835275
835316
835319
835349
835429
835491
835658
835710
835722
835900
835986
836138
836153
836177
836313
836322
836727
836769
836871
836949
836980
837064
837069
837172
837178
837432
837549
838361
838464
838543
838624
838775
838879
839126
839212
839333
839352
839425
839427
839487
839511
839607
839844
839852
839864
839879
839885
840038
840194
840240
840284
840300
840406
840437
840484
840517
840533
840579
840582
840618
840684
840697
840712
840724
840737
841211
841532
841590
841673
841742
841923
841995
842001
842028
842138
842203
842254
842363
842396
842492
842654
842868
842872
842935
842976
843006
843038
843059
843455
843475
843517
843710
844089
844197
844261
844268
844273
844411
844495
844525
844597
844665
844735
844747
845007
845037
845145
845218
845554
845767
845830
845863
845912
846196
846284
846349
846361
846426
846549
846891
846939
846975
847156
847319
847517
847558
847562
847603
847648
847670
847789
847845
848018
848020
848337
848646
848654
848909
848926
849021
849088
849627
849641
849697
849799
849886
849899
850201
850213
850279
850346
850482
850789
851028
851254
851281
851284
851496
851791
851847
851863
851935
852256
852459
852593
852608
852633
852831
852913
853006
853012
853196
853213
853239
853243
853423
853450
853480
853509
853531
853591
853739
853810
853919
854031
854111
854248
854626
854669
854722
854775
854880
855054
855084
855146
855178
855641
855965
856003
856012
856022
856391
856580
856623
856674
856891
857155
857286
857335
857407
857442
857486
857609
857705
857890
857912
858074
858486
858552
858578
858626
858883
858892
859106
859174
859349
859424
859456
859474
859510
859683
859768
860040
860064
860528
860529
860579
860603
860798
860812
861216
861226
861251
861256
861291
861453
861462
861517
861616
861826
861834
861933
862128
862241
862369
862614
862698
862717
862777
862914
863223
863293
863339
863361
863575
863625
863629
863766
863855
863875
863944
864069
864093
864171
864515
864541
864614
864648
864692
864740
864810
864867
865087
865132
865172
865222
865372
865373
865583
865649
865780
865855
865996
866054
866217
866234
866257
866304
866306
866359
866509
866559
866667
866857
867161
867211
867256
867385
867480
867510
867696
867759
867786
868203
868691
868801
868835
868873
868902
868938
868987
869014
869033
869085
869204
869223
869381
869588
869658
869661
869827
869883
870041
870135
870299
870379
870430
870520
870591
870653
870757
870959
871060
871111
871206
871277
871361
871466
871497
871503
871592
871855
871912
871923
871932
872028
872061
872086
872166
872301
872361
872444
872450
872487
872510
872526
872665
872694
872753
872800
872837
873002
873241
873282
873705
873828
873833
874273
874320
874516
874654
874668
874792
874844
875112
875139
875329
875445
875490
875511
875692
875696
875698
875875
875983
876083
876099
876320
876340
876407
876620
876713
876743
877093
877102
877118
877186
877248
877285
877329
877390
877423
877706
877779
878038
878267
878412
878552
878610
878912
878977
879085
879098
879155
879208
879380
879686
879704
879805
879808
879826
880014
880017
880169
880184
880488
880735
880752
880804
880829
880877
881102
881125
881264
881394
881448
881468
881516
881749
881752
881756
881846
881910
882045
882124
882229
882402
882492
882563
882612
882880
882897
882963
882976
883002
883064
883244
883337
883382
883491
883501
883504
883538
883586
883668
883680
883727
883963
883973
884003
884305
884345
884349
884688
884814
884894
885049
885125
885311
885440
885448
885502
885609
885783
885866
885967
886191
886195
886404
886471
886492
886591
886652
886920
887125
887183
887418
887456
887502
888013
888074
888173
888268
888456
888616
888687
888726
888802
888813
889002
889102
889412
889462
889653
889990
890017
890021
890040
890306
890619
890630
890635
890824
890894
891074
891224
891241
891533
891536
891583
891590
891628
891746
891778
891780
891809
891813
891828
891839
891876
892187
892379
892383
892416
892437
892443
892657
892739
892854
892910
893086
893114
893331
893448
893709
893753
893793
893902
894110
894176
894560
894601
894673
894751
894803
894818
895080
895305
895552
895554
895762
896010
896101
896113
896123
896131
896241
896417
896484
896493
896644
896757
896910
896940
897089
897195
897478
897490
897645
897687
897806
897917
898115
898142
898306
898350
898447
898748
898754
898777
898790
898900
899013
899054
899077
899216
899433
899440
899536
899568
900122
900375
900556
900595
900660
900760
901126
901215
901264
901284
901377
901466
901475
901476
901677
901713
901735
901905
901985
902044
902199
902263
902333
902352
902367
902556
902617
902703
902712
902730
903462
903548
903554
903638
903675
903853
903857
903895
903916
903944
903980
904092
904105
904130
904275
904290
904336
904456
904515
904516
904550
904673
904767
904783
904796
904858
904912
904914
904943
904956
904976
905123
905323
905448
905595
905640
905794
905831
905996
906085
906225
906355
906406
906480
906496
906590
906642
906790
906973
907324
907328
907357
907820
907854
907872
908008
908009
908108
908253
908378
908464
908493
908562
908731
908797
908847
908876
908888
908977
909005
909080
909224
909357
909551
909748
909765
909855
909910
909913
910144
910395
910399
910430
910477
910499
910567
910647
910725
911018
911265
911435
911438
911533
911963
911972
912026
912202
912251
912282
912509
912578
912625
913046
913111
913283
913404
913509
913550
913562
913634
913714
913718
913901
913910
913951
913968
914038
914131
914146
914185
914259
914281
914556
914662
914852
914916
915108
915162
915224
915275
915320
915356
915442
915870
915922
916222
916387
916633
916654
916714
916989
917146
917176
917380
917458
917698
917735
917786
917836
917883
917934
918008
918052
918090
918399
918446
918475
918661
918678
918690
918706
918730
918925
919065
919079
919096
919235
919335
919708
919920
920044
920141
920210
920219
920228
920274
920532
920547
920699
920782
920852
920888
920944
920995
921008
921059
921065
921166
921203
921220
921250
921455
921562
921593
921705
921768
921785
921810
921872
921878
921930
922084
922098
922246
922256
922482
922856
923028
923133
923173
923235
923292
923294
923351
923437
923478
923546
923857
924326
924364
924405
924576
924624
924639
924733
924831
924840
924869
924891
924966
924972
925201
925331
925347
925436
925441
925475
925733
925773
925873
925905
926285
926307
926387
926420
926421
926483
926733
926951
926954
926967
927036
927118
927155
927349
927428
927515
927544
927563
927570
927616
927631
927740
927830
927912
927934
928029
928082
928136
928190
928312
928392
928869
928945
928949
929172
929212
929382
929586
929616
929619
929624
929743
929780
929848
929889
929898
929924
929933
930016
930037
930156
930216
930274
930392
930445
930476
930523
930648
930698
930718
930842
931112
931147
931190
931218
931230
931347
931380
931541
931585
931611
931818
931828
931850
931888
932111
932137
932295
932316
932326
932336
932445
932453
932477
932522
932574
932960
933114
933287
933500
933561
933594
933613
933625
933626
933807
933823
933948
934686
934852
934858
935003
935134
935195
935198
935230
935270
935339
935353
935387
935411
935476
935483
935569
935606
936515
936709
936711
936915
937028
937535
937574
937608
937830
938061
938125
938576
938771
938823
938922
939049
939313
939644
939727
940104
940153
940158
940454
940703
940721
940862
940899
941028
941038
941198
941219
941313
941508
941657
941704
941716
941740
941773
941858
941995
942159
942184
942475
942661
942694
943258
943293
943319
943360
943428
943481
943509
943759
943805
943957
944227
944306
944491
944579
944580
944694
944711
944834
944919
945202
945384
945715
946079
946145
946183
946225
946307
946317
946321
946359
946414
946498
946584
946716
946854
946876
946916
946985
947215
947289
947453
947485
947605
947694
947776
947867
947872
947904
947962
948112
948462
948513
948551
948589
948618
948819
948904
949136
949147
949194
949310
949499
949520
949691
949780
949852
950002
950014
950061
950066
950114
950183
950298
950440
950470
950525
950565
950569
950797
950811
950994
951015
951285
951306
951360
951442
951691
951787
951945
952006
952272
952420
952595
952785
952862
952864
953014
953043
953104
953109
953142
953205
953295
953367
953721
953765
953795
953832
953835
953996
954026
954213
954360
954525
954796
954837
954991
955032
955058
955150
955176
955209
955519
955721
955809
955880
955881
955954
956088
956134
956237
956261
956263
956396
956419
956591
956685
956784
956819
956845
956966
956981
957007
957413
957602
957672
957755
957799
957801
957925
957945
958006
958085
958138
958169
958414
958461
958984
959050
959069
959146
959381
959403
959411
959515
959599
959742
959982
960019
960265
960300
960397
960854
960957
961105
961169
961209
961381
961483
961757
961834
961894
961897
962200
962248
962320
962442
962492
962614
962726
962746
963023
963242
963468
963538
963599
963708
963775
963784
963803
963847
964021
964295
964406
964501
964538
964559
964662
964664
964665
964678
964987
965055
965346
965556
965596
965688
965854
965863
965903
965939
966089
966156
966162
966197
966230
966327
966378
966397
966596
966657
966667
966847
966855
966888
966904
966972
966985
966990
967005
967007
967064
967329
967403
967504
967561
967635
967679
967775
967787
967826
967915
968151
968159
968176
968239
968326
968342
968390
968483
968488
968591
968645
968896
969030
969088
969138
969178
969205
969259
969282
969380
969492
969521
969564
969665
969765
970073
970141
970152
970181
970285
970304
970418
970435
970470
970580
970736
970742
970771
970810
970867
970907
971061
971080
971464
971563
971902
971949
972006
972062
972175
972209
972227
972252
972295
972560
972607
972613
972692
972800
972847
973077
973164
973175
973183
973276
973285
973412
973489
973522
973561
973604
973656
973735
973783
973906
973928
973990
974105
974172
974233
974240
974367
974407
974517
974727
974733
974839
974930
974966
975156
975175
975237
975313
975404
975876
975896
975916
975957
976010
976042
976113
976156
976397
976418
976450
976680
976883
976903
976912
976974
977036
977389
977553
977560
977572
977735
977828
977888
977921
978027
978052
978397
978449
978512
978524
978619
978674
978681
978833
978984
978994
979093
979198
979259
979298
979467
979567
979739
979768
979806
979916
979985
980385
980842
980946
980988
981070
981365
981472
981610
981619
981661
981691
981765
981840
981861
982096
982196
982205
982367
982439
982471
982620
982645
982677
982838
983111
983256
983333
983589
983617
983672
983738
983776
983792
983821
983836
983978
984047
984104
984109
984246
984273
984315
984351
984492
984548
984656
984794
984856
985040
985056
985175
985190
985219
985370
985457
985484
985505
985846
985917
986122
986235
986362
986621
986673
986757
987004
987049
987099
987154
987194
987205
987217
987284
987484
987577
987901
988352
988474
988501
988599
988632
988948
988972
988983
989061
989077
989122
989291
989294
989410
989428
989595
989673
989790
989978
990008
990212
990321
990325
990530
990579
990648
990650
990797
990828
991084
991281
991476
991489
991582
991608
991639
991684
991770
992092
992101
992272
992319
992560
992582
992843
992850
993000
993063
993235
993533
993589
993619
993768
993924
994291
994520
994688
995147
995291
995379
995590
995642
995740
995765
995775
995795
995851
996069
996070
996086
996114
996361
996442
996608
996620
996829
996953
997287
997434
997617
998145
998340
998852
998937
998978
999007
999150
999200
999221
999225
999320
999539
1000109
1000129
1000137
1000272
1000287
1000428
1000481
1000494
1000561
1000666
1000669
1001016
1001036
1001082
1001161
1001269
1001307
1001353
1001498
1001645
1001750
1001777
1001921
1001952
1002501
1002708
1002801
1002861
1003072
1003081
1003230
1003242
1003309
1003355
1003418
1003650
1003691
1004110
1004198
1004316
1004491
1004531
1004541
1004542
1004552
1004696
1004940
1005193
1005245
1005248
1005341
1005382
1005771
1005807
1005856
1006051
1006145
1006353
1006368
1006468
1006562
1007083
1007331
1007354
1007386
1007503
1007522
1007526
1007641
1007722
1007791
1007940
1007951
1008059
1008092
1008104
1008154
1008379
1008420
1008759
1008858
1008968
1008976
1009041
1009254
1009256
1009395
1009418
1009580
1009830
1009908
1009967
1010127
1010134
1010342
1010445
1010451
1010454
1010507
1010727
1010958
1011133
1011177
1011386
1011416
1011486
1011589
1011683
1011927
1011931
1012071
1012181
1012483
1012608
1012966
1013031
1013137
1013161
1013243
1013388
1013425
1013486
1013489
1013546
1013602
1013625
1013656
1013713
1013760
1013801
1013805
1014052
1014120
1014158
1014230
1014273
1014354
1014412
1014614
1014759
1014770
1014886
1015168
1015321
1015349
1015546
1015589
1015856
1015867
1015970
1016268
1016476
1016632
1016737
1016752
1016802
1016805
1017051
1017155
1017541
1017659
1018035
1018168
1018175
1018466
1018467
1018561
1018573
1018574
1018613
1018740
1018810
1018942
1018978
1018992
1019111
1019300
1019382
1019498
1019566
1019593
1019605
1019621
1019647
1019652
1019865
1019868
1019879
1019915
1019932
1020075
1020247
1020290
1020506
1020515
1020553
1020584
1020732
1020787
1020832
1020858
1020947
1021018
1021098
1021258
1021562
1021581
1021584
1021746
1021768
1021941
1022016
1022348
1022657
1022766
1022896
1022911
1022946
1022978
1023173
1023269
1023390
1023612
1023677
1024314
1024519
1024532
1024583
1024586
1024798
1024817
1024837
1024998
1025059
1025178
1025184
1025199
1025213
1025264
1025342
1025363
1025374
1025473
1025619
1025655
1025742
1025775
1025863
1026082
1026359
1026527
1026702
1026845
1026869
1026889
1026967
1027069
1027164
1027176
1027214
1027267
1027272
1027413
1027420
1027439
1027470
1027547
1027613
1028033
1028205
1028242
1028313
1028398
1028502
1028635
1028913
1028945
1028950
1029041
1029102
1029155
1029317
1029364
1029443
1029616
1029699
1029814
1029822
1029844
1029850
1029928
1030189
1030380
1030442
1030582
1030732
1030893
1031150
1031294
1031360
1031488
1031643
1031648
1031663
1031739
1031741
1031891
1032064
1032154
1032161
1032316
1032326
1032565
1032621
1032629
1032711
1032731
1032822
1032860
1032946
1032973
1033008
1033345
1033379
1033591
1033632
1033790
1033826
1033850
1033979
1034030
1034055
1034217
1034285
1034287
1034333
1034431
1034498
1034688
1034705
1034934
1035093
1035157
1035265
1035302
1035313
1035321
1035322
1035709
1035713
1035774
1035882
1036092
1036165
1036183
1036415
1036450
1036454
1036513
1036699
1036787
1036908
1037139
1037212
1037536
1037644
1037737
1037815
1037840
1037902
1037910
1038077
1038154
1038253
1038280
1038325
1038543
1038844
1038993
1039031
1039038
1039078
1039195
1039353
1039427
1039447
1039507
1039550
1039613
1039636
1039643
1039807
1040006
1040092
1040127
1040290
1040398
1040493
1040646
1040661
1040723
1040748
1040771
1040880
1041032
1041218
1041262
1041379
1041445
1041571
1041591
1041667
1041778
1041811
1041824
1042066
1042085
1042167
1042187
1042282
1042492
1042508
1042548
1042583
1042628
1042653
1042914
1042930
1042942
1043010
1043189
1043287
1043437
1043538
1043600
1043795
1044084
1044181
1044330
1044367
1044438
1044496
1044715
1044721
1044821
1044899
1044954
1045088
1045422
1045525
1045605
1045627
1045705
1045843
1045925
1045958
1046049
1046083
1046097
1046148
1046174
1046210
1046266
1046549
1046671
1046796
1046848
1046851
1046876
1046915
1046954
1046961
1046985
1047112
1047284
1047355
1047442
1047467
1047490
1047605
1047658
1047889
1047904
1047938
1048107
1048160
1048299
1048465
1048497
1048534
1048632
1048925
1049090
1049110
1049132
1049247
1049471
1049514
1049543
1049833
1049974
1050005
1050085
1050132
1050172
1050410
1050540
1050608
1050699
1050929
1050949
1051009
1051036
1051189
1051308
1051409
1051422
1051427
1051519
1051556
1051774
1051947
1052029
1052169
1052397
1052528
1052672
1052756
1052773
1052801
1052817
1052865
1052883
1052897
1053098
1053200
1053204
1053390
1053485
1053573
1053611
1053794
1054018
1054068
1054093
1054273
1054352
1054530
1054658
1054709
1054783
1055111
1055149
1055155
1055230
1055257
1055501
1055509
1055528
1055785
1055810
1055914
1056104
1056150
1056260
1056422
1056433
1056529
1056535
1056542
1056767
1056847
1056872
1056874
1057018
1057060
1057171
1057190
1057218
1057277
1057305
1057353
1057391
1057397
1057438
1057558
1057576
1057612
1057749
1058140
1058216
1058366
1058483
1058627
1058730
1058734
1058817
1059160
1059259
1059488
1059609
1059772
1059854
1059859
1059956
1060008
1060035
1060066
1060106
1060189
1060485
1060489
1060492
1060588
1060634
1060678
1060690
1060904
1060913
1060929
1061048
1061053
1061153
1061391
1061418
1061468
1061546
1061558
1061704
1061771
1061883
1061897
1062157
1062273
1062336
1062384
1062559
1062693
1062884
1062962
1063115
1063309
1063358
1063371
1063447
1063637
1063696
1063829
1063842
1063974
1064073
1064153
1064217
1064276
1064496
1064752
1064820
1064869
1064912
1065052
1065093
1065145
1065155
1065157
1065172
1065218
1065248
1065260
1065789
1065905
1066122
1066166
1066168
1066220
1066318
1066467
1066811
1067006
1067043
1067048
1067087
1067141
1067187
1067189
1067278
1067496
1067529
1067643
1067702
1067712
1067805
1067835
1068028
1068375
1068432
1068571
1068641
1068707
1068846
1068890
1069040
1069149
1069188
1069317
1069320
1069397
1069441
1069495
1069559
1069602
1069942
1069996
1070015
1070069
1070183
1070210
1070228
1070375
1070451
1070475
1070568
1070681
1070768
1070772
1070781
1070842
1070895
1070896
1070926
1071013
1071228
1071279
1071296
1071452
1071532
1071557
1071575
1071783
1071864
1071873
1071972
1072050
1072107
1072122
1072189
1072431
1072661
1072697
1073060
1073239
1073514
1073626
1073716
1073725
1073772
1073903
1074258
1074292
1074309
1074614
1074625
1074841
1074874
1074977
1075008
1075050
1075128
1075197
1075235
1075236
1075328
1075613
1075668
1075889
1075963
1075969
1075981
1075997
1076096
1076099
1076108
1076288
1076291
1076309
1076347
1076353
1076455
1076635
1076644
1076700
1076797
1076830
1076850
1076981
1076984
1077077
1077190
1077203
1077259
1077700
1077880
1078017
1078166
1078183
1078200
1078401
1078570
1078629
1078679
1078773
1078777
1078815
1078871
1078907
1078984
1079079
1079134
1079351
1079374
1079462
1079486
1079534
1079661
1079940
1079966
1080091
1080099
1080143
1080156
1080191
1080199
1080253
1080271
1080464
1080470
1080490
1080540
1080557
1080574
1080667
1080814
1080942
1081087
1081254
1081314
1081390
1081447
1081477
1081592
1081595
1081606
1081657
1081661
1081668
1081694
1081720
1081791
1081801
1081831
1082089
1082124
1082245
1082383
1082438
1082737
1082799
1082807
1082895
1083034
1083204
1083301
1083327
1083328
1083382
1083455
1084013
1084023
1084083
1084120
1084218
1084261
1084326
1084484
1084528
1084607
1084628
1084851
1084959
1084996
1085144
1085187
1085474
1085556
1085602
1085917
1086160
1086184
1086358
1086675
1086781
1086953
1087015
1087063
1087082
1087246
1087254
1087332
1087513
1087583
1087586
1087680
1087683
1087837
1087878
1087964
1088128
1088187
1088337
1088418
1088743
1088776
1088880
1088883
1088997
1089059
1089088
1089097
1089149
1089338
1089397
1089441
1089475
1089662
1089804
1089935
1089997
1090165
1090322
1090357
1090561
1090684
1090801
1090854
1091205
1091304
1091336
1091561
1091579
1091599
1091655
1091721
1091746
1091948
1092275
1092283
1092441
1092546
1092661
1092671
1092675
1092745
1092792
1093044
1093105
1093188
1093213
1093267
1093347
1093435
1093684
1093752
1093810
1093812
1094113
1094165
1094250
1094359
1094540
1094840
1095029
1095047
1095207
1095257
1095335
1095496
1095610
1095631
1095678
1095837
1095927
1096018
1096053
1096113
1096221
1096293
1096570
1096692
1096797
1096844
1096916
1097086
1097146
1097277
1097478
1097928
1098036
1098132
1098220
1098292
1098354
1098365
1098373
1098507
1098601
1098676
1098842
1098920
1098987
1099012
1099159
1099205
1099226
1099288
1099412
1099470
1099592
1099660
1099739
1099751
1099826
1099836
1099864
1099946
1099974
1100009
1100065
1100113
1100275
1100303
1100314
1100645
1100727
1100739
1100805
1101063
1101067
1101139
1101332
1101337
1101599
1101669
1101787
1101815
1101896
1101927
1101931
1102103
1102108
1102177
1102208
1102366
1102430
1102471
1102488
1102585
1102634
1102637
1102696
1102700
1102747
1102751
1102774
1102838
1102952
1102971
1103130
1103186
1103557
1103725
1103999
1104171
1104243
1104273
1104307
1104382
1104393
1104479
1104521
1104557
1104597
1104663
1104743
1104772
1105032
1105091
1105132
1105171
1105200
1105236
1105328
1105342
1105530
1105722
1105887
1105966
1105990
1106071
1106360
1106466
1106482
1106589
1107029
1107030
1107090
1107182
1107205
1107473
1107478
1107506
1107623
1107860
1107870
1108204
1108667
1108838
1108993
1108997
1109028
1109051
1109091
1109127
1109315
1109665
1109941
1109971
1110048
1110305
1110369
1110484
1110512
1110565
1110633
1110753
1110766
1110954
1110960
1111021
1111037
1111154
1111195
1111265
1111338
1111426
1111434
1111482
1111646
1111756
1111786
1111920
1112036
1112064
1112247
1112325
1112425
1112498
1112572
1112676
1112749
1113021
1113031
1113050
1113093
1113325
1113330
1113444
1113599
1113620
1113642
1113704
1113744
1113951
1114118
1114156
1114487
1114729
1114967
1115038
1115214
1115257
1115325
1115491
1115531
1115680
1115821
1115822
1115833
1116054
1116150
1116285
1116503
1116683
1116699
1116700
1116824
1117474
1117479
1117498
1117557
1117600
1117680
1117682
1117773
1117808
1118128
1118164
1118496
1118762
1118768
1118805
1118861
1118889
1119084
1119167
1119367
1119475
1119899
1120300
1120394
1120432
1120508
1120847
1120965
1121024
1121057
1121135
1121176
1121252
1121570
1121591
1121713
1121739
1121742
1121798
1121967
1122099
1122334
1122336
1122350
1122511
1122635
1122644
1122666
1122910
1122929
1123021
1123205
1123295
1123318
1123556
1123856
1123878
1123994
1124061
1124322
1124433
1124464
1124519
1124538
1124990
1125181
1125182
1125444
1125598
1125704
1125760
1125795
1125963
1125966
1126052
1126107
1126151
1126155
1126187
1126398
1126564
1126607
1126610
1126726
1127073
1127145
1127177
1127198
1127199
1127336
1127459
1127531
1127561
1127799
1127979
1128128
1128562
1128799
1128922
1128932
1129224
1129445
1129485
1129501
1129675
1129713
1129717
1129774
1129855
1129915
1129921
1129946
1130157
1130174
1130201
1130218
1130236
1130345
1130354
1130372
1130419
1130426
1130496
1130639
1130738
1130901
1130927
1131170
1131512
1131605
1131704
1131867
1131873
1131895
1131923
1132026
1132028
1132130
1132170
1132227
1132289
1132294
1132324
1132356
1132386
1132442
1132497
1132512
1132735
1132884
1133012
1133182
1133418
1133467
1133693
1133840
1133967
1134001
1134068
1134269
1134367
1134381
1134418
1134499
1134572
1134573
1134583
1134626
1134774
1135223
1135259
1135282
1135478
1135532
1135618
1135642
1135757
1135987
1135998
1136165
1136174
1136197
1136338
1136370
1136406
1136489
1136497
1136682
1136709
1136730
1136786
1136805
1136983
1137060
1137099
1137171
1137293
1137433
1137641
1137671
1137805
1137947
1138048
1138057
1138156
1138181
1138229
1138317
1138422
1138558
1138675
1138686
1138729
1138742
1138829
1138935
1138946
1138979
1139020
1139292
1139406
1139545
1139571
1139770
1139778
1139888
1140254
1140362
1140372
1140939
1140966
1140988
1141085
1141128
1141134
1141135
1141177
1141219
1141229
1141274
1141328
1141491
1141535
1141740
1141768
1141877
1141907
1141953
1142014
1142138
1142441
1142523
1142972
1143059
1143088
1143112
1143163
1143228
1143428
1143558
1143683
1143736
1143816
1144026
1144032
1144137
1144273
1144281
1144303
1144313
1144388
1144410
1144674
1144737
1144831
1144848
1144849
1145168
1145428
1145558
1145560
1145570
1145644
1145703
1146029
1146112
1146600
1146629
1146710
1146728
1146731
1146803
1146807
1146882
1146941
1146953
1147284
1147725
1147822
1147945
1148093
1148307
1148338
1148784
1148910
1148918
1148919
1149107
1149147
1149320
1149353
1149367
1149448
1149469
1149583
1149635
1149666
1149748
1150025
1150086
1150537
1150630
1150809
1150971
1151197
1151247
1151270
1151433
1151434
1151746
1151909
1151951
1152106
1152114
1152276
1152362
1152409
1152532
1153237
1153329
1153461
1153462
1153520
1153527
1153717
1153740
1154091
1154110
1154162
1154430
1154438
1154481
1154920
1154975
1155068
1155090
1155143
1155227
1155311
1155442
1155446
1155589
1155632
1155712
1155978
1156093
1156187
1156275
1156314
1156399
1156526
1156639
1156991
1157070
1157122
1157185
1157233
1157296
1157473
1157523
1157671
1157896
1157924
1157943
1158149
1158235
1158245
1158309
1158563
1158601
1158794
1159099
1159158
1159242
1159389
1159393
1159805
1159952
1160002
1160188
1160476
1160570
1160606
1160784
1160843
1160924
1160990
1161163
1161225
1161294
1161442
1161672
1161734
1161879
1161882
1161893
1162004
1162115
1162338
1162409
1162503
1162572
1162645
1162653
1162725
1162770
1162845
1162862
1162874
1162905
1163003
1163084
1163091
1163111
1163157
1163158
1163375
1163601
1163700
1163722
1163750
1163883
1163951
1164013
1164213
1164392
1164456
1164546
1164600
1164768
1164840
1164848
1165095
1165098
1165208
1165253
1165259
1165276
1165302
1165411
1165424
1165557
1165690
1165729
1165757
1165761
1165843
1165858
1166108
1166136
1166215
1166237
1166466
1166540
1166555
1166588
1166757
1167011
1167031
1167046
1167096
1167131
1167347
1167389
1167504
1167608
1167725
1167755
1167756
1167786
1167847
1167930
1167973
1167998
1168064
1168189
1168198
1168203
1168256
1168346
1168386
1168495
1168532
1168662
1168913
1169094
1169110
1169144
1169207
1169393
1169407
1169421
1169444
1169549
1169678
1169880
1169954
1169970
1170094
1170123
1170274
1170576
1170816
1171208
1171266
1171328
1171619
1171957
1172050
1172103
1172438
1172538
1172567
1172608
1172691
1172848
1172876
1172963
1173061
1173113
1173120
1173367
1173434
1173493
1173773
1174119
1174131
1174236
1174244
1174496
1174853
1174878
1174915
1174930
1175418
1175511
1175549
1175662
1175942
1175952
1175963
1176000
1176011
1176090
1176145
1176197
1176216
1176239
1176332
1176458
1176485
1176536
1176627
1176632
1176804
1176976
1176993
1177110
1177211
1177216
1177446
1177610
1177721
1177804
1178081
1178193
1178214
1178283
1178690
1178840
1178885
1178891
1178924
1179032
1179355
1179369
1179562
1179980
1180098
1180139
1180143
1180147
1180422
1180508
1180763
1180952
1181012
1181191
1181216
1181542
1181612
1181949
1182016
1182264
1182357
1182358
1182360
1182402
1182405
1182419
1182627
1182665
1182675
1182811
1182854
1182980
1182982
1183146
1183313
1183456
1183464
1183479
1183731
1183781
1183866
1183925
1183928
1183974
1184102
1184188
1184198
1184274
1184379
1184408
1184589
1184602
1184687
1184732
1184758
1184799
1184840
1184845
1185215
1185232
1185244
1185291
1185471
1185501
1185540
1185643
1185686
1186000
1186014
1186115
1186259
1186480
1186661
1186694
1186715
1186718
1186734
1186828
1186940
1187020
1187140
1187240
1187267
1187309
1187569
1187590
1187610
1187972
1187987
1188466
1188514
1188527
1188557
1188606
1188707
1188736
1188748
1188992
1189073
1189137
1189184
1189252
1189299
1189471
1189658
1189687
1189912
1189959
1190017
1190202
1190276
1190292
1190334
1190359
1190400
1190521
1190524
1190554
1190605
1190672
1190812
1190840
1190975
1191026
1191234
1191242
1191303
1191385
1191466
1191607
1191771
1191806
1191955
1192110
1192536
1192623
1192704
1192731
1192884
1193131
1193236
1193252
1193448
1193636
1193672
1193838
1193852
1193974
1194245
1194250
1194339
1194487
1194619
1194660
1194807
1194845
1195114
1195152
1195205
1195368
1195458
1195464
1195546
1195642
1195741
1195778
1195913
1195959
1195960
1196034
1196074
1196195
1196285
1196294
1196307
1196321
1196401
1196436
1196670
1196676
1196854
1197016
1197166
1197356
1197617
1197671
1197792
1197803
1197948
1197953
1198042
1198229
1198378
1198517
1198535
1198536
1198583
1198590
1198591
1198624
1198779
1198808
1198919
1199004
1199051
1199360
1199463
1199543
1199596
1199777
1199982
1200045
1200123
1200193
1200315
1200319
1200332
1200385
1200420
1200501
1200692
1200695
1200776
1201046
1201094
1201123
1201278
1201345
1201367
1201444
1201546
1201576
1201678
1201738
1201745
1201759
1202053
1202092
1202195
1202205
1202252
1202433
1202449
1202509
1202667
1202702
1202731
1202840
1202849
1202979
1203053
1203123
1203339
1203361
1203404
1203538
1203675
1203702
1203758
1203930
1204044
1204144
1204157
1204231
1204362
1204438
1204621
1204794
1204991
1205101
1205309
1205482
1205678
1205686
1205916
1205946
1206117
1206194
1206203
1206368
1206409
1206455
1206464
1206593
1206768
1206941
1206962
1206974
1207069
1207157
1207275
1207283
1207401
1207403
1207501
1207518
1207663
1207865
1207963
1208016
1208192
1208272
1208367
1208469
1208478
1208556
1208724
1209226
1209339
1209420
1209477
1209712
1209751
1209826
1209850
1209854
1209910
1210216
1210240
1210281
1210323
1210411
1210661
1210730
1210947
1210972
1211071
1211271
1211284
1211762
1211819
1211866
1212011
1212073
1212225
1212326
1212439
1212451
1212469
1212610
1212631
1212962
1212966
1213088
1213127
1213165
1213307
1213347
1213685
1213981
1213989
1213993
1214034
1214088
1214123
1214346
1214393
1214394
1214420
1214583
1214677
1214780
1214789
1214802
1214807
1214880
1214936
1215048
1215175
1215220
1215228
1215641
1215660
1215686
1215930
1216189
1216206
1216209
1216298
1216393
1216466
1216681
1216721
1216773
1216855
1216871
1216982
1217034
1217149
1217161
1217266
1217279
1217320
1217331
1217560
1217667
1217721
1217729
1217777
1217830
1217913
1217977
1217988
1218124
1218148
1218234
1218260
1218296
1218413
1218501
1218579
1218648
1218670
1218900
1218962
1218981
1219236
1219252
1219277
1219549
1219713
1219715
1219871
1219881
1219895
1220057
1220073
1220152
1220253
1220365
1220506
1220561
1220572
1220640
1220769
1220982
1221251
1221264
1221559
1221573
1221868
1221938
1221952
1221968
1222030
1222032
1222112
1222132
1222218
1222511
1222556
1222667
1222830
1222976
1223103
1223120
1223142
1223327
1223346
1223466
1223469
1223475
1223498
1223576
1223648
1224352
1224356
1224372
1224385
1224402
1224405
1224452
1224620
1224700
1224715
1224786
1224824
1225036
1225047
1225271
1225519
1225607
1225674
1225706
1225791
1225823
1225991
1226034
1226054
1226131
1226312
1226359
1226362
1226652
1226734
1226776
1226800
1226860
1226964
1227202
1227205
1227272
1227313
1227598
1227615
1227635
1227793
1227997
1228036
1228080
1228144
1228223
1228408
1228609
1228675
1228765
1228805
1228907
1229022
1229075
1229190
1229197
1229257
1229419
1229493
1229645
1229668
1229699
1229897
1229991
1230157
1230159
1230216
1230270
1230383
1230423
1230631
1230693
1231038
1231057
1231253
1231256
1231327
1231531
1231638
1231660
1231720
1231913
1231994
1232061
1232226
1232295
1232410
1232426
1232520
1232548
1232585
1232680
1232737
1232811
1232888
1232933
1232975
1233289
1233464
1233575
1233738
1233784
1233948
1234178
1234250
1234515
1234638
1234695
1234781
1234861
1234908
1234952
1235057
1235185
1235294
1235706
1236264
1236269
1236522
1236586
1236610
1236762
1236806
1236904
1237041
1237152
1237275
1237306
1237355
1237370
1237643
1237662
1237964
1238027
1238051
1238217
1238221
1238420
1238682
1238725
1238869
1238936
1239026
1239106
1239194
1239284
1239351
1239353
1239409
1239420
1239633
1239642
1239946
1240090
1240364
1240561
1240689
1240801
1240873
1240877
1240929
1241016
1241071
1241089
1241348
1241415
1241417
1241543
1241653
1241681
1241849
1242119
1242289
1242381
1242481
1242534
1242563
1242746
1242752
1242785
1243061
1243104
1243156
1243169
1243267
1243300
1243353
1243486
1243572
1243621
1243648
1243700
1243705
1243903
1244011
1244024
1244078
1244309
1244349
1244442
1244549
1244602
1244708
1244771
1244772
1245008
1245352
1245840
1245879
1245998
1246189
1246362
1246405
1246456
1246478
1246493
1246503
1246571
1246575
1246576
1246992
1247137
1247245
1247397
1247446
1247456
1247596
1247625
1247641
1247909
1248122
1248125
1248302
1248325
1248373
1248681
1248733
1248795
1248843
1248852
1248880
1248903
1248915
1248920
1249021
1249181
1249219
1249386
1249530
1249728
1249863
1249979
1250017
1250133
1250488
1250604
1250664
1250712
1250876
1251078
1251130
1251276
1251322
1251337
1251591
1251614
1251960
1252021
1252111
1252138
1252157
1252159
1252178
1252291
1252406
1252443
1252695
1252699
1252779
1252797
1252904
1252985
1253084
1253092
1253184
1253185
1253206
1253243
1253317
1253347
1253645
1253698
1253762
1253763
1253803
1253923
1254139
1254169
1254200
1254406
1254575
1254716
1255033
1255036
1255077
1255440
1255783
1255873
1255910
1256216
1256634
1256848
1256896
1256956
1257018
1257207
1257373
1257377
1257459
1257598
1257721
1257739
1257783
1257803
1258002
1258072
1258184
1258220
1258332
1258431
1258502
1258698
1258705
1258797
1259068
1259168
1259197
1259390
1259661
1259716
1259898
1259993
1260109
1260126
1260218
1260340
1260416
1260429
1260472
1260655
1260666
1260676
1260764
1260813
1260887
1260894
1260913
1260996
1261132
1261178
1261345
1261577
1261581
1261782
1261942
1261988
1262141
1262143
1262326
1262333
1262413
1262496
1262518
1262528
1262587
1262700
1262791
1262828
1262882
1263212
1263272
1263532
1263656
1263797
1264098
1264122
1264248
1264271
1264539
1265001
1265014
1265018
1265028
1265177
1265183
1265249
1265422
1265541
1265632
1265935
1265942
1266176
1266207
1266275
1266328
1266387
1266426
1266565
1266653
1266696
1266869
1266947
1266997
1267023
1267061
1267181
1267256
1267293
1267303
1267321
1267324
1267500
1267532
1267617
1267619
1267644
1267693
1267862
1267884
1267896
1268039
1268122
1268348
1268589
1268837
1268844
1268959
1268961
1269116
1269197
1269280
1269432
1269451
1269471
1269484
1269522
1269753
1269780
1269784
1269898
1270021
1270119
1270153
1270189
1270254
1270408
1270419
1270436
1270492
1270516
1270976
1271277
1271456
1271599
1271716
1271748
1271817
1271829
1271887
1271911
1272072
1272074
1272094
1272264
1272339
1272356
1272534
1272610
1272665
1272837
1272856
1272879
1272996
1273007
1273010
1273116
1273307
1273387
1273430
1273606
1273611
1273616
1273684
1273704
1273759
1273760
1273864
1274082
1274138
1274317
1274348
1274744
1274865
1274881
1275134
1275216
1275228
1275242
1275254
1275258
1275274
1275470
1275622
1275704
1275756
1275778
1275839
1275906
1275996
1276042
1276056
1276070
1276194
1276265
1276307
1276334
1276523
1276847
1276922
1277079
1277160
1277261
1277361
1277388
1277457
1277458
1277655
1277759
1278083
1278232
1278357
1278413
1278490
1278551
1278787
1278891
1278972
1278990
1279130
1279242
1279443
1279571
1279674
1279717
1279718
1279720
1279869
1280118
1280143
1280181
1280278
1280468
1280478
1280663
1280845
1280862
1280930
1281051
1281060
1281106
1281498
1281667
1281670
1281834
1281853
1281907
1281931
1282052
1282257
1282377
1282383
1282519
1282863
1282898
1282935
1282953
1283387
1283450
1283864
1283871
1283887
1284180
1284221
1284318
1284384
1284524
1284572
1284685
1284787
1284828
1284839
1284875
1284917
1285117
1285307
1285537
1285617
1285927
1286082
1286086
1286097
1286194
1286242
1286274
1286296
1286329
1286347
1286788
1286870
1286990
1287203
1287333
1287377
1287386
1287414
1287444
1288344
1288528
1288627
1288677
1288701
1288757
1288806
1288830
1288880
1288882
1289087
1289282
1289285
1289524
1289525
1289667
1289981
1290067
1290164
1290287
1290508
1290559
1290562
1290577
1290609
1290629
1290677
1290823
1290978
1290992
1291003
1291141
1291148
1291178
1291191
1291233
1291330
1291333
1291464
1291688
1291796
1291802
1291949
1291985
1292161
1292250
1292262
1292455
1292480
1292545
1292600
1292770
1292879
1292920
1292926
1293077
1293227
1293237
1293281
1293466
1293568
1293865
1293912
1294054
1294143
1294296
1294472
1294538
1294570
1294679
1294710
1294868
1294943
1294975
1295517
1295635
1295665
1295770
1295937
1296081
1296144
1296236
1296358
1296412
1296488
1296569
1296637
1296861
1297002
1297038
1297070
1297351
1297486
1297500
1297713
1297778
1297783
1297839
1297863
1297883
1297886
1297896
1298007
1298065
1298278
1298388
1298483
1298493
1298674
1298927
1298957
1298984
1298999
1299046
1299158
1299270
1299322
1299377
1299387
1299664
1299687
1299937
1299951
1299967
1300151
1300428
1300607
1300664
1300739
1300863
1301116
1301128
1301352
1301371
1301394
1301458
1301487
1301555
1301617
1301760
1302022
1302133
1302245
1302319
1302408
1302530
1302615
1302774
1302852
1302980
1303030
1303031
1303068
1303267
1303282
1303286
1303318
1303560
1303876
1303994
1304107
1304207
1304226
1304246
1304391
1304587
1304598
1304654
1304658
1304843
1304881
1305135
1305185
1305214
1305299
1305659
1305783
1305787
1305816
1305903
1305938
1306006
1306083
1306103
1306118
1306295
1306368
1306417
1306428
1306438
1306495
1306771
1306893
1307041
1307055
1307151
1307277
1307288
1307481
1307730
1307855
1307936
1308002
1308009
1308247
1308420
1308592
1308767
1308792
1309156
1309673
1309813
1309896
1309974
1310040
1310092
1310209
1310563
1310582
1310597
1310694
1311508
1311522
1311614
1311670
1311784
1311848
1312082
1312193
1312291
1312474
1312924
1313028
1313285
1313416
1313562
1313765
1313824
1313853
1313927
1314047
1314194
1314208
1314344
1314355
1314432
1314528
1314665
1314681
1314707
1314873
1315004
1315324
1315327
1315331
1315410
1315440
1315462
1315475
1315581
1315584
1315626
1315723
1315952
1316024
1316127
1316287
1316438
1316618
1316851
1317111
1317513
1317615
1317901
1317981
1318169
1318234
1318415
1318507
1318538
1318599
1318665
1318805
1318825
1318897
1318965
1319036
1319060
1319215
1319282
1319394
1319417
1319429
1319640
1319862
1319885
1319919
1320378
1320537
1320573
1320606
1320625
1320708
1320721
1320773
1320879
1320898
1320940
1320983
1321009
1321061
1321063
1321086
1321153
1321194
1321354
1322044
1322126
1322142
1322357
1322392
1322521
1322561
1322752
1322754
1322916
1323136
1323373
1323402
1323454
1323473
1323929
1324236
1324432
1324453
1324534
1324576
1324598
1324656
1324792
1324865
1324866
1324904
1324972
1325081
1325152
1325338
1325385
1325645
1325646
1325699
1325863
1325874
1325945
1326002
1326034
1326062
1326125
1326274
1326533
1326593
1326618
1326694
1326759
1326774
1326798
1326888
1327001
1327079
1327214
1327484
1327555
1327560
1327568
1327827
1327879
1327898
1327910
1327933
1327976
1327996
1328041
1328193
1328496
1328523
1328647
1328736
1328805
1328951
1328953
1329097
1329128
1329135
1329396
1329505
1329657
1329679
1329737
1329822
1330025
1330102
1330255
1330420
1330485
1330527
1330579
1330648
1330668
1330706
1330714
1330793
1330806
1330979
1331003
1331358
1331452
1331815
1331928
1331949
1332027
1332063
1332103
1332128
1332134
1332266
1332344
1332422
1332481
1332541
1332554
1332565
1332686
1332700
1333000
1333003
1333028
1333038
1333061
1333398
1333433
1333467
1333611
1333675
1333705
1334255
1334304
1334420
1334422
1334461
1334488
1334677
1334684
1334734
1334749
1334775
1334858
1334860
1335093
1335101
1335259
1335283
1335489
1335774
1335873
1335892
1335965
1335997
1336049
1336054
1336093
1336186
1336409
1336434
1336436
1336509
1336564
1336742
1336863
1336968
1336984
1337021
1337109
1337150
1337394
1337421
1337436
1337552
1337745
1337790
1337888
1337927
1337985
1338023
1338042
1338096
1338148
1338167
1338338
1338345
1338455
1338472
1338607
1338642
1338750
1338870
1338921
1339007
1339288
1339352
1339637
1340275
1340445
1340579
1340766
1340998
1341106
1341164
1341168
1341270
1341346
1341357
1341528
1341542
1341588
1341723
1341771
1341956
1342036
1342071
1342087
1342239
1342426
1342507
1342637
1342734
1342811
1342813
1342986
1343022
1343125
1343186
1343317
1343340
1343451
1343530
1343558
1343610
1343727
1343765
1343913
1344018
1344130
1344149
1344167
1344197
1344223
1344241
1344261
1344372
1344383
1344431
1344539
1344636
1344695
1344813
1344861
1344970
1344977
1345083
1345360
1345435
1345774
1345804
1345920
1346194
1346269
1346372
1346628
1346676
1346707
1346721
1346925
1347528
1347601
1347696
1347739
1347799
1347836
1348059
1348285
1348395
1348414
1348655
1348660
1348685
1348789
1348838
1348851
1348874
1349050
1349141
1349160
1349235
1349286
1349311
1349440
1349810
1349812
1349868
1349869
1349877
1349880
1349899
1350030
1350142
1350149
1350191
1350318
1350339
1350451
1350483
1350545
1350627
1350684
1350828
1350829
1350920
1350993
1351097
1351109
1351159
1351217
1351261
1351289
1351344
1351583
1351637
1351735
1351753
1351828
1351951
1352106
1352153
1352194
1352201
1352270
1352419
1352460
1352582
1352613
1352631
1352642
1352930
1352936
1352989
1353031
1353200
1353485
1353569
1353576
1353622
1353875
1353889
1353920
1353942
1353992
1354015
1354024
1354197
1354220
1354307
1354318
1354600
1354632
1354634
1354660
1354876
1354924
1354998
1355127
1355269
1355290
1355318
1355697
1355744
1355767
1355907
1355951
1355990
1356114
1356138
1356231
1356603
1356654
1356659
1356695
1356719
1356735
1356945
1356971
1357035
1357181
1357224
1357501
1357685
1357719
1358321
1358335
1358645
1358702
1358941
1359242
1359251
1359300
1359303
1359382
1359660
1360028
1360079
1360179
1360267
1360474
1360542
1360571
1360622
1360755
1360796
1360849
1360870
1360873
1360983
1361005
1361134
1361144
1361212
1361240
1361310
1361356
1361442
1361736
1361767
1361909
1361996
1362329
1362455
1362647
1362837
1362872
1362972
1363318
1363321
1363397
1363415
1363532
1363745
1363952
1363990
1364002
1364005
1364051
1364052
1364063
1364078
1364186
1364250
1364327
1364360
1364631
1364794
1364957
1365403
1365410
1365449
1365543
1365575
1365595
1365652
1366015
1366126
1366481
1366881
1367013
1367026
1367333
1367768
1367770
1367855
1368083
1368390
1368549
1368557
1368714
1368784
1368906
1369105
1369254
1369280
1369316
1369358
1369404
1369642
1369912
1369925
1369937
1369989
1370057
1370138
1370173
1370302
1370368
1370370
1370669
1370842
1370901
1371170
1371284
1371418
1371466
1371601
1371825
1372002
1372242
1372340
1372488
1372575
1372657
1372741
1372791
1372916
1373031
1373110
1373228
1373448
1373457
1373519
1373564
1373568
1373970
1374392
1374457
1374460
1374532
1374593
1374680
1374745
1374752
1374925
1374945
1375223
1375477
1375527
1375537
1375545
1375765
1375833
1375872
1375958
1376052
1376104
1376140
1376151
1376278
1376455
1376815
1376994
1377013
1377084
1377126
1377564
1377958
1377974
1378017
1378137
1378267
1378301
1378302
1378431
1378458
1378609
1378639
1378789
1378905
1379012
1379017
1379042
1379160
1379769
1379772
1379838
1380067
1380086
1380168
1380227
1380237
1380442
1380496
1380506
1380597
1380689
1380745
1380998
1381514
1381577
1381603
1381763
1381823
1381844
1382011
1382068
1382114
1382124
1382164
1382209
1382264
1382325
1382391
1382445
1382698
1382759
1382871
1382886
1382963
1383002
1383406
1383415
1383544
1383610
1383839
1383947
1384073
1384211
1384902
1385199
1385284
1385347
1385367
1385374
1385376
1385516
1385592
1385660
1385661
1385698
1385706
1385850
1385997
1386140
1386352
1386368
1386416
1386422
1386475
1386513
1386548
1386602
1386633
1386758
1387122
1387147
1387229
1387530
1387709
1387720
1387721
1387796
1387821
1387957
1388028
1388226
1388309
1388311
1388406
1388447
1388457
1388540
1388547
1388800
1388817
1389011
1389174
1389440
1389736
1389845
1389858
1389995
1390310
1390356
1390408
1390491
1390505
1390526
1390706
1390822
1390876
1390889
1391159
1391160
1391283
1391389
1391400
1391502
1391670
1391984
1392010
1392222
1392273
1392284
1392409
1392500
1392652
1392664
1392675
1392830
1393012
1393014
1393226
1393420
1393466
1393581
1393631
1393814
1393905
1394182
1394344
1394443
1394616
1394923
1395144
1395209
1395232
1395259
1395283
1395375
1395421
1395453
1395732
1395748
1395861
1395938
1395987
1395997
1396007
1396074
1396117
1396489
1396552
1396559
1396626
1396667
1396762
1396781
1396906
1397155
1397216
1397425
1397435
1397701
1398271
1398301
1398362
1398379
1398394
1398510
1398588
1398745
1398827
1399115
1399145
1399150
1399286
1399395
1399402
1399405
1399455
1399470
1399551
1399649
1399694
1399852
1399855
1400123
1400286
1400384
1400463
1400662
1400696
1400732
1400785
1400898
1401351
1401361
1401516
1401517
1401649
1401691
1401778
1402122
1402205
1402273
1402329
1402470
1402471
1402547
1402577
1402611
1402699
1402710
1402799
1402834
1402939
1403165
1403244
1403343
1403369
1403441
1403652
1403681
1404076
1404147
1404163
1404175
1404194
1404214
1404218
1404343
1404445
1404465
1404509
1404611
1404717
1404760
1404818
1404852
1404854
1404884
1405197
1405267
1405765
1406019
1406075
1406155
1406504
1406589
1406660
1406740
1406857
1406961
1406962
1406968
1407155
1407468
1407705
1407794
1408096
1408173
1408209
1408309
1408319
1408418
1408458
1408471
1408659
1408680
1408700
1408712
1408878
1408937
1408941
1408946
1409098
1409152
1409230
1409239
1409386
1409409
1409498
1409879
1409922
1409941
1410108
1410110
1410126
1410192
1410268
1410311
1410430
1410596
1410779
1410984
1410989
1411188
1411200
1411258
1411313
1411328
1411394
1411412
1411543
1411713
1412197
1412199
1412210
1412339
1412398
1412452
1412526
1412620
1412748
1412767
1412882
1412971
1412993
1413136
1413187
1413240
1413354
1413995
1414024
1414045
1414288
1414346
1414399
1414562
1414595
1414613
1414811
1414899
1414952
1415026
1415112
1415118
1415155
1415299
1415439
1415652
1415675
1415893
1415996
1416055
1416120
1416365
1416480
1416497
1416592
1416748
1416873
1417044
1417073
1417168
1417180
1417260
1417524
1417609
1417678
1417780
1417840
1417920
1418126
1418141
1418455
1418469
1418658
1418778
1418790
1418847
1418871
1418886
1418956
1419172
1419217
1419244
1419490
1419557
1419668
1419827
1419963
1420161
1420216
1420267
1420513
1420554
1420567
1420572
1420657
1420675
1420820
1420848
1420879
1421200
1421429
1421442
1421446
1421570
1421667
1421685
1421917
1421970
1422100
1422142
1422378
1422397
1422401
1422416
1422440
1422471
1422480
1422510
1422629
1422649
1422745
1422848
1422925
1422955
1423212
1423336
1423444
1423483
1423619
1423670
1423788
1424022
1424053
1424112
1424172
1424192
1424208
1424244
1424346
1424399
1424431
1424471
1424482
1424614
1424642
1424676
1424826
1424944
1425011
1425029
1425270
1425473
1425494
1425633
1425655
1425698
1425842
1425998
1426007
1426046
1426199
1426230
1426322
1426475
1426575
1426595
1426733
1426743
1426781
1426840
1426921
1427067
1427249
1427297
1427321
1427358
1427366
1427418
1427421
1427423
1427481
1427489
1427573
1427841
1427940
1428172
1428232
1428401
1428426
1428670
1428701
1428751
1428801
1428814
1429058
1429720
1429804
1429881
1429897
1429921
1430065
1430075
1430277
1430296
1430481
1430560
1430616
1430629
1430646
1430709
1431138
1431404
1431502
1431551
1431866
1432220
1432225
1432292
1432307
1432439
1432662
1432826
1433093
1433122
1433146
1433194
1433373
1433416
1433425
1433427
1433463
1433534
1433898
1434295
1434395
1434492
1434533
1434595
1434716
1434763
1435425
1435527
1435530
1435610
1435709
1435845
1435977
1436132
1436134
1436254
1436316
1436622
1436765
1436766
1436771
1436805
1436841
1437012
1437134
1437146
1437205
1437240
1437277
1437316
1437334
1437480
1437527
1437761
1437881
1438013
1438034
1438064
1438161
1438164
1438188
1438205
1438241
1438416
1438435
1438590
1438606
1438935
1439006
1439052
1439204
1439301
1439374
1439490
1439569
1440007
1440251
1440311
1440498
1440540
1440646
1440808
1440845
1440897
1441334
1441428
1441472
1441544
1441689
1441697
1441847
1442004
1442206
1442220
1442299
1442337
1442394
1442413
1442421
1442469
1442539
1442621
1442625
1442645
1442989
1443157
1443193
1443276
1443285
1443765
1444132
1444173
1444200
1444264
1444360
1444375
1444444
1444588
1444768
1444821
1445072
1445079
1445125
1445227
1445231
1445236
1445539
1445556
1445624
1445700
1445831
1445882
1445901
1445960
1446006
1446145
1446345
1446456
1446526
1446536
1446584
1446587
1446589
1446609
1446817
1446952
1447062
1447095
1447173
1447178
1447259
1447266
1447314
1447330
1447353
1447411
1447608
1447653
1447844
1447850
1448064
1448296
1448407
1448439
1448531
1448633
1448654
1448725
1448882
1449100
1449120
1449179
1449250
1449326
1449649
1449714
1449750
1449767
1449786
1449822
1449989
1450000
1450215
1450669
1450739
1450778
1451050
1451062
1451067
1451080
1451221
1451342
1451343
1451466
1451516
1451754
1451812
1451832
1451965
1452296
1452332
1452356
1452539
1452590
1452717
1452745
1452808
1453178
1453366
1453370
1453544
1453761
1453799
1453910
1454097
1454170
1454183
1454205
1454276
1454344
1454488
1454545
1454620
1454622
1454883
1454916
1455018
1455375
1455437
1455474
1455570
1455784
1455845
1455914
1455947
1456130
1456337
1456437
1456498
1456563
1456632
1456697
1456799
1456843
1456930
1457035
1457079
1457414
1457500
1457503
1457902
1458168
1458181
1458348
1458456
1458499
1458798
1458906
1458954
1458973
1459017
1459066
1459123
1459185
1459199
1459448
1459450
1459893
1459939
1460016
1460111
1460119
1460134
1460175
1460253
1460398
1460408
1460518
1460536
1460581
1460621
1460636
1460655
1460666
1460780
1460793
1460827
1461062
1461405
1461570
1461579
1461720
1461765
1461972
1462027
1462122
1462165
1462279
1462314
1462500
1462851
1463048
1463064
1463267
1463473
1463779
1463898
1463952
1464068
1464107
1464393
1464417
1464476
1464485
1464575
1464584
1464588
1464680
1464694
1464723
1464937
1465072
1465096
1465501
1465567
1465587
1465597
1465621
1465684
1465775
1466027
1466147
1466175
1466221
1466338
1466359
1466439
1466444
1466554
1466559
1466711
1466759
1466764
1466990
1467003
1467030
1467072
1467531
1467541
1467573
1467755
1467890
1467917
1467995
1468001
1468140
1468174
1468204
1468384
1468425
1468461
1468470
1468548
1468586
1468644
1468666
1468794
1468891
1469032
1469053
1469070
1469118
1469126
1469127
1469168
1469180
1469323
1469408
1469458
1469531
1469954
1470030
1470143
1470293
1470294
1470478
1470874
1471008
1471090
1471141
1471264
1471385
1471394
1471441
1471581
1471725
1471769
1471858
1471922
1471943
1471984
1472011
1472075
1472123
1472129
1472294
1472319
1472336
1472382
1472788
1472842
1472926
1473019
1473073
1473159
1473221
1473521
1473612
1473781
1473924
1473925
1474000
1474021
1474111
1474182
1474372
1474437
1474486
1474553
1474631
1474649
1474724
1474747
1474852
1474935
1475032
1475035
1475048
1475081
1475091
1475114
1475281
1475587
1475702
1475850
1475854
1475855
1476005
1476191
1476200
1476241
1476277
1476311
1476323
1476353
1476368
1476380
1476431
1476444
1476458
1476715
1477410
1477439
1477597
1477823
1477854
1477947
1477954
1478027
1478055
1478104
1478204
1478289
1478348
1478356
1478515
1478522
1478530
1478707
1478726
1478746
1478771
1478820
1478836
1478971
1479273
1479294
1479354
1479580
1479631
1479717
1479728
1479751
1479759
1479978
1480184
1480355
1480444
1480445
1480450
1480451
1480560
1480706
1480716
1480893
1480973
1481151
1481186
1481207
1481403
1481491
1481517
1481817
1481830
1481870
1481877
1482093
1482194
1482301
1482526
1482573
1482786
1482829
1482928
1482933
1483054
1483101
1483134
1483306
1483496
1483706
1483714
1483768
1483793
1483970
1483974
1484070
1484076
1484343
1484442
1484453
1484490
1484527
1484763
1484929
1485010
1485190
1485193
1485264
1485330
1485390
1485422
1485470
1485504
1485523
1485552
1485778
1485866
1485961
1486038
1486122
1486236
1486486
1486496
1486503
1486684
1486805
1486859
1486904
1487070
1487116
1487291
1487415
1487744
1487745
1487747
1487778
1487793
1487797
1488336
1488404
1488533
1488566
1488577
1488743
1488802
1488900
1488902
1489188
1489201
1489336
1489385
1489482
1489519
1489705
1489712
1489715
1489920
1489937
1489999
1490208
1490241
1490245
1490299
1490352
1490388
1490406
1490416
1490613
1490625
1490626
1490634
1490776
1490813
1490903
1490933
1490999
1491096
1491145
1491149
1491164
1491260
1491337
1491785
1491797
1492018
1492108
1492167
1492223
1492432
1492489
1492514
1492674
1492761
1492763
1492775
1492880
1492885
1493018
1493149
1493196
1493214
1493304
1493479
1493655
1493695
1493845
1493898
1493913
1493993
1494098
1494262
1494301
1494560
1494606
1494674
1494743
1495298
1495301
1495384
1495438
1495543
1495574
1495722
1495843
1496070
1496245
1496307
1496415
1496525
1496547
1496616
1496735
1496783
1496887
1497140
1497179
1497221
1497604
1497798
1497942
1497992
1498003
1498084
1498154
1498240
1498280
1498311
1498405
1498436
1498546
1498576
1498602
1498607
1498667
1498760
1498814
1498830
1498932
1499102
1499175
1499229
1499403
1499439
1499443
1499623
1499703
1499841
1499972
1500275
1500651
1500718
1500768
1500839
1500890
1500893
1501003
1501006
1501083
1501133
1501231
1501254
1501344
1501347
1501541
1501773
1502048
1502059
1502122
1502265
1502371
1502567
1502665
1502685
1502879
1502977
1503008
1503189
1503248
1503432
1503464
1503611
1503808
1503973
1504138
1504212
1504237
1504250
1504333
1504530
1504609
1504650
1504766
1504850
1505012
1505052
1505138
1505198
1505273
1505556
1505575
1505845
1505900
1506152
1506180
1506207
1506211
1506276
1506336
1506440
1506456
1506523
1506544
1506613
1506670
1506691
1506692
1506759
1506982
1506988
1507049
1507194
1507235
1507274
1507371
1507611
1507712
1507726
1508022
1508154
1508214
1508276
1508285
1508520
1508552
1508642
1508749
1508878
1509120
1509124
1509190
1509326
1509357
1509426
1509640
1509674
1509823
1509890
1509908
1510020
1510166
1510190
1510202
1510315
1510382
1510615
1510623
1510626
1510629
1510668
1510813
1510820
1510963
1511200
1511239
1511293
1511297
1511589
1511697
1511705
1511737
1511742
1511780
1511811
1511813
1511817
1512183
1512288
1512526
1512720
1512733
1512931
1513001
1513007
1513371
1513414
1513562
1513643
1513803
1514176
1514184
1514271
1514302
1514353
1514528
1514538
1514565
1514607
1514675
1514864
1514913
1515112
1515133
1515143
1515196
1515385
1515459
1515528
1515572
1515660
1515775
1515970
1516043
1516166
1516207
1516271
1516662
1516732
1516818
1516858
1516980
1517178
1517303
1517592
1517988
1518048
1518076
1518095
1518181
1518182
1518532
1518555
1518558
1518734
1518749
1518776
1518941
1519059
1519327
1519419
1519652
1519752
1519842
1519999
1520215
1520642
1520671
1520768
1520796
1520830
1520845
1521192
1521235
1521315
1521388
1521397
1521419
1521458
1521487
1521571
1521664
1521932
1521958
1522002
1522303
1522340
1522395
1522429
1522590
1522659
1522865
1522964
1523376
1523471
1523503
1523514
1523582
1523602
1523608
1523692
1523734
1523772
1523836
1523849
1523866
1524051
1524090
1524210
1524315
1524512
1524652
1524689
1524743
1524759
1524807
1525163
1525190
1525277
1525302
1525331
1525332
1525351
1525722
1525729
1525910
1525941
1525986
1526029
1526070
1526087
1526104
1526316
1526362
1526593
1526673
1526699
1526730
1526865
1526879
1526881
1527105
1527345
1527415
1527475
1527643
1527686
1527818
1527837
1527850
1527869
1527908
1528054
1528241
1528379
1528496
1528536
1528552
1528628
1528721
1528722
1528777
1528850
1529021
1529376
1529417
1529445
1529592
1529600
1529689
1529755
1529937
1529945
1529962
1529983
1530192
1530336
1530453
1530513
1530847
1530860
1530984
1531240
1531308
1531355
1531384
1531574
1531874
1531913
1532020
1532090
1532182
1532318
1532440
1532449
1532582
1532613
1532651
1532682
1532776
1532848
1532863
1532900
1533078
1533316
1533414
1533535
1533963
1533993
1534066
1534074
1534091
1534111
1534334
1534355
1534443
1534464
1534591
1534748
1534835
1534870
1534924
1534931
1535198
1535219
1535238
1535246
1535260
1535337
1535350
1535364
1535704
1535874
1535915
1535977
1536013
1536366
1536382
1536418
1536423
1536540
1536608
1536987
1537146
1537165
1537400
1537542
1537665
1537666
1537729
1537854
1537893
1538000
1538131
1538139
1538252
1538412
1538447
1538715
1538771
1538877
1539010
1539100
1539151
1539212
1539223
1539240
1539749
1539829
1540025
1540057
1540076
1540182
1540287
1540344
1540379
1540564
1540600
1540741
1540900
1540950
1541191
1541394
1541542
1541545
1541628
1541667
1541743
1541755
1541763
1541867
1541993
1542041
1542068
1542191
1542196
1542208
1542390
1542450
1542488
1542691
1542806
1543114
1543248
1543253
1543451
1543623
1543745
1543805
1543837
1543851
1543914
1544187
1544389
1544687
1544809
1544812
1544839
1544920
1544978
1545151
1545195
1545226
1545243
1545623
1545651
1545734
1545823
1545875
1545922
1545980
1545991
1546129
1546287
1546294
1546312
1546360
1546498
1546617
1546680
1546754
1546814
1546845
1546849
1547011
1547262
1547374
1547415
1547843
1547930
1548035
1548224
1548305
1548449
1548490
1548563
1548671
1548721
1548830
1549017
1549041
1549318
1549344
1549388
1549458
1549701
1549713
1549791
1549939
1549941
1550086
1550197
1550263
1550332
1550339
1550382
1550611
1550684
1550793
1551038
1551151
1551248
1551318
1551560
1551647
1551684
1551905
1552137
1552376
1552385
1552662
1552701
1553062
1553188
1553190
1553196
1553278
1553371
1553435
1553586
1553590
1553621
1553910
1553923
1554072
1554098
1554316
1554328
1554379
1554457
1554501
1554611
1554634
1554668
1554697
1554756
1554768
1554769
1554833
1554901
1554979
1555015
1555112
1555299
1555441
1555586
1555642
1555688
1555941
1556263
1556387
1556452
1556481
1556589
1556689
1556737
1556742
1556744
1556780
1556822
1556860
1557075
1557104
1557145
1557260
1557309
1557344
1557441
1557546
1557599
1557656
1557672
1557725
1557815
1557842
1557899
1558137
1558196
1558219
1558228
1558314
1558364
1558394
1558421
1558445
1558621
1558629
1558645
1558804
1558979
1559088
1559142
1559254
1559378
1559380
1559451
1559583
1559706
1559738
1559796
1559828
1559838
1560088
1560269
1560270
1560281
1560333
1560420
1560527
1560691
1560896
1561064
1561116
1561263
1561518
1561682
1561703
1561829
1561887
1561921
1561992
1562059
1562173
1562202
1562220
1562267
1562518
1562703
1562725
1562739
1562850
1562855
1563283
1563289
1563463
1563516
1563534
1563783
1563892
1563938
1564055
1564071
1564128
1564611
1564637
1564910
1565147
1565203
1565317
1565324
1565417
1565632
1565738
1565974
1566052
1566078
1566107
1566212
1566311
1566312
1566333
1566345
1566464
1566531
1566552
1566579
1566593
1566611
1566698
1566959
1566961
1567069
1567256
1567408
1567459
1567569
1567710
1567740
1567881
1568229
1568286
1568513
1568611
1568808
1568813
1568911
1569137
1569204
1569297
1569381
1569463
1569469
1569715
1569872
1569886
1570089
1570157
1570172
1570198
1570255
1570418
1570457
1570484
1570569
1570608
1570618
1570677
1570703
1570784
1570852
1571114
1571140
1571175
1571355
1571360
1571435
1571511
1572007
1572165
1572484
1572503
1572581
1572792
1572868
1572869
1572961
1573048
1573118
1573244
1573268
1573395
1573457
1573617
1573744
1574344
1574493
1574531
1574663
1574688
1574755
1574831
1574850
1574889
1574970
1575038
1575114
1575254
1575408
1575824
1576051
1576080
1576158
1576167
1576784
1576954
1577011
1577052
1577105
1577184
1577200
1577256
1577258
1577302
1577358
1577374
1577423
1577429
1577468
1577687
1577691
1577751
1577883
1577947
1577954
1578152
1578307
1578380
1578444
1578810
1579055
1579171
1579252
1579315
1579344
1579425
1579483
1579553
1579581
1579719
1579721
1579834
1579905
1580145
1580183
1580233
1580428
1580573
1580619
1580624
1580807
1580817
1580908
1580974
1581354
1581371
1581456
1581824
1582042
1582251
1582263
1582607
1582677
1582789
1582795
1582832
1582838
1582846
1582903
1582949
1583128
1583341
1583373
1583390
1583492
1583512
1583516
1583600
1583607
1583634
1583682
1583750
1583846
1583866
1584013
1584272
1584403
1584466
1584595
1584759
1584861
1584881
1584923
1584999
1585012
1585040
1585083
1585254
1585283
1585387
1585395
1585411
1585548
1585654
1585838
1585843
1586041
1586115
1586228
1586246
1586473
1586604
1586639
1586859
1586898
1587109
1587179
1587197
1587334
1587440
1587598
1587635
1588119
1588376
1588471
1588529
1588754
1588820
1588851
1588907
1589054
1589649
1589666
1589833
1589997
1590030
1590485
1590494
1590523
1590661
1590847
1590902
1591228
1591246
1591297
1591567
1591925
1591937
1591988
1592165
1592428
1592439
1592520
1592523
1592612
1592726
1592739
1592882
1592896
1593128
1593340
1593398
1593452
1593585
1593818
1594010
1594070
1594115
1594116
1594304
1594318
1594412
1594558
1594627
1594800
1594811
1594857
1594973
1594976
1595107
1595353
1595418
1595450
1595535
1595614
1595879
1596093
1596389
1596625
1596686
1596711
1596741
1596788
1597001
1597046
1597092
1597222
1597411
1597746
1597781
1597915
1597935
1598184
1598218
1598237
1598268
1598402
1598457
1598477
1598501
1598546
1598629
1598784
1598840
1599011
1599056
1599082
1599211
1599356
1599556
1599611
1599765
1599772
1599899
1600032
1600313
1600385
1600393
1600498
1600533
1600695
1600703
1600745
1600782
1600998
1601026
1601078
1601120
1601182
1601292
1601615
1601658
1601753
1601943
1601990
1602078
1602192
1602400
1602436
1602510
1602529
1602582
1602620
1602667
1602793
1602819
1602876
1603076
1603083
1603107
1603154
1603293
1603303
1603533
1603616
1603748
1603833
1604002
1604028
1604083
1604155
1604482
1604629
1604914
1605054
1605104
1605140
1605168
1605250
1605278
1605485
1605793
1605833
1605899
1605928
1606052
1606126
1606272
1606444
1606533
1606584
1606593
1606603
1606651
1606798
1606961
1606982
1606994
1607037
1607043
1607069
1607089
1607102
1607403
1607454
1607497
1607631
1607736
1607923
1608079
1608225
1608316
1608403
1608538
1608659
1608786
1608936
1608947
1609046
1609087
1609099
1609102
1609108
1609129
1609165
1609313
1609322
1609486
1609503
1609510
1609751
1609988
1610056
1610126
1610137
1610211
1610219
1610341
1610356
1610448
1610465
1610620
1610659
1610676
1610733
1610900
1610978
1610979
1611017
1611220
1611274
1611281
1611362
1612036
1612123
1612225
1612450
1612510
1612726
1612784
1612868
1612926
1612962
1613135
1613384
1613501
1613721
1613762
1613958
1614058
1614070
1614244
1614776
1614786
1615019
1615090
1615314
1615333
1615802
1615908
1615990
1616120
1616143
1616224
1616331
1616371
1616579
1616632
1616675
1616715
1616763
1617020
1617173
1617220
1617473
1617746
1618011
1618343
1618494
1618627
1618675
1618702
1618715
1618862
1618886
1619042
1619061
1619163
1619207
1619288
1619293
1619487
1619514
1619600
1619628
1619840
1619943
1620160
1620335
1620363
1620451
1620452
1620482
1620493
1620525
1620539
1620652
1620702
1620723
1620756
1620883
1620923
1620962
1621181
1621617
1621704
1621764
1621797
1621801
1621805
1621951
1622012
1622230
1622297
1622377
1622385
1622440
1622456
1622535
1622600
1622640
1622727
1622847
1622850
1622855
1623016
1623438
1623453
1623598
1623608
1623787
1623822
1623971
1624161
1624265
1624293
1624419
1624438
1624576
1624906
1625033
1625062
1625152
1625170
1625192
1625222
1625225
1625535
1625664
1625668
1625763
1625792
1625865
1626013
1626024
1626042
1626195
1626244
1626245
1626271
1626324
1626329
1626394
1626553
1626577
1626588
1626640
1626720
1626957
1626994
1627054
1627149
1627208
1627233
1627241
1627419
1627433
1627475
1627562
1627583
1627727
1627740
1627817
1627848
1627861
1627901
1628039
1628084
1628093
1628434
1628512
1628695
1628790
1628891
1629075
1629126
1629253
1629304
1629514
1629683
1629792
1629955
1629998
1630128
1630467
1630496
1630553
1630808
1631119
1631150
1631157
1631458
1631845
1632199
1632259
1632300
1632450
1632653
1632778
1632915
1633105
1633141
1633246
1633299
1633317
1633535
1633762
1633893
1634082
1634330
1634441
1634621
1634750
1634872
1634910
1634937
1635195
1635197
1635206
1635239
1635384
1635540
1636029
1636169
1636219
1636292
1636424
1636655
1636687
1636870
1637097
1637118
1637121
1637139
1637225
1637338
1637371
1637383
1637484
1637504
1637506
1637685
1637689
1637870
1637929
1637934
1637950
1638012
1638078
1638119
1638127
1638199
1638218
1638275
1638812
1638854
1638949
1639083
1639302
1639305
1639497
1639567
1639674
1639688
1639718
1639745
1639809
1639850
1639926
1639985
1640286
1640304
1640325
1640376
1640381
1640426
1640909
1641055
1641233
1641279
1641719
1641760
1641878
1642043
1642052
1642149
1642396
1642562
1642700
1642750
1642769
1642785
1642888
1642928
1643064
1643288
1643301
1643307
1643313
1643516
1643560
1643672
1644026
1644111
1644166
1644281
1644318
1644416
1644790
1644928
1645019
1645056
1645137
1645233
1645258
1645312
1645336
1645627
1645698
1645804
1645988
1646038
1646065
1646106
1646196
1646200
1646223
1646266
1646268
1646390
1646392
1646416
1646440
1646558
1646575
1646661
1646688
1646760
1647069
1647171
1647276
1647454
1647539
1647629
1647672
1647739
1647900
1647927
1647943
1648248
1648256
1648262
1648402
1648419
1648464
1648577
1648663
1648855
1648882
1648952
1648995
1649263
1649432
1649483
1649611
1649621
1649781
1649794
1649890
1649987
1649989
1650032
1650051
1650084
1650151
1650258
1650329
1650571
1650797
1650846
1650855
1650908
1650931
1650976
1650979
1651074
1651075
1651140
1651240
1651337
1651342
1651509
1651525
1651661
1651727
1651824
1651925
1652306
1652524
1652738
1652978
1653018
1653057
1653384
1653622
1653928
1653961
1653972
1654035
1654051
1654229
1654240
1654293
1654309
1654604
1654740
1654814
1654889
1655139
1655213
1655267
1655270
1655313
1655444
1655498
1655606
1655658
1655929
1655972
1655974
1656077
1656095
1656120
1656144
1656287
1656302
1656309
1656368
1656441
1656458
1656695
1656726
1656755
1656803
1656886
1657010
1657118
1657501
1657628
1657688
1657728
1657748
1657768
1657797
1658117
1658280
1658417
1658456
1658492
1658542
1658599
1658686
1658870
1659261
1659465
1659654
1659693
1659710
1659916
1659934
1660151
1660176
1660178
1660333
1660484
1660518
1660622
1660714
1660982
1661118
1661220
1661259
1661361
1661365
1661469
1661676
1661695
1661753
1662000
1662066
1662323
1662464
1662602
1662620
1662633
1662652
1662691
1663059
1663260
1663662
1663776
1663785
1663805
1663924
1664035
1664085
1664112
1664158
1664208
1664587
1664716
1664750
1664873
1664996
1665082
1665220
1665266
1665324
1665345
1665425
1665479
1665546
1665648
1665878
1666226
1666408
1666519
1666591
1666925
1666948
1667012
1667103
1667153
1667530
1667631
1668087
1668113
1668170
1668253
1668418
1669145
1669293
1669307
1669327
1669709
1669832
1670125
1670196
1670309
1670326
1670571
1670721
1670856
1670870
1670941
1671068
1671091
1671163
1671228
1671252
1671498
1671563
1671683
1671856
1672060
1672139
1672239
1672482
1672483
1672588
1672734
1672824
1672930
1673268
1673319
1673469
1673580
1673598
1673610
1673818
1673823
1673967
1674020
1674067
1674106
1674153
1674167
1674238
1674300
1674722
1674985
1675144
1675669
1675821
1675900
1676048
1676080
1676117
1676360
1676390
1676396
1676401
1676463
1676509
1676642
1676706
1676788
1676848
1676911
1677036
1677046
1677217
1677229
1677467
1677546
1677700
1677779
1677892
1677933
1677948
1677949
1677956
1677974
1677986
1678322
1678328
1678612
1678723
1678769
1678805
1678940
1678975
1679088
1679537
1679655
1679666
1679743
1679745
1679766
1680003
1680006
1680130
1680345
1680425
1680433
1680468
1680530
1680633
1680694
1680773
1681049
1681175
1681364
1681661
1681773
1681945
1682051
1682111
1682328
1682344
1682355
1682405
1682407
1682518
1682593
1682967
1682983
1683001
1683202
1683270
1683337
1683379
1683499
1683502
1683665
1683674
1683982
1684244
1684411
1684483
1684556
1684761
1684816
1684894
1684941
1685104
1685109
1685179
1685492
1685609
1685793
1686067
1686239
1686274
1686285
1686354
1686373
1686507
1686527
1686539
1686581
1686595
1686648
1686727
1686787
1686955
1687088
1687142
1687159
1687174
1687242
1687326
1687357
1687511
1687552
1687577
1687579
1687645
1687674
1687727
1687897
1687975
1688044
1688335
1688597
1688603
1688693
1688868
1688900
1688936
1688938
1688943
1689017
1689042
1689257
1689597
1689638
1689665
1689799
1689802
1689954
1690131
1690148
1690248
1690253
1690343
1690366
1690471
1690885
1690928
1691133
1691263
1691309
1691317
1691335
1691492
1691569
1691809
1691859
1692080
1692250
1692487
1692527
1692616
1692639
1692651
1692655
1692711
1692737
1692890
1692908
1692963
1693030
1693035
1693460
1693626
1693746
1693773
1693824
1694013
1694170
1694213
1694473
1694491
1694677
1694818
1694872
1694875
1695032
1695107
1695116
1695324
1695582
1695854
1696017
1696043
1696170
1696181
1696267
1696393
1696479
1696575
1696585
1696699
1696783
1696787
1696793
1696797
1696801
1696824
1696839
1696844
1696930
1696982
1697013
1697267
1697387
1697520
1697575
1697903
1698188
1698225
1698290
1698292
1698529
1698538
1698571
1698647
1698732
1698764
1698793
1698923
1698956
1698990
1699052
1699198
1699328
1699377
1699910
1699955
1699983
1700002
1700126
1700233
1700246
1700433
1700478
1700533
1700628
1700711
1700849
1700926
1700950
1700978
1700990
1701216
1701422
1701462
1701699
1701901
1701913
1701922
1702064
1702287
1702301
1702324
1702512
1702717
1702832
1702934
1703322
1703343
1703359
1703461
1703499
1703806
1704034
1704274
1704406
1704442
1704630
1704680
1704817
1704891
1704939
1704962
1705051
1705230
1705354
1705622
1705636
1705638
1705673
1705953
1705992
1706010
1706361
1706440
1706710
1706715
1706736
1706865
1706917
1706991
1707362
1707762
1707865
1707955
1708268
1708477
1708504
1708515
1708587
1708605
1708712
1708873
1709024
1709233
1709286
1709308
1709385
1709504
1709511
1709561
1709798
1709808
1709821
1709852
1709885
1709889
1710004
1710051
1710076
1710089
1710142
1710177
1710315
1710332
1710388
1710704
1710792
1710803
1710985
1711098
1711117
1711147
1711232
1711329
1711343
1711374
1711798
1711802
1711825
1711906
1711910
1712060
1712295
1712351
1712602
1712683
1712698
1712897
1712965
1712968
1713100
1713202
1713207
1713259
1713322
1713628
1713719
1714011
1714029
1714112
1714123
1714193
1714290
1714306
1714350
1714353
1714487
1714876
1714983
1715016
1715199
1715274
1715307
1715326
1715355
1715463
1715465
1715550
1715619
1715709
1715716
1715853
1715859
1716009
1716052
1716344
1716382
1716488
1716519
1716826
1716846
1716850
1717026
1717096
1717228
1717262
1717512
1717627
1717712
1717790
1717803
1717840
1717934
1717989
1718034
1718170
1718254
1718293
1718334
1718446
1718656
1718784
1718847
1719212
1719283
1719326
1719404
1719444
1719517
1719586
1719665
1719711
1719721
1719840
1719851
1719886
1719959
1719967
1720167
1720392
1720394
1720397
1720545
1720605
1720677
1720826
1720941
1721170
1721194
1721213
1721284
1721405
1721432
1721594
1721801
1722082
1722251
1722366
1722438
1722464
1722474
1722669
1722716
1722805
1722916
1723033
1723089
1723091
1723112
1723125
1723210
1723301
1723331
1723417
1723535
1723715
1723906
1724101
1724455
1724536
1724568
1724638
1725135
1725137
1725365
1725406
1725445
1725734
1725746
1725877
1725929
1726082
1726306
1726369
1726370
1726389
1726446
1726509
1726525
1726611
1726951
1727161
1727197
1727340
1727366
1727450
1727971
1728208
1728313
1728342
1728396
1728654
1728798
1728812
1728876
1728929
1728970
1728985
1729034
1729056
1729107
1729211
1729247
1729291
1729392
1729406
1729447
1729520
1729556
1729669
1729684
1729767
1729771
1729809
1729834
1730534
1730557
1730625
1730658
1730676
1730683
1730723
1730726
1730839
1730941
1730999
1731026
1731069
1731098
1731159
1731209
1731234
1731487
1731627
1731669
1731823
1732501
1732545
1732639
1732914
1732969
1732972
1732976
1733097
1733190
1733219
1733234
1733250
1733305
1733324
1733330
1733347
1733566
1733654
1733721
1733851
1733883
1733917
1734054
1734142
1734424
1734440
1734590
1734595
1734610
1734668
1734686
1734751
1734843
1734883
1734940
1735004
1735046
1735320
1735567
1735700
1736171
1736246
1736247
1736251
1736416
1736650
1736748
1736793
1736804
1736952
1737089
1737170
1737269
1737317
1737433
1737484
1737552
1737577
1737804
1737874
1738018
1738104
1738219
1738247
1738301
1738387
1738417
1738580
1738750
1738860
1738935
1739110
1739112
1739319
1739323
1739358
1739473
1739478
1739509
1739523
1739559
1739565
1739867
1740053
1740199
1740279
1740410
1740511
1740613
1740655
1740763
1740951
1740953
1740995
1741112
1741187
1741228
1741349
1741463
1741585
1741784
1741840
1741897
1741940
1742044
1742089
1742163
1742224
1742230
1742324
1742333
1742484
1742547
1742663
1742718
1742901
1742916
1742953
1742997
1743032
1743094
1743175
1743205
1743355
1743399
1743493
1743540
1743768
1743804
1743985
1743994
1744003
1744009
1744093
1744166
1744174
1744203
1744260
1744263
1744274
1744281
1744292
1744303
1744385
1744538
1744569
1744657
1744699
1744737
1744837
1744884
1744930
1744966
1745015
1745024
1745100
1745172
1745198
1745268
1745359
1745408
1745459
1745495
1745607
1745676
1745712
1745755
1745856
1745917
1745988
1746132
1746176
1746276
1746305
1746464
1746465
1746619
1746680
1746696
1746714
1746846
1746939
1746952
1747014
1747164
1747214
1747220
1747242
1747317
1747319
1747367
1747368
1747418
1747522
1747545
1747555
1747630
1747724
1747726
1747770
1747790
1747993
1748017
1748028
1748077
1748123
1748348
1748361
1748468
1748686
1748701
1748812
1748902
1748931
1749067
1749362
1749463
1749572
1749752
1749799
1750122
1750138
1750293
1750294
1750550
1750556
1750618
1750713
1751001
1751290
1751306
1751410
1751520
1751890
1751941
1752104
1752331
1752366
1752380
1752611
1752713
1752724
1752765
1752865
1752997
1753069
1753114
1753115
1753209
1753313
1753388
1753407
1753470
1753532
1753723
1753835
1753940
1753969
1754200
1754203
1754253
1754292
1754398
1754411
1754460
1754481
1754622
1754633
1755150
1755269
1755328
1755332
1755399
1755446
1755499
1755747
1755939
1755976
1756115
1756252
1756279
1756456
1756536
1756574
1756599
1756743
1756783
1756861
1756982
1757006
1757383
1757542
1757591
1757857
1757876
1758316
1758343
1758369
1758421
1758494
1758517
1758600
1758637
1758955
1758985
1759016
1759032
1759051
1759222
1759432
1759524
1759541
1759551
1759601
1759717
1759818
1759837
1759897
1759971
1760125
1760128
1760244
1760421
1760505
1760732
1760745
1760767
1760821
1760908
1760936
1761216
1761298
1761305
1761478
1761714
1761914
1762004
1762136
1762247
1762442
1762486
1762632
1762926
1763048
1763154
1763168
1763255
1763287
1763372
1763695
1763721
1763746
1763847
1763927
1764069
1764082
1764149
1764296
1764353
1764421
1764641
1764849
1764917
1765089
1765109
1765191
1765389
1765535
1765571
1765592
1765594
1765833
1765938
1765976
1765986
1766191
1766364
1766365
1766394
1766443
1766499
1766735
1767031
1767080
1767115
1767178
1767251
1767316
1767351
1767826
1767841
1767883
1767972
1767980
1768031
1768098
1768231
1768253
1768272
1768618
1768730
1768781
1768789
1768842
1769018
1769686
1769707
1769718
1769762
1769820
1769833
1769895
1770121
1770197
1770377
1770384
1770451
1770470
1770490
1770604
1770664
1771035
1771299
1771425
1771530
1771855
1771920
1771929
1771947
1771987
1771995
1772068
1772234
1772353
1772362
1772419
1772646
1772732
1772763
1772826
1772956
1773357
1773453
1773696
1773787
1773798
1773829
1773918
1773972
1774030
1774121
1774126
1774321
1774332
1774602
1774620
1774654
1774723
1774780
1774851
1775009
1775137
1775141
1775170
1775187
1775417
1775451
1775596
1775723
1775732
1775864
1775878
1775970
1776371
1776683
1776762
1776806
1776813
1776819
1776844
1776997
1777148
1777189
1777268
1777352
1777408
1777425
1777484
1777514
1777693
1777740
1777974
1777996
1778260
1778349
1778484
1778628
1778653
1778698
1778830
1778831
1778926
1778958
1778969
1779117
1779122
1779128
1779211
1779430
1779438
1779471
1779587
1779739
1779775
1779788
1779844
1779914
1780018
1780070
1780140
1780199
1780440
1780624
1780701
1780708
1780721
1780784
1780794
1780797
1780806
1781090
1781235
1781236
1781520
1781570
1781656
1781920
1782008
1782036
1782174
1782240
1782245
1782299
1782340
1782409
1782534
1782690
1782724
1782754
1782908
1782960
1782984
1783026
1783182
1783322
1783376
1783377
1783429
1783481
1783625
1783741
1783795
1784075
1784130
1784291
1784418
1784677
1784687
1784722
1784867
1784872
1784961
1785008
1785333
1785496
1785696
1785816
1786032
1786227
1786433
1786519
1786533
1786624
1786711
1786714
1786730
1786778
1786813
1786825
1786829
1787000
1787104
1787240
1787389
1787412
1787454
1787619
1787660
1787774
1787856
1788000
1788037
1788050
1788127
1788399
1788473
1788576
1788712
1788883
1788887
1789048
1789153
1789319
1789386
1789444
1789557
1789595
1789616
1789722
1789826
1790007
1790068
1790109
1790321
1790376
1790557
1790728
1790803
1790944
1790965
1791247
1791388
1791498
1791501
1791527
1791623
1791784
1791795
1791829
1791836
1791888
1791996
1792016
1792047
1792149
1792210
1792316
1792478
1792789
1793165
1793203
1793275
1793330
1793419
1793433
1793473
1793531
1793657
1793920
1794062
1794146
1794318
1794329
1794464
1794775
1794972
1794973
1794985
1795304
1795351
1795436
1795493
1795639
1795773
1795831
1795904
1796372
1796382
1796593
1796790
1796929
1797045
1797242
1797417
1797741
1797798
1797820
1797925
1798033
1798420
1798425
1798447
1798497
1798702
1798768
1798770
1798898
1799037
1799061
1799207
1799250
1799454
1799526
1799602
1799657
1799714
1799735
1799866
1800113
1800138
1800152
1800207
1800234
1800324
1800328
1800340
1800381
1800463
1800556
1800602
1800699
1800724
1800732
1800930
1801004
1801009
1801284
1801393
1801474
1801556
1801596
1801677
1801704
1801741
1802007
1802012
1802598
1802919
1803055
1803150
1803504
1803555
1803593
1803818
1804035
1804079
1804175
1804359
1804422
1804437
1804441
1804570
1804695
1804788
1804841
1804998
1805145
1805480
1805706
1805752
1805789
1805879
1805880
1805931
1806001
1806098
1806246
1806388
1806437
1806534
1806613
1806615
1806645
1806899
1806962
1806969
1807057
1807059
1807085
1807179
1807199
1807244
1807500
1807542
1807886
1807941
1808017
1808226
1808492
1808524
1808681
1808702
1808845
1809013
1809042
1809150
1809193
1809280
1809433
1809507
1809598
1809620
1809995
1810073
1810097
1810115
1810118
1810186
1810366
1810533
1810766
1810795
1810841
1811081
1811104
1811200
1811268
1811409
1811486
1811543
1811826
1811849
1812155
1812397
1812402
1812500
1812549
1812634
1812838
1812912
1812997
1813033
1813090
1813201
1813292
1813335
1813379
1813536
1813579
1813647
1813661
1813726
1813869
1814326
1814364
1814375
1814396
1814422
1814489
1814501
1814536
1814695
1814912
1815275
1815313
1815365
1815459
1815531
1815678
1815951
1816051
1816075
1816190
1816213
1816232
1816312
1816330
1816351
1816375
1816401
1816754
1816832
1816858
1816998
1817100
1817210
1817450
1817526
1817649
1817807
1817821
1817940
1817985
1818208
1818223
1818226
1818330
1818426
1818519
1818648
1818709
1818909
1818966
1818992
1819033
1819210
1819229
1819231
1819419
1819435
1819449
1819495
1819517
1819990
1820047
1820061
1820133
1820313
1820331
1820380
1820443
1820507
1820652
1820696
1821134
1821251
1821278
1821368
1821467
1821492
1821623
1821738
1821785
1821800
1821813
1821886
1821887
1821929
1822036
1822134
1822264
1822354
1822394
1822490
1822522
1822529
1822536
1822745
1822767
1822894
1822926
1823005
1823145
1823193
1823249
1823345
1823357
1823444
1823571
1823608
1823639
1823712
1823832
1823960
1823977
1824150
1824188
1824247
1824352
1824421
1824527
1824719
1824869
1824966
1825080
1825181
1825223
1825249
1825278
1825429
1825913
1825939
1825960
1826001
1826041
1826251
1826456
1826481
1826506
1826668
1826851
1826929
1826937
1827004
1827155
1827234
1827284
1827371
1827639
1827647
1827770
1827938
1827939
1828026
1828112
1828119
1828195
1828254
1828493
1828511
1828541
1828585
1828607
1828633
1828641
1828848
1829195
1829255
1829267
1829284
1829286
1829304
1829336
1829453
1829465
1829530
1829594
1829673
1829839
1829843
1829950
1829999
1830224
1830242
1830303
1830662
1830679
1830893
1830950
1830959
1831100
1831118
1831180
1831292
1831400
1831458
1831561
1831569
1831615
1831631
1831670
1831744
1831873
1831912
1831981
1832058
1832176
1832214
1832347
1832456
1832531
1832646
1832653
1832763
1832894
1833043
1833184
1833303
1833500
1833675
1833676
1833728
1833755
1833889
1833890
1834041
1834089
1834110
1834164
1834223
1834304
1834309
1834316
1834317
1834338
1834450
1834484
1834628
1834890
1834970
1834978
1835034
1835068
1835082
1835120
1835261
1835276
1835297
1835318
1835372
1835501
1835527
1835556
1835632
1835703
1835906
1835910
1835980
1835996
1836043
1836101
1836258
1836292
1836389
1836402
1836424
1836580
1836810
1836960
1837032
1837142
1837204
1837477
1837593
1837896
1837923
1838086
1838148
1838194
1838347
1838429
1838552
1838559
1838590
1838599
1838644
1838673
1838737
1838894
1838984
1839253
1839590
1839731
1839815
1839865
1840147
1840346
1840570
1840747
1840910
1840932
1840941
1841151
1841363
1841435
1841504
1841519
1841555
1841633
1841657
1841683
1841729
1841744
1841909
1842000
1842028
1842087
1842234
1842355
1842400
1842608
1842707
1842783
1842807
1843061
1843192
1843287
1843310
1843424
1843426
1843637
1843678
1843757
1844011
1844048
1844182
1844208
1844485
1844508
1844511
1844517
1844719
1844779
1844836
1844863
1844956
1845073
1845098
1845426
1845449
1845507
1845563
1845569
1845579
1845788
1845965
1846232
1846275
1846373
1846393
1846399
1846491
1846519
1846572
1846618
1846644
1846785
1847067
1847081
1847089
1847126
1847200
1847331
1847670
1848176
1848319
1848356
1848405
1848470
1848521
1848596
1848835
1849003
1849032
1849041
1849213
1849315
1849351
1849379
1849435
1849660
1849690
1849743
1849854
1849889
1849995
1850107
1850485
1850646
1850676
1850683
1850706
1850825
1850974
1850996
1851020
1851049
1851085
1851164
1851274
1851298
1851355
1851695
1851949
1852000
1852002
1852329
1852336
1852392
1852401
1852416
1852426
1852456
1852640
1852713
1852716
1852838
1852957
1853180
1853244
1853283
1853298
1853317
1853483
1853622
1853711
1853731
1853763
1853863
1854022
1854037
1854140
1854241
1854378
1854411
1854441
1854493
1854587
1854621
1854647
1854658
1854668
1854903
1854964
1855009
1855136
1855179
1855402
1855443
1855529
1855530
1855588
1855685
1855851
1855937
1856140
1856176
1856315
1856363
1856597
1856653
1856694
1856785
1856826
1856909
1856912
1857034
1857176
1857189
1857365
1857422
1857446
1857695
1857743
1857787
1857870
1858096
1858111
1858163
1858239
1858324
1858351
1858430
1858504
1858615
1858890
1858979
1859068
1859072
1859257
1859339
1859466
1859472
1859721
1859783
1859885
1860057
1860241
1860248
1860276
1860330
1860547
1860649
1860674
1860726
1860788
1860844
1860879
1861008
1861012
1861083
1861105
1861221
1861283
1861299
1861320
1861570
1861627
1861653
1861907
1862188
1862273
1862301
1862327
1862332
1862361
1862539
1862622
1862702
1862768
1862860
1862944
1862950
1862992
1863099
1863333
1863359
1863589
1863623
1863677
1863739
1864147
1864327
1864354
1864465
1864705
1864753
1864758
1864942
1865048
1865178
1865347
1865398
1865454
1865466
1865506
1865675
1865723
1865799
1865825
1865867
1866170
1866235
1866288
1866294
1866459
1866577
1866626
1866632
1866833
1866835
1866907
1867041
1867462
1867731
1867828
1867939
1867945
1868024
1868169
1868217
1868246
1868502
1868672
1868719
1868844
1868890
1868940
1868961
1868962
1869075
1869125
1869158
1869165
1869209
1869344
1869371
1869403
1869423
1869581
1869607
1869610
1869629
1869639
1869746
1869806
1869918
1870073
1870128
1870146
1870246
1870320
1870386
1870557
1870578
1870635
1870636
1870770
1870792
1870828
1870933
1870964
1871168
1871199
1871256
1871317
1871575
1871580
1871610
1871729
1871765
1871912
1872130
1872193
1872212
1872364
1872374
1872395
1872440
1872627
1872967
1873293
1873392
1873484
1873514
1873546
1873615
1874001
1874003
1874151
1874162
1874199
1874264
1874272
1874290
1874371
1874382
1874457
1874520
1874547
1874568
1874596
1874745
1874785
1874844
1874924
1874940
1874943
1875245
1875264
1875278
1875308
1875548
1875635
1875832
1875846
1875892
1875924
1875950
1876120
1876211
1876285
1876389
1876502
1876753
1876798
1876877
1876912
1876923
1877032
1877126
1877248
1877337
1877346
1877463
1877533
1877671
1877676
1877826
1877866
1877872
1877910
1878015
1878021
1878087
1878089
1878157
1878295
1878442
1878451
1878588
1878710
1878751
1878951
1879012
1879331
1879369
1879557
1879568
1879657
1879763
1879815
1879822
1879851
1879955
1880071
1880198
1880217
1880420
1880537
1880564
1880569
1880724
1880762
1880835
1880875
1881195
1881260
1881288
1881617
1881705
1881811
1881930
1882045
1882197
1882505
1882628
1882637
1882766
1882805
1882966
1883082
1883249
1883394
1883410
1883503
1883537
1883539
1883610
1883679
1883700
1884111
1884125
1884174
1884230
1884509
1884544
1884732
1884751
1884852
1884859
1884894
1884942
1884957
1884982
1885068
1885103
1885221
1885372
1885378
1885392
1885590
1885657
1885731
1885767
1885872
1885923
1886059
1886060
1886201
1886289
1886306
1886373
1886556
1886735
1887138
1887165
1887272
1887338
1887511
1887685
1887708
1887776
1887901
1887932
1887949
1888119
1888122
1888218
1888267
1888327
1888479
1888694
1888957
1888992
1889177
1889216
1889292
1889360
1889488
1889738
1889948
1889985
1889996
1890265
1890465
1890502
1890668
1890684
1890815
1890899
1890987
1891270
1891354
1891430
1891459
1891527
1891536
1891659
1891677
1891813
1891855
1891929
1892145
1892147
1892532
1892650
1892691
1892728
1892849
1892886
1893001
1893094
1893183
1893202
1893229
1893238
1893342
1893363
1893527
1893551
1893563
1893594
1893712
1893796
1894117
1894397
1894440
1894446
1894450
1894486
1894574
1894703
1894773
1895001
1895008
1895016
1895085
1895136
1895708
1895763
1895858
1895871
1895899
1896004
1896121
1896200
1896269
1896315
1896550
1896630
1896976
1897131
1897146
1897147
1897197
1897538
1897553
1897623
1898070
1898101
1898190
1898460
1898579
1898694
1898733
1898750
1898753
1898854
1898855
1898863
1898956
1899137
1899169
1899192
1899245
1899331
1899451
1899476
1899581
1899651
1899769
1899799
1899812
1899889
1899976
1900063
1900088
1900111
1900264
1900539
1900606
1900673
1900762
1900830
1900892
1900957
1901025
1901084
1901103
1901222
1901252
1901319
1901399
1901452
1901506
1901609
1901684
1901834
1901909
1901911
1901926
1902007
1902157
1902206
1902211
1902502
1902532
1902783
1902802
1902914
1902973
1903027
1903145
1903161
1903206
1903263
1903279
1903325
1903447
1903642
1903681
1903702
1904065
1904070
1904121
1904268
1904430
1904487
1904546
1904691
1904706
1904954
1905186
1905289
1905340
1905350
1905715
1905802
1905849
1905850
1905888
1905913
1906090
1906102
1906107
1906144
1906209
1906231
1906258
1906275
1906379
1906460
1906506
1906537
1906578
1906787
1906829
1906976
1907015
1907201
1907293
1907302
1907324
1907420
1907711
1907773
1907809
1907814
1907822
1907869
1908103
1908189
1908241
1908346
1908412
1908845
1909082
1909174
1909220
1909276
1909352
1909378
1909397
1909646
1909656
1909665
1909739
1909761
1909933
1910216
1910409
1910464
1910602
1910756
1910759
1910956
1910985
1911029
1911171
1911198
1911347
1911550
1911585
1911648
1911689
1911705
1911742
1911774
1911843
1911879
1912005
1912181
1912310
1912408
1912496
1912552
1912602
1912658
1912725
1912848
1912981
1912987
1913121
1913132
1913158
1913181
1913354
1913620
1913627
1913726
1913871
1913947
1914038
1914111
1914207
1914331
1914376
1914387
1914653
1914758
1914797
1915081
1915177
1915182
1915184
1915332
1915356
1915361
1915755
1915908
1915911
1916048
1916194
1916439
1916471
1916522
1916526
1916538
1916764
1916873
1916987
1917046
1917208
1917213
1917242
1917482
1917781
1917782
1917933
1918052
1918155
1918246
1918314
1918319
1918388
1918400
1918524
1918561
1918730
1918748
1918992
1919017
1919125
1919289
1919308
1919511
1919860
1919904
1919906
1919957
1920079
1920125
1920135
1920207
1920231
1920244
1920251
1920365
1920375
1920467
1920579
1920661
1920673
1920724
1920766
1920840
1920910
1920948
1921028
1921044
1921067
1921179
1921343
1921444
1921485
1921511
1921513
1921691
1921729
1921865
1922082
1922186
1922237
1922286
1922379
1922555
1922571
1922669
1922732
1922891
1923023
1923171
1923240
1923265
1923283
1923284
1923359
1923408
1923557
1923576
1923594
1923676
1923877
1923919
1923931
1924000
1924038
1924199
1924220
1924429
1924541
1924661
1924680
1924694
1924790
1924903
1924920
1924927
1925144
1925373
1925380
1925534
1925539
1925581
1925696
1925806
1925807
1925866
1926012
1926076
1926311
1926464
1926588
1926734
1926766
1926898
1926988
1927001
1927015
1927135
1927176
1927226
1927242
1927317
1927433
1927452
1927474
1927475
1927580
1927850
1928073
1928079
1928148
1928239
1928283
1928459
1928606
1928706
1928827
1928954
1928967
1929131
1929442
1929502
1929526
1929528
1929569
1929723
1929724
1929732
1929853
1929999
1930054
1930083
1930401
1930467
1930531
1930608
1930819
1930876
1931014
1931041
1931058
1931082
1931129
1931369
1931379
1931478
1931666
1931990
1932173
1932211
1932346
1932472
1932521
1932555
1932732
1932779
1932785
1932807
1932890
1932928
1933156
1933229
1933397
1933448
1933545
1933634
1933719
1933831
1933866
1933883
1934004
1934012
1934268
1934451
1934483
1934506
1934675
1934681
1934889
1934909
1934998
1935040
1935241
1935313
1935335
1935369
1935454
1935645
1935652
1935745
1935788
1935812
1935854
1935981
1936013
1936112
1936125
1936195
1936382
1936715
1936889
1936925
1937058
1937126
1937199
1937209
1937367
1937371
1937626
1937798
1937882
1937966
1937987
1938022
1938026
1938418
1938662
1938760
1938769
1938799
1938844
1939251
1939314
1939345
1939370
1939396
1939474
1939499
1939540
1939641
1939802
1939899
1939966
1940089
1940317
1940342
1940430
1940438
1940704
1940725
1941010
1941060
1941232
1941240
1941459
1941482
1941625
1941797
1941937
1942386
1942415
1942432
1942522
1942565
1942583
1942670
1942843
1942865
1942922
1942925
1942994
1943076
1943100
1943191
1943309
1943457
1943549
1943726
1943740
1943758
1944255
1944327
1944404
1944452
1944552
1944642
1944808
1944833
1944888
1945062
1945098
1945134
1945137
1945204
1945437
1945598
1945603
1945782
1945828
1945851
1945885
1946010
1946087
1946164
1946204
1946364
1946429
1946502
1946756
1946761
1946930
1947059
1947075
1947196
1947378
1947446
1947487
1947554
1947848
1948007
1948063
1948098
1948111
1948127
1948133
1948175
1948177
1948238
1948257
1948450
1948481
1948993
1949498
1949530
1949621
1949713
1949973
1950093
1950411
1950613
1950766
1950906
1950913
1950931
1950937
1951015
1951110
1951139
1951213
1951239
1951371
1951413
1951447
1951560
1951571
1951591
1951669
1951873
1952186
1952207
1952244
1952331
1952347
1952360
1952465
1952548
1952558
1952559
1952661
1953044
1953122
1953128
1953266
1953395
1953402
1953709
1954030
1954146
1954221
1954256
1954607
1954619
1954642
1954693
1954806
1954948
1954969
1955065
1955077
1955251
1955320
1955405
1955493
1955632
1955664
1955907
1955943
1956016
1956184
1956700
1956792
1956864
1956968
1956995
1957027
1957034
1957058
1957099
1957123
1957316
1957343
1957344
1957350
1957351
1957372
1957380
1957402
1957415
1957587
1957601
1957781
1957992
1958150
1958274
1958356
1958442
1958505
1958509
1958641
1958662
1958753
1958837
1958932
1959192
1959318
1959337
1959679
1959758
1959775
1959804
1959984
1959994
1959997
1960056
1960108
1960117
1960133
1960230
1960233
1960235
1960483
1960520
1960785
1961147
1961382
1961643
1961656
1961950
1961998
1962068
1962126
1962154
1962178
1962732
1962809
1962902
1962931
1962965
1963023
1963042
1963061
1963245
1963271
1963360
1963395
1963417
1963455
1963586
1963933
1963969
1964146
1964531
1964562
1964719
1964757
1964780
1964805
1964818
1964881
1965116
1965491
1965494
1965531
1965545
1965758
1965872
1965991
1966012
1966070
1966260
1966292
1966310
1966320
1966372
1966477
1966513
1967125
1967331
1967428
1967436
1967441
1967557
1967668
1967959
1967964
1968108
1968232
1968246
1968251
1968369
1968459
1968561
1968852
1968860
1968862
1969058
1969106
1969113
1969214
1969387
1969418
1969491
1969594
1969841
1969885
1969902
1969946
1970042
1970055
1970336
1970542
1970692
1970707
1970723
1970812
1970818
1970911
1970917
1970998
1971055
1971100
1971252
1971585
1971914
1971918
1972053
1972117
1972147
1972397
1972476
1972643
1972754
1973111
1973210
1973222
1973270
1973369
1973391
1973413
1973495
1973689
1973836
1973914
1974017
1974055
1974065
1974107
1974218
1974555
1974754
1974767
1974775
1974994
1975136
1975273
1975278
1975323
1975853
1975856
1975879
1975891
1976052
1976091
1976201
1976229
1976276
1976401
1976442
1976474
1977218
1977305
1977329
1977421
1977448
1977486
1977573
1978141
1978230
1978294
1978416
1978423
1978429
1978451
1978578
1979047
1979050
1979157
1979215
1979390
1979519
1979592
1979763
1979777
1980253
1980266
1980354
1980389
1980729
1980767
1980815
1980913
1980988
1981001
1981200
1981270
1981306
1981332
1981464
1981532
1981550
1981665
1981789
1982047
1982202
1982242
1982382
1982394
1982437
1982538
1982587
1982626
1982792
1983031
1983117
1983134
1983223
1983271
1983400
1983592
1983771
1983796
1983958
1984515
1984522
1984525
1984536
1984575
1984591
1984655
1984724
1984891
1985043
1985181
1985456
1985529
1985957
1985996
1986156
1986296
1986388
1986443
1986515
1986528
1986549
1986557
1986608
1986903
1986906
1986942
1987012
1987053
1987102
1987355
1987409
1987456
1987539
1987918
1988236
1988778
1988785
1989013
1989028
1989152
1989202
1989210
1989245
1989252
1989330
1989496
1989745
1990098
1990268
1990517
1990644
1990674
1990709
1990783
1990798
1990820
1990850
1991215
1991237
1991263
1991354
1991457
1991670
1991684
1991718
1991784
1991831
1992090
1992263
1992382
1992399
1992559
1992578
1992595
1992614
1992747
1992952
1993163
1993243
1993286
1993292
1993385
1993504
1993649
1993653
1993673
1993715
1994394
1994644
1994661
1994686
1994748
1994814
1994818
1994867
1994890
1994909
1994934
1995522
1995622
1996145
1996217
1996524
1996686
1996773
1996975
1996986
1997135
1997835
1997848
1997871
1998003
1998117
1998201
1998226
1998302
1998610
1998661
1998681
1998785
1999021
1999099
1999322
1999354
1999419
1999741
1999863
1999886
2000011
2000016
2000097
2000445
2000478
2000931
2000978
2000987
2001035
2001111
2001173
2001309
2001357
2001500
2001547
2001574
2001575
2001588
2001602
2001702
2001814
2001916
2001965
2001998
2002001
2002069
2002071
2002115
2002140
2002241
2002309
2002314
2002970
2003088
2003099
2003408
2003554
2003556
2003629
2003678
2003691
2003794
2003899
2003911
2003963
2004086
2004094
2004163
2004232
2004251
2004328
2004554
2004634
2004699
2004793
2004957
2005058
2005360
2005414
2005520
2005635
2005826
2006085
2006094
2006193
2006202
2006208
2006293
2006332
2006343
2006589
2006651
2006657
2006747
2007049
2007237
2007295
2007352
2007419
2007531
2007565
2007580
2007654
2007851
2007904
2008167
2008272
2008288
2008368
2008390
2008428
2008445
2008475
2008580
2008617
2008644
2008743
2009010
2009054
2009078
2009139
2009230
2009238
2009260
2009434
2009444
2009708
2009810
2009985
2010379
2010428
2010750
2010786
2010809
2010895
2010934
2011113
2011251
2011275
2011298
2011307
2011328
2011762
2011882
2012194
2012351
2012439
2012490
2012567
2012578
2012676
2012730
2012831
2012928
2012995
2013014
2013124
2013202
2013391
2013410
2013642
2013645
2013715
2013793
2013814
2013933
2014012
2014073
2014158
2014174
2014204
2014329
2014466
2014517
2014535
2014610
2014684
2014827
2014881
2015121
2015173
2015395
2015410
2015467
2015689
2015798
2015996
2016063
2016083
2016112
2016254
2016333
2016363
2016412
2016627
2016680
2016697
2016703
2016843
2017006
2017223
2017372
2017555
2017617
2017644
2017796
2017878
2017971
2017975
2018118
2018189
2018209
2018220
2018229
2018401
2018511
2018650
2018841
2018974
2018991
2019044
2019110
2019145
2019153
2019232
2019254
2019287
2019325
2019460
2019603
2019605
2019659
2019773
2020253
2020255
2020509
2020578
2020717
2020737
2020774
2020835
2020845
2020904
2021311
2021329
2021390
2021510
2021770
2021788
2021869
2021913
2021927
2021945
2022124
2022216
2022288
2022490
2022702
2023110
2023158
2023240
2023365
2023406
2023535
2023612
2023669
2023928
2023972
2023983
2024263
2024339
2024686
2024893
2024947
2025111
2025741
2025829
2025897
2025899
2025940
2026071
2026143
2026183
2026415
2026650
2026733
2026741
2026769
2026922
2026990
2027010
2027096
2027100
2027138
2027169
2027364
2027392
2027438
2027512
2027592
2027727
2027799
2028009
2028039
2028042
2028319
2028391
2028406
2028549
2028597
2028825
2029015
2029021
2029107
2029148
2029295
2029469
2029598
2029826
2029954
2030162
2030179
2030440
2030475
2030490
2030705
2030709
2030717
2030938
2031112
2031113
2031122
2031158
2031246
2031336
2031441
2031516
2031609
2031702
2031725
2031760
2031816
2031956
2031965
2031967
2032116
2032230
2032381
2032459
2032500
2032543
2032682
2032919
2032943
2032987
2033035
2033038
2033126
2033159
2033414
2033482
2033543
2033733
2033821
2034000
2034422
2034507
2034641
2034709
2034793
2034807
2034882
2035005
2035039
2035087
2035343
2035527
2035832
2035847
2035914
2036071
2036113
2036158
2036192
2036286
2036389
2036574
2036882
2037063
2037111
2037177
2037283
2037291
2037581
2037608
2037702
2037713
2037757
2038136
2038222
2038225
2038313
2038396
2038418
2038441
2038571
2038576
2038682
2038710
2038779
2038787
2038801
2038948
2038981
2039031
2039034
2039162
2039178
2039251
2039327
2039334
2039381
2039496
2039511
2039698
2039829
2039898
2040064
2040213
2040328
2040782
2040784
2040794
2041063
2041184
2041197
2041263
2041448
2041478
2041498
2041569
2041779
2041873
2042034
2042043
2042094
2042192
2042332
2042634
2042833
2042947
2043144
2043327
2043370
2043446
2043483
2043516
2043600
2043645
2043738
2043838
2043899
2043931
2044038
2044183
2044290
2044345
2044520
2044728
2044956
2045096
2045130
2045349
2045426
2045445
2045453
2045514
2045575
2045589
2045644
2045677
2045686
2045946
2045980
2046159
2046212
2046242
2046486
2046487
2046513
2046588
2046746
2046777
2046974
2046985
2047093
2047196
2047275
2047429
2047455
2047493
2047514
2047765
2047829
2047902
2047952
2048009
2048169
2048205
2048266
2048401
2048545
2048550
2048636
2048694
2048707
2048796
2048897
2048956
2049002
2049018
2049077
2049089
2049121
2049381
2049473
2049502
2049531
2049596
2049636
2049682
2049768
2049775
2049778
2049794
2049836
2049864
2049921
2049977
2050022
2050125
2050137
2050155
2050283
2050498
2050553
2050660
2050805
2050903
2050912
2050960
2051000
2051017
2051293
2051345
2051347
2051391
2051451
2051476
2051546
2051693
2051758
2051920
2052123
2052169
2052205
2052224
2052289
2052389
2052711
2052748
2052859
2052861
2053003
2053137
2053238
2053509
2053584
2053587
2053588
2053704
2053747
2053756
2053839
2053850
2053887
2054063
2054138
2054223
2054247
2054299
2054371
2054389
2054419
2054460
2054486
2054873
2055063
2055072
2055116
2055170
2055236
2055386
2055390
2055396
2055481
2055615
2055810
2055986
2056146
2056283
2056367
2056661
2056810
2057149
2057410
2057557
2057618
2057695
2057696
2057762
2057865
2057889
2057939
2057945
2058141
2058342
2058494
2058501
2058597
2058652
2058726
2058746
2058757
2058825
2058844
2058867
2058887
2058898
2059022
2059040
2059224
2059352
2059589
2059697
2059763
2059774
2059779
2059865
2060126
2060137
2060153
2060234
2060438
2060470
2060560
2060565
2060636
2060667
2060728
2060812
2061033
2061249
2061320
2061779
2061798
2061954
2061971
2062039
2062335
2062352
2062415
2062417
2062420
2062448
2062660
2062667
2062765
2062927
2062956
2063056
2063088
2063123
2063149
2063216
2063264
2063540
2063572
2063586
2063621
2063746
2063834
2063902
2063993
2064008
2064017
2064144
2064279
2064333
2064431
2064660
2064731
2064907
2065013
2065156
2065437
2065448
2065818
2065827
2066054
2066112
2066125
2066194
2066365
2066372
2066378
2066428
2066546
2066563
2066842
2066998
2067023
2067256
2067302
2067384
2067412
2067675
2067684
2067719
2067724
2067753
2067851
2067871
2067983
2068118
2068187
2068306
2068476
2068583
2068626
2069109
2069208
2069225
2069356
2069520
2069551
2069645
2069925
2069948
2070193
2070394
2070470
2070549
2070580
2070682
2070696
2070742
2070765
2070857
2070925
2070943
2070944
2070991
2071121
2071139
2071313
2071383
2071448
2071515
2071602
2071645
2071786
2071823
2071913
2072273
2072344
2072355
2072449
2072455
2072525
2072570
2072770
2072779
2072856
2072857
2072891
2073171
2073178
2073188
2073287
2073318
2073447
2073458
2073854
2074019
2074095
2074103
2074169
2074175
2074211
2074224
2074454
2074591
2074689
2074726
2074744
2074964
2075023
2075151
2075193
2075231
2075297
2075498
2075788
2075858
2075907
2076145
2076237
2076267
2076283
2076430
2076757
2076810
2076870
2077092
2077163
2077189
2077258
2077358
2077442
2077465
2077659
2077751
2077820
2077845
2077929
2078116
2078149
2078369
2078389
2078491
2078500
2078946
2079019
2079059
2079066
2079089
2079178
2079248
2079340
2079497
2079580
2079634
2079778
2079816
2079902
2080009
2080222
2080410
2080630
2080639
2080725
2080768
2080822
2080850
2081117
2081267
2081299
2081301
2081421
2081560
2081584
2081622
2082203
2082237
2082241
2082325
2082635
2082642
2082740
2082901
2082934
2082935
2083056
2083110
2083160
2083222
2083240
2083468
2083485
2083564
2083589
2083651
2083735
2083762
2083995
2084338
2084407
2084488
2084503
2084680
2084800
2084860
2085073
2085354
2085636
2085770
2085775
2085984
2086415
2086493
2086496
2086754
2086813
2087143
2087177
2087218
2087341
2087423
2087440
2087647
2087702
2088138
2088162
2088342
2088582
2088602
2088617
2088687
2088690
2088858
2088877
2088922
2088936
2089031
2089179
2089282
2089293
2089427
2089445
2089679
2089991
2090129
2090523
2090529
2090548
2090561
2090606
2090630
2090709
2090764
2090823
2090848
2090929
2091198
2091273
2091502
2091627
2091812
2091920
2092156
2092182
2092198
2092318
2092382
2092445
2092828
2092861
2092933
2092985
2092998
2093041
2093062
2093106
2093205
2093209
2093263
2093321
2093416
2093681
2093723
2093768
2093817
2093867
2093913
2093921
2093954
2094172
2094233
2094293
2094306
2094426
2094532
2094661
2094741
2094880
2094890
2095001
2095094
2095301
2095706
2095804
2095934
2095938
2096085
2096237
2096383
2096516
2096648
2096741
2096745
2096792
2096924
2097010
2097013
2097072
2097081
2097210
2097230
2097273
2097335
2097348
2097386
2097472
2097490
2097492
2097513
2097576
2097712
2097845
2097874
2097986
2098179
2098505
2098661
2098804
2098829
2098843
2099020
2099231
2099467
2099651
2099848
2099926
2100176
2100254
2100259
2100265
2100343
2100492
2100509
2100531
2100719
2100731
2100822
2100824
2100827
2100836
2100994
2101051
2101114
2101244
2101407
2101436
2101451
2101490
2101491
2101504
2101589
2101634
2101748
2101898
2101906
2101920
2102053
2102213
2102232
2102234
2102377
2102750
2102829
2102906
2103016
2103058
2103280
2103337
2103461
2103486
2103583
2103603
2103904
2103910
2103951
2104315
2104358
2104507
2104692
2104788
2104799
2104995
2105148
2105186
2105221
2105246
2105597
2105598
2105604
2105667
2105853
2105941
2105986
2106414
2106417
2106435
2106533
2106813
2106847
2107066
2107177
2107264
2107284
2107359
2107465
2107505
2107557
2107602
2107746
2107897
2107935
2107972
2108069
2108219
2108222
2108262
2108312
2108514
2108536
2108661
2108815
2108958
2108963
2109077
2109082
2109249
2109260
2109277
2109408
2109744
2110026
2110094
2110205
2110208
2110524
2110569
2110761
2110774
2110863
2110865
2110944
2110946
2111031
2111066
2111220
2111234
2111251
2111357
2111469
2111544
2111676
2111806
2111808
2111894
2112030
2112146
2112148
2112161
2112340
2112390
2112406
2112588
2112605
2112652
2112872
2112884
2113050
2113081
2113145
2113181
2113252
2113359
2113461
2113465
2113482
2113486
2113609
2113663
2113764
2113899
2113917
2114060
2114085
2114141
2114148
2114238
2114240
2114244
2114274
2114335
2114362
2114373
2114494
2114933
2115026
2115068
2115121
2115567
2115610
2115671
2115711
2115775
2116026
2116038
2116175
2116258
2116322
2116337
2116446
2116449
2116635
2116791
2116921
2116933
2116999
2117036
2117053
2117211
2117427
2117651
2117708
2117783
2117816
2117881
2118003
2118058
2118116
2118119
2118184
2118205
2118236
2118303
2118446
2118501
2118815
2118868
2118915
2118941
2119025
2119088
2119191
2119244
2119261
2119417
2119430
2119540
2119561
2120324
2120377
2120422
2120479
2121023
2121036
2121128
2121162
2121170
2121232
2121266
2121294
2121323
2121382
2121504
2121505
2121624
2121635
2121658
2121675
2121682
2121782
2121870
2121954
2122144
2122170
2122226
2122569
2122926
2122977
2123042
2123110
2123575
2123650
2123705
2123722
2123813
2124138
2124156
2124206
2124325
2124377
2124389
2124521
2124679
2124701
2125140
2125156
2125185
2125198
2125204
2125234
2125387
2125553
2125562
2125936
2126096
2126468
2126493
2126544
2126764
2126856
2126918
2127100
2127184
2127560
2127573
2127599
2127745
2127896
2127913
2128131
2128152
2128503
2128911
2128960
2128977
2129319
2129368
2129371
2129652
2129666
2129769
2129909
2129935
2129992
2130061
2130102
2130182
2130226
2130310
2130363
2130369
2130580
2130657
2130704
2130764
2130811
2130871
2130899
2131352
2131373
2131423
2131442
2131559
2131575
2131829
2131961
2132106
2132307
2132341
2132521
2132685
2132779
2132782
2133195
2133374
2133403
2133783
2133891
2133969
2133998
2134122
2134189
2134389
2134444
2134455
2134518
2134758
2134762
2134869
2134961
2135134
2135327
2135419
2135631
2135660
2135853
2135959
2136092
2136157
2136187
2136324
2136448
2136656
2136687
2136765
2136774
2136835
2136847
2136993
2137060
2137117
2137157
2137200
2137293
2137671
2137690
2137717
2137798
2137906
2137975
2138050
2138328
2138516
2138572
2138582
2138701
2138711
2138840
2138918
2138947
2139075
2139158
2139169
2139622
2139984
2139996
2140290
2140468
2140529
2140560
2140971
2140984
2141021
2141092
2141133
2141259
2141403
2141615
2141628
2141829
2141996
2142060
2142076
2142077
2142159
2142252
2142294
2142411
2142455
2142462
2142660
2142778
2142954
2143000
2143012
2143086
2143136
2143193
2143422
2143468
2143503
2143624
2143660
2143793
2143879
2143900
2143956
2143969
2144058
2144139
2144199
2144254
2144399
2144417
2144730
2144780
2144820
2144841
2144877
2144923
2144943
2144951
2145102
2145125
2145219
2145461
2145463
2145797
2145836
2145878
2146030
2146073
2146320
2146500
2146549
2146862
2146977
2147011
2147128
2147208
2147252
2147314
2147438
2147474
2147503
2147626
2147632
2147644
2147718
2147739
2147824
2147900
2147959
2148044
2148071
2148212
2148320
2148331
2148350
2148502
2148532
2148596
2148937
2148997
2149159
2149173
2149222
2149277
2149310
2149318
2149359
2149732
2149813
2149868
2149884
2149950
2150177
2150360
2150476
2150565
2150586
2150608
2150686
2150825
2150919
2151036
2151093
2151096
2151437
2151460
2151462
2151468
2151508
2151847
2152002
2152134
2152377
2152398
2152429
2152521
2152737
2152940
2152971
2153141
2153151
2153212
2153234
2153533
2153577
2153592
2153702
2153724
2153778
2153942
2153959
2154141
2154154
2154343
2154357
2154422
2154437
2154445
2154839
2154913
2155003
2155179
2155182
2155360
2155513
2155585
2155632
2155648
2155989
2156363
2156505
2156601
2156903
2157050
2157122
2157308
2157463
2157577
2157620
2157645
2157701
2157950
2158029
2158040
2158070
2158084
2158143
2158481
2158517
2158791
2158995
2159023
2159117
2159513
2159552
2159556
2159601
2159641
2159736
2160046
2160190
2160217
2160246
2160412
2160561
2160622
2160632
2160678
2160679
2161002
2161111
2161316
2161505
2161538
2161568
2161579
2161678
2161786
2161881
2162174
2162257
2162260
2162449
2162627
2162684
2162829
2163170
2163193
2163325
2163351
2163509
2163633
2163641
2163686
2163703
2163851
2163884
2163902
2163960
2164221
2164316
2164330
2164614
2164634
2164790
2164901
2165021
2165396
2165518
2165711
2166168
2166230
2166392
2166621
2166638
2166724
2166770
2166797
2166888
2166905
2166987
2167154
2167174
2167217
2167253
2167352
2167378
2167744
2167938
2167982
2168040
2168043
2168401
2168429
2168471
2168511
2168563
2168564
2168673
2168678
2168686
2168707
2168861
2168887
2168897
2169074
2169128
2169204
2169289
2169292
2169312
2169324
2169375
2169525
2169664
2169850
2169953
2169999
2170020
2170021
2170219
2170256
2170376
2170406
2170616
2170649
2170722
2170808
2170840
2170866
2171062
2171222
2171284
2171318
2171393
2171496
2171754
2171941
2171983
2171995
2172042
2172063
2172152
2172172
2172388
2172649
2172701
2172720
2172910
2172925
2173026
2173045
2173087
2173109
2173247
2173382
2173717
2173777
2173843
2173896
2174030
2174523
2174542
2174628
2174692
2174721
2174736
2174839
2174938
2175011
2175023
2175044
2175047
2175104
2175127
2175177
2175212
2175271
2175372
2175448
2175472
2175617
2175645
2175712
2175912
2175952
2176071
2176222
2176277
2176313
2176419
2176895
2177002
2177060
2177288
2177306
2177311
2177525
2177552
2177573
2177575
2177872
2177942
2178089
2178220
2178229
2178359
2178362
2178374
2178447
2178736
2178950
2179072
2179129
2179169
2179285
2179296
2179345
2179356
2179369
2179652
2179787
2180065
2180100
2180165
2180194
2180392
2180395
2180461
2180529
2180536
2180665
2180938
2180942
2181329
2181333
2181343
2181377
2181511
2181521
2181591
2181610
2181678
2181681
2181731
2181757
2181792
2181935
2182074
2182079
2182558
2182599
2182832
2182836
2182896
2183085
2183170
2183318
2183588
2183606
2183659
2183809
2184148
2184253
2184284
2184335
2184518
2184533
2184579
2184749
2184792
2184802
2184918
2184940
2184999
2185049
2185377
2185403
2185625
2185663
2185856
2185923
2185998
2186237
2186245
2186300
2186306
2186373
2186597
2186624
2186810
2186812
2187036
2187129
2187138
2187188
2187281
2187283
2187333
2187535
2187723
2187753
2187799
2187987
2188151
2188266
2188376
2188444
2188552
2188609
2188648
2188721
2188768
2189115
2189132
2189163
2189185
2189370
2189418
2189545
2189739
2189762
2189773
2189782
2189822
2189892
2189995
2190011
2190065
2190219
2190239
2190241
2190293
2190360
2190449
2190498
2190538
2190540
2190641
2190673
2190765
2190934
2190977
2191118
2191120
2191170
2191837
2192045
2192098
2192199
2192399
2192416
2192513
2192567
2193039
2193139
2193213
2193572
2193683
2193693
2194032
2194197
2194272
2194513
2194538
2194542
2194581
2194724
2194760
2194880
2194919
2195010
2195442
2195588
2195788
2195971
2196031
2196291
2196297
2196394
2196665
2196744
2196793
2196815
2196856
2196917
2196921
2197074
2197098
2197161
2197203
2197355
2197380
2197390
2197395
2197483
2197495
2197501
2197591
2197696
2197834
2197929
2197932
2197937
2198034
2198035
2198137
2198231
2198361
2198383
2198539
2198601
2198654
2198879
2199138
2199353
2199488
2199508
2199557
2199576
2199609
2199626
2199656
2199691
2199762
2199851
2199916
2200029
2200339
2200551
2200710
2200732
2200749
2200926
2200968
2201088
2201101
2201119
2201253
2201301
2201396
2201440
2201493
2201515
2201938
2201988
2202004
2202043
2202084
2202188
2202256
2202262
2202405
2202486
2202563
2202605
2202851
2202866
2202931
2203009
2203245
2203274
2203296
2203447
2203507
2203542
2203779
2203808
2204053
2204210
2204218
2204434
2204507
2204647
2204668
2204864
2205002
2205049
2205106
2205116
2205276
2205313
2205393
2205399
2205474
2205481
2205590
2205591
2205599
2205641
2205686
2205774
2205827
2205880
2205971
2206023
2206062
2206083
2206133
2206228
2206780
2206934
2206972
2207011
2207119
2207294
2207455
2207471
2207682
2207730
2207849
2207854
2207965
2208037
2208095
2208165
2208393
2208416
2208659
2208719
2208848
2208936
2209249
2209396
2209848
2209866
2209949
2210022
2210126
2210160
2210278
2210333
2210344
2210382
2210494
2210754
2210793
2210990
2211113
2211209
2211252
2211275
2211301
2211579
2211721
2211938
2211939
2211957
2211975
2211994
2212048
2212079
2212145
2212270
2212336
2212374
2212580
2212586
2212638
2212763
2212893
2212920
2212923
2212959
2212988
2213001
2213018
2213179
2213244
2213461
2213506
2213563
2213823
2213923
2213975
2214222
2214429
2214604
2214810
2215000
2215031
2215118
2215199
2215284
2215364
2215369
2215510
2215718
2215768
2215866
2215897
2215916
2215947
2215999
2216026
2216225
2216382
2216419
2216553
2216581
2216791
2216859
2216886
2216948
2217138
2217241
2217245
2217263
2217457
2217506
2217528
2217632
2217749
2217806
2217832
2217861
2218069
2218241
2218398
2218432
2218503
2218530
2218650
2218705
2218768
2218930
2218938
2219018
2219118
2219149
2219213
2219248
2219296
2219500
2219699
2219770
2219790
2219837
2219902
2220069
2220127
2220169
2220416
2220543
2220650
2220695
2220727
2220752
2220842
2220890
2220920
2220936
2220952
2221063
2221067
2221230
2221232
2221273
2221291
2221315
2221354
2221408
2221416
2221461
2221519
2221558
2221608
2221694
2221745
2222066
2222098
2222218
2222423
2222463
2222643
2222748
2222806
2223028
2223047
2223133
2223138
2223179
2223212
2223342
2223453
2223544
2223685
2223714
2223812
2223847
2224255
2224261
2224275
2224362
2224394
2224482
2224508
2224604
2224621
2224847
2224969
2225156
2225254
2225270
2225374
2225434
2225563
2225701
2225771
2225978
2226085
2226143
2226248
2226343
2226355
2226357
2226616
2226655
2226665
2226838
2226995
2227277
2227278
2227390
2227414
2227525
2227526
2227546
2227547
2227597
2227723
2227732
2227822
2227937
2227951
2228061
2228249
2228313
2228389
2228418
2228604
2228681
2228786
2228848
2228902
2229021
2229034
2229044
2229167
2229368
2229419
2229448
2229503
2229849
2229922
2230070
2230116
2230142
2230176
2230208
2230347
2230624
2230722
2230940
2230964
2231064
2231071
2231130
2231137
2231196
2231247
2231414
2231416
2231462
2231504
2231657
2231815
2231921
2231945
2231978
2232021
2232453
2232464
2232569
2232703
2232763
2232901
2233056
2233063
2233072
2233124
2233155
2233197
2233354
2233478
2233508
2233587
2233591
2233650
2233802
2233952
2233966
2233986
2234189
2234220
2234308
2234368
2234595
2234814
2234955
2234971
2235102
2235239
2235305
2235380
2235631
2235677
2235682
2235718
2235832
2235921
2235957
2235959
2236116
2236153
2236297
2236397
2236431
2236438
2236519
2236607
2236686
2236749
2236763
2236800
2236880
2236903
2237077
2237244
2237312
2237500
2237581
2237650
2238148
2238158
2238184
2238225
2238349
2238522
2238766
2239327
2239430
2239571
2239597
2239770
2239978
2240065
2240074
2240138
2240232
2240295
2240358
2240430
2240444
2240447
2240489
2240538
2240640
2240729
2240757
2240770
2240805
2240867
2240900
2241002
2241136
2241210
2241226
2241501
2241574
2241636
2241667
2241724
2241810
2242090
2242188
2242286
2242475
2242512
2242556
2242696
2242731
2242958
2243006
2243113
2243249
2243303
2243312
2243408
2243409
2243462
2243561
2243621
2243626
2243707
2243764
2243897
2244027
2244056
2244067
2244129
2244303
2244365
2244407
2244493
2244496
2244553
2244951
2244967
2245122
2245213
2245235
2245247
2245382
2245495
2245515
2245689
2245696
2245701
2245973
2246635
2246759
2246819
2246854
2246917
2246964
2247188
2247346
2247367
2247603
2247607
2247628
2247735
2248046
2248148
2248162
2248254
2248328
2248371
2248448
2248496
2248509
2248510
2248523
2248605
2248628
2248823
2249111
2249214
2249300
2249330
2249397
2249491
2249737
2249756
2249760
2249763
2249895
2249931
2249966
2250023
2250094
2250124
2250267
2250330
2250505
2250691
2250850
2250877
2250959
2251039
2251094
2251133
2251189
2251197
2251245
2251371
2251380
2251426
2251486
2251848
2251875
2251979
2252023
2252051
2252623
2252647
2252699
2252793
2252972
2253012
2253102
2253267
2253387
2253426
2253470
2253649
2253878
2253897
2254044
2254113
2254162
2254178
2254337
2254558
2254726
2254811
2254903
2254907
2254941
2254951
2254991
2255012
2255061
2255110
2255463
2255518
2255669
2255707
2255734
2255985
2256000
2256176
2256350
2256496
2256564
2256800
2256887
2257024
2257039
2257169
2257364
2257592
2257679
2257694
2257824
2257968
2258169
2258195
2258297
2258323
2258359
2258396
2258690
2258726
2258744
2258749
2258773
2258821
2258826
2258933
2259192
2259581
2259643
2259654
2259684
2260055
2260089
2260328
2260390
2260561
2260593
2260634
2260735
2260924
2260941
2261203
2261292
2261398
2261410
2261418
2261525
2261529
2261531
2261819
2261821
2261951
2261960
2261970
2262026
2262050
2262138
2262187
2262266
2262336
2262361
2262379
2262458
2262565
2262616
2262694
2262722
2262787
2262865
2262967
2262987
2263002
2263051
2263071
2263110
2263286
2263532
2263730
2263897
2263963
2264081
2264105
2264189
2264244
2264292
2264303
2264308
2264360
2264486
2264767
2264797
2264970
2265196
2265229
2265255
2265489
2265519
2265645
2265652
2265731
2265783
2265932
2265997
2266015
2266207
2266250
2266401
2266439
2266629
2266652
2266727
2266987
2267238
2267322
2267483
2267654
2267732
2267769
2267880
2267914
2268107
2268126
2268394
2268404
2268414
2268456
2268523
2268528
2268534
2268643
2268809
2268870
2268932
2269151
2269212
2269281
2269287
2269391
2269841
2269845
2269849
2269926
2269936
2269972
2270101
2270102
2270279
2270407
2270440
2270469
2270499
2270616
2270756
2270772
2270777
2270894
2270984
2271019
2271022
2271100
2271142
2271224
2271260
2271390
2271423
2271512
2271588
2271717
2271719
2271934
2272007
2272040
2272256
2272264
2272494
2272558
2272842
2272908
2273310
2273402
2273719
2273789
2273849
2274418
2274456
2274685
2274749
2274773
2274847
2274960
2275043
2275110
2275255
2275393
2275418
2275472
2275639
2275689
2275694
2275791
2276113
2276492
2276508
2276513
2276933
2276974
2276995
2277109
2277167
2277286
2277313
2277314
2277355
2277377
2277448
2277474
2277532
2277560
2277587
2277604
2277714
2277776
2277839
2277870
2277929
2277945
2278051
2278162
2278264
2278372
2278459
2278514
2278550
2278582
2278777
2278930
2278947
2279073
2279261
2279267
2279335
2279339
2279440
2279497
2279569
2279723
2279855
2279912
2279956
2280043
2280046
2280108
2280235
2280300
2280348
2280437
2280468
2280508
2280591
2280628
2280961
2281059
2281173
2281246
2281320
2281377
2281391
2281402
2281474
2281508
2281573
2281578
2281657
2281799
2281806
2281870
2281998
2282101
2282136
2282364
2282421
2282527
2282615
2282743
2282789
2282846
2282958
2282973
2283068
2283135
2283166
2283184
2283428
2283879
2284147
2284205
2284208
2284357
2284360
2284496
2284504
2284517
2284579
2284669
2284779
2284782
2284880
2284896
2284933
2284989
2285029
2285059
2285064
2285150
2285299
2285366
2285890
2285962
2286003
2286094
2286973
2287129
2287146
2287210
2287310
2287326
2287447
2287496
2287524
2287606
2287734
2287792
2287842
2288213
2288389
2288570
2288744
2288802
2288848
2288956
2288983
2289004
2289624
2289647
2289665
2289984
2289988
2290188
2290203
2290261
2290472
2290498
2290525
2290820
2290888
2291183
2291233
2291270
2291413
2291431
2291434
2291639
2291789
2291800
2291920
2292142
2292237
2292302
2292539
2292570
2292854
2292869
2292931
2293266
2293367
2293375
2293383
2293533
2293612
2293628
2294287
2294574
2294829
2294831
2295000
2295121
2295177
2295197
2295229
2295245
2295509
2295591
2295594
2295599
2295643
2295833
2295893
2295926
2295951
2295961
2296099
2296360
2296446
2296599
2296855
2297027
2297178
2297215
2297282
2297376
2297470
2297557
2297899
2297924
2297934
2298209
2298225
2298345
2298438
2298511
2298582
2298618
2298680
2298967
2299030
2299110
2299171
2299172
2299186
2299396
2299498
2299527
2299530
2299560
2299581
2299693
2299806
2299813
2299943
2299975
2300128
2300444
2300573
2300657
2300731
2300766
2300807
2300985
2301029
2301147
2301231
2301393
2301638
2301918
2301982
2302044
2302061
2302221
2302226
2302308
2302338
2302341
2302385
2302430
2302471
2302539
2302685
2302832
2302913
2302971
2303041
2303057
2303160
2303164
2303180
2303326
2303382
2303446
2303482
2303725
2303801
2303888
2303918
2303932
2303943
2303968
2304048
2304110
2304307
2304393
2304570
2304611
2304630
2304782
2304915
2305062
2305259
2305405
2305453
2305691
2305781
2305830
2305978
2306124
2306196
2306229
2306253
2306302
2306312
2306339
2306644
2306683
2306733
2306751
2306801
2306824
2306930
2307148
2307159
2307181
2307297
2307433
2307584
2307913
2307916
2308275
2308381
2308382
2308532
2308566
2308664
2308742
2308781
2308823
2308866
2308931
2308932
2309084
2309093
2309154
2309228
2309516
2309566
2309643
2309673
2309844
2309970
2309983
2310199
2310206
2310210
2310227
2310284
2310314
2310356
2310408
2310785
2310909
2310989
2311014
2311039
2311062
2311406
2311471
2311633
2311661
2311740
2311772
2311860
2311904
2312032
2312061
2312125
2312248
2312274
2312288
2312387
2312631
2312665
2312669
2312679
2312685
2312887
2313140
2313206
2313394
2313422
2313516
2313616
2313823
2314100
2314367
2314453
2314582
2314641
2314655
2314795
2314889
2315055
2315131
2315198
2315272
2315308
2315417
2315492
2315531
2315772
2316010
2316123
2316262
2316317
2316389
2316398
2316414
2316446
2316639
2316784
2316807
2316877
2316911
2317102
2317148
2317159
2317456
2317501
2317548
2317556
2317564
2317739
2317838
2317952
2317981
2318022
2318342
2318402
2318636
2318748
2318777
2318809
2318811
2318829
2319069
2319121
2319124
2319264
2319268
2319426
2319432
2319523
2319570
2319625
2319650
2319668
2319813
2319892
2319985
2320007
2320034
2320073
2320094
2320375
2320460
2320487
2320533
2320607
2320625
2320716
2320751
2320891
2320896
2320955
2320993
2321185
2321196
2321544
2321791
2321809
2321817
2321917
2322069
2322251
2322387
2322511
2322525
2322536
2322683
2322761
2322787
2323228
2323235
2323322
2323354
2323463
2323477
2323599
2323684
2323835
2323859
2323885
2324025
2324049
2324131
2324197
2324219
2324226
2324243
2324391
2324488
2324489
2324596
2324827
2324959
2325217
2325238
2325413
2325541
2325715
2325794
2325843
2325961
2326475
2326496
2326597
2326641
2326774
2326806
2326874
2326920
2326928
2327051
2327092
2327116
2327311
2327436
2327443
2327466
2327663
2327789
2327851
2327976
2328093
2328158
2328534
2328591
2328609
2328613
2328747
2329105
2329116
2329198
2329264
2329367
2329486
2329725
2329861
2329911
2329932
2329946
2329988
2330277
2330423
2330505
2330536
2330556
2330597
2330610
2330624
2330664
2330706
2330786
2330805
2330882
2331129
2331132
2331419
2331540
2331583
2331991
2332022
2332079
2332083
2332107
2332118
2332194
2332407
2332512
2332563
2332807
2332956
2333262
2333339
2333462
2333513
2333690
2333899
2334170
2334176
2334271
2334302
2334375
2334534
2334705
2334718
2334925
2334964
2334998
2335239
2335540
2335574
2335627
2335931
2335986
2336047
2336087
2336158
2336344
2336350
2336362
2336392
2336419
2336465
2336603
2336626
2336954
2337028
2337065
2337244
2337467
2337919
2338031
2338074
2338198
2338212
2338249
2338271
2338435
2338436
2338492
2338709
2338720
2338851
2338982
2339006
2339105
2339242
2339277
2339398
2339419
2339810
2340023
2340127
2340227
2340267
2340375
2340730
2341159
2341360
2341396
2341613
2341886
2341994
2342051
2342103
2342182
2342205
2342217
2342827
2342871
2342982
2343066
2343354
2343367
2343462
2343923
2344046
2344072
2344073
2344085
2344089
2344323
2344332
2344375
2344485
2344529
2344584
2344605
2344690
2344741
2344783
2344788
2344789
2344817
2344831
2344852
2344856
2345013
2345022
2345254
2345291
2345313
2345346
2345382
2345391
2345494
2345557
2345632
2345755
2345819
2345918
2345922
2346408
2346442
2346662
2346689
2346753
2346793
2346817
2346826
2347175
2347768
2347775
2348130
2348409
2348570
2348600
2348696
2348810
2348915
2349018
2349070
2349072
2349080
2349140
2349243
2349262
2349525
2349543
2349593
2349692
2349986
2350255
2350442
2350478
2350712
2351022
2351041
2351043
2351048
2351088
2351232
2351760
2351771
2351803
2351980
2352029
2352057
2352279
2352298
2352519
2352661
2353084
2353227
2353353
2353385
2353446
2353473
2353479
2353499
2353684
2353709
2353762
2353835
2354066
2354128
2354145
2354175
2354200
2354265
2354323
2354684
2355104
2355158
2355249
2355296
2355340
2355353
2355524
2355671
2355681
2355750
2355913
2355922
2356018
2356205
2356257
2356259
2356397
2356630
2356643
2356684
2356706
2356854
2356864
2356994
2357112
2357389
2357580
2357581
2357585
2357637
2357668
2357947
2357968
2357989
2358128
2358232
2358346
2358557
2358602
2358673
2358695
2358775
2358876
2359036
2359087
2359158
2359165
2359174
2359351
2359369
2359468
2359488
2359521
2359785
2359811
2359830
2360046
2360054
2360199
2360363
2360392
2360549
2360853
2360975
2361048
2361119
2361152
2361193
2361298
2361447
2361639
2361952
2362021
2362046
2362166
2362222
2362349
2362445
2362568
2362845
2363061
2363100
2363326
2363374
2363414
2363740
2363797
2363812
2364031
2364037
2364086
2364122
2364159
2364199
2364294
2364575
2364775
2364794
2364841
2364859
2365091
2365421
2365625
2365647
2365706
2365796
2365808
2365820
2366115
2366180
2366518
2366549
2366787
2366872
2366894
2366913
2367081
2367147
2367317
2367458
2367600
2367616
2367734
2367782
2367883
2367891
2367952
2368003
2368139
2368142
2368155
2368227
2368235
2368293
2368562
2368785
2368980
2368989
2369093
2369310
2369321
2369327
2369380
2369439
2369561
2369591
2369708
2369726
2369778
2369972
2370165
2370520
2370927
2371325
2371382
2371386
2371413
2371442
2371842
2371965
2371981
2371994
2372002
2372234
2372356
2372539
2372602
2372633
2372635
2372774
2372884
2372886
2372985
2373297
2373385
2373454
2373480
2373515
2373842
2373933
2374036
2374073
2374208
2374289
2374431
2374436
2374474
2374487
2374547
2374551
2374754
2374902
2375233
2375264
2375379
2375569
2375868
2375875
2375913
2375999
2376012
2376210
2376228
2376251
2376500
2376733
2377032
2377158
2377370
2377412
2377447
2377856
2377895
2377947
2378001
2378226
2378337
2378397
2378492
2378504
2378598
2378627
2378711
2378747
2378875
2378971
2379002
2379025
2379041
2379151
2379209
2379216
2379568
2379662
2379666
2379689
2379826
2379954
2380016
2380023
2380254
2380337
2380480
2380502
2380773
2380860
2380863
2381060
2381125
2381166
2381284
2381298
2381364
2381523
2381710
2381764
2381786
2382057
2382065
2382070
2382145
2382245
2382275
2382328
2382352
2382370
2382431
2382733
2382847
2382924
2383047
2383053
2383442
2383477
2383554
2383640
2383716
2383751
2383806
2383916
2384406
2384442
2384658
2384706
2384898
2384951
2385022
2385471
2385501
2385597
2385817
2385834
2385872
2385874
2385952
2386247
2386267
2386339
2386395
2386446
2386662
2386822
2386954
2387062
2387149
2387237
2387265
2387386
2387429
2387584
2387690
2387720
2387953
2388134
2388283
2388286
2388293
2388334
2388386
2388456
2388605
2388609
2388836
2388956
2389092
2389183
2389211
2389216
2389227
2389238
2389700
2389721
2389737
2389793
2389822
2389837
2389865
2389957
2390042
2390053
2390140
2390200
2390389
2390393
2390413
2390421
2390526
2390761
2390877
2390904
2390962
2391067
2391087
2391126
2391162
2391166
2391384
2391548
2391750
2391843
2392042
2392063
2392086
2392226
2392481
2392577
2392676
2392806
2392844
2393075
2393162
2393256
2393281
2393703
2393757
2393816
2393836
2393975
2394226
2394227
2394289
2394316
2394338
2394406
2394627
2394781
2394883
2394969
2395010
2395038
2395111
2395134
2395227
2395262
2395331
2395588
2395610
2395749
2395758
2395802
2396087
2396166
2396220
2396249
2396395
2396509
2396633
2396827
2396914
2396943
2397147
2397200
2397226
2397294
2397591
2397782
2397811
2397838
2397852
2397856
2397909
2398045
2398053
2398079
2398207
2398274
2398293
2398419
2398494
2398562
2398622
2398771
2398847
2398918
2399140
2399257
2399324
2399440
2399627
2399671
2399865
2399978
2400200
2400215
2400396
2400438
2400635
2400707
2400719
2400785
2400798
2400812
2400833
2400917
2400945
2401193
2401270
2401653
2401897
2401974
2401992
2402027
2402075
2402256
2402272
2402392
2402414
2402419
2402470
2402485
2402498
2402514
2402625
2402656
2402673
2402788
2402819
2402837
2402847
2402893
2402958
2403130
2403141
2403158
2403283
2403383
2403422
2403478
2403602
2403661
2403864
2404130
2404244
2404279
2404369
2404449
2404703
2404761
2404818
2404829
2404927
2405149
2405208
2405348
2405619
2405680
2405772
2405816
2405911
2405912
2405990
2406083
2406313
2406322
2406337
2406404
2406451
2406458
2406535
2406682
2406700
2406784
2406824
2407030
2407072
2407239
2407484
2407509
2407511
2407570
2407660
2407807
2408107
2408268
2408274
2408427
2408639
2408884
2408987
2409157
2409612
2409726
2409736
2409960
2409996
2410098
2410115
2410130
2410158
2410189
2410249
2410306
2410492
2410620
2410749
2410763
2411244
2411418
2411655
2411797
2412243
2412296
2412324
2412442
2412539
2412632
2412711
2412809
2412970
2413001
2413101
2413138
2413202
2413331
2413407
2413502
2413562
2413611
2413917
2413933
2413954
2414009
2414047
2414124
2414259
2414460
2414470
2414477
2414565
2414599
2414624
2414749
2414829
2414946
2414963
2415298
2415324
2415474
2415717
2415909
2415962
2416010
2416020
2416125
2416127
2416207
2416275
2416339
2416392
2416961
2417036
2417069
2417349
2417381
2417383
2417389
2417411
2417441
2417517
2417649
2417666
2417705
2417747
2417759
2417793
2417818
2417856
2417962
2417974
2418101
2418116
2418153
2418171
2418306
2418348
2418429
2418525
2418625
2418722
2418797
2418929
2419099
2419308
2419328
2419378
2419389
2419516
2419934
2419980
2420021
2420025
2420109
2420115
2420278
2420321
2420388
2420426
2420488
2420529
2420957
2420980
2421043
2421277
2421303
2421608
2421685
2421808
2421873
2421880
2422102
2422180
2422255
2422378
2422435
2422650
2422730
2422748
2422898
2422970
2423071
2423081
2423116
2423199
2423207
2423547
2423761
2423983
2424038
2424134
2424385
2424500
2424519
2424584
2424597
2424647
2424789
2424857
2424885
2424901
2425088
2425106
2425299
2425325
2425332
2425360
2425552
2425599
2425601
2425626
2425713
2425784
2425879
2425943
2426015
2426064
2426140
2426254
2426619
2426893
2426981
2426984
2427012
2427031
2427131
2427137
2427171
2427194
2427240
2427551
2427558
2427596
2427615
2427674
2427724
2427767
2427834
2427879
2427914
2427952
2427959
2428055
2428170
2428329
2428538
2428803
2428852
2428882
2429076
2429099
2429165
2429170
2429192
2429326
2429552
2429687
2429688
2429722
2429749
2429855
2429860
2429888
2430080
2430105
2430375
2430434
2430477
2430516
2430533
2430609
2430746
2430769
2430806
2431007
2431023
2431083
2431144
2431212
2431267
2431295
2431326
2431441
2431449
2431468
2431638
2431730
2431891
2432116
2432322
2432341
2432406
2432720
2432827
2432891
2432973
2432982
2433024
2433161
2433186
2433237
2433304
2433508
2433605
2433837
2433993
2434045
2434066
2434143
2434239
2434384
2434399
2434487
2434494
2434602
2434644
2434675
2434681
2434836
2434842
2435038
2435124
2435203
2435293
2435384
2435614
2435670
2435677
2435764
2435783
2435820
2435941
2435994
2436169
2436217
2436244
2436258
2436302
2436348
2436392
2436448
2436453
2436493
2436520
2436525
2436767
2436810
2436961
2436972
2437119
2437230
2437254
2437358
2437388
2437460
2437562
2437751
2437781
2437790
2437843
2437863
2437868
2437937
2437972
2438093
2438492
2438511
2438605
2438631
2438667
2438768
2438850
2439014
2439150
2439927
2440156
2440388
2440406
2440466
2440545
2440628
2440705
2440708
2440717
2440757
2440851
2440966
2440998
2441070
2441470
2441531
2441610
2441698
2441752
2441890
2442179
2442187
2442234
2442343
2442421
2442460
2442744
2443270
2443381
2443477
2443479
2443646
2443668
2444084
2444088
2444485
2444584
2444621
2444640
2444744
2444765
2444845
2444938
2444968
2445045
2445229
2445299
2445458
2445536
2445568
2445704
2445886
2445891
2446125
2446155
2446215
2446404
2446508
2446575
2446581
2446620
2446833
2446944
2447258
2447498
2447577
2447579
2447676
2447700
2447715
2447817
2447956
2448102
2448110
2448135
2448337
2448443
2448472
2448663
2448983
2449067
2449165
2449202
2449261
2449440
2449506
2449745
2449834
2449955
2450147
2450376
2450391
2450525
2450656
2450683
2450756
2450782
2450793
2450921
2451004
2451129
2451261
2451391
2451399
2451495
2451630
2451776
2451802
2452060
2452165
2452324
2452334
2452368
2452410
2452432
2452514
2452537
2452729
2452862
2452889
2453095
2453105
2453239
2453273
2453349
2453399
2453439
2453586
2453848
2453873
2453974
2454084
2454193
2454281
2454313
2454401
2454451
2454526
2454553
2454799
2454858
2454885
2455027
2455060
2455261
2455325
2455418
2455453
2455678
2455848
2455863
2455984
2456043
2456211
2456408
2456429
2456533
2456553
2456914
2457250
2457339
2457353
2457496
2457539
2457589
2457593
2458036
2458316
2458670
2458692
2458814
2458897
2459100
2459146
2459188
2459322
2459375
2459379
2459396
2459668
2459787
2460140
2460197
2460358
2460367
2460437
2460520
2460745
2460912
2460950
2460989
2461174
2461278
2461315
2461317
2461376
2461401
2461405
2461411
2461474
2461782
2461800
2461814
2462183
2462246
2462268
2462301
2462324
2462347
2462376
2462636
2462879
2462898
2462981
2463545
2463555
2463816
2463864
2463903
2463967
2464049
2464081
2464258
2464466
2464726
2464749
2464834
2464841
2464952
2465170
2465203
2465262
2465469
2465511
2465806
2465820
2466461
2466525
2466603
2466665
2466861
2466986
2467109
2467217
2467414
2467523
2467592
2467601
2467653
2467756
2467767
2467872
2467918
2468068
2468286
2468447
2468477
2468576
2468608
2468681
2468874
2468977
2469126
2469237
2469265
2469268
2469336
2469380
2469418
2469426
2469433
2469533
2469550
2469580
2469612
2469710
2469812
2470097
2470134
2470312
2470327
2470388
2470572
2470792
2470858
2470897
2470946
2471050
2471170
2471333
2471405
2471408
2471409
2471419
2471458
2471545
2471621
2471966
2472024
2472053
2472101
2472111
2472153
2472290
2472401
2472551
2472710
2472726
2473588
2473668
2473691
2473848
2473871
2474060
2474166
2474195
2474199
2474319
2474414
2474489
2474679
2474828
2475013
2475107
2475157
2475273
2475521
2475524
2475681
2475728
2475797
2475804
2475904
2476051
2476116
2476322
2476330
2476506
2476945
2476988
2477066
2477112
2477548
2477644
2477753
2477880
2477912
2478001
2478056
2478182
2478302
2478353
2478369
2478371
2478672
2478702
2478726
2479048
2479064
2479070
2479090
2479172
2479451
2479603
2479901
2479917
2480021
2480256
2480378
2480392
2480470
2480517
2480570
2480775
2480850
2480903
2481029
2481030
2481071
2481294
2481317
2481319
2481774
2481780
2481822
2481830
2481912
2481941
2482055
2482269
2482360
2482410
2482487
2482683
2482745
2482782
2482833
2482931
2482984
2483027
2483137
2483200
2483208
2483390
2483406
2483659
2483890
2483910
2483920
2483945
2484052
2484097
2484341
2484479
2484508
2484683
2484910
2485277
2485282
2485403
2485442
2485467
2485623
2485800
2485981
2486021
2486063
2486066
2486089
2486119
2486330
2486391
2486514
2486610
2486780
2486831
2486890
2487187
2487296
2487327
2487350
2487659
2487705
2487807
2488146
2488179
2488227
2488393
2488550
2488638
2488707
2488759
2488797
2488812
2488918
2488967
2489080
2489101
2489168
2489242
2489271
2489431
2489464
2490015
2490022
2490029
2490045
2490334
2490351
2490514
2490562
2490715
2490779
2490816
2490823
2490846
2490908
2490917
2490976
2490986
2491042
2491114
2491180
2491378
2491420
2491436
2491539
2491656
2491720
2491752
2491771
2491887
2491907
2492186
2492269
2492456
2492537
2492573
2492708
2492717
2492729
2492807
2492908
2492959
2493249
2493316
2493568
2493642
2493683
2493691
2493755
2493760
2493768
2493791
2493797
2493821
2493990
2494141
2494279
2494326
2494328
2494333
2494375
2494495
2494499
2494553
2494648
2494716
2494785
2494877
2494945
2494948
2495042
2495047
2495110
2495181
2495506
2495524
2495611
2495662
2495701
2495717
2495858
2495870
2496009
2496341
2496361
2496451
2496682
2496745
2496838
2497044
2497208
2497225
2497233
2497260
2497339
2497397
2497679
2497726
2498100
2498254
2498263
2498427
2498519
2498571
2498638
2498749
2498787
2498859
2498964
2499182
2499262
2499410
2499468
2499564
2499594
2499617
2499933
2500116
2500162
2500333
2500458
2500558
2500621
2500745
2500767
2500967
2501176
2501379
2501608
2501625
2501727
2501740
2501778
2501912
2501925
2501969
2501986
2502072
2502226
2502255
2502291
2502296
2502364
2502406
2502415
2502527
2503155
2503312
2503451
2503667
2503732
2504003
2504051
2504090
2504281
2504306
2504313
2504668
2504669
2504671
2504797
2505020
2505025
2505069
2505071
2505123
2505203
2505249
2505269
2505303
2505347
2505614
2505639
2506147
2506371
2506383
2506517
2506658
2506689
2506696
2506732
2506842
2506878
2507125
2507131
2507145
2507181
2507184
2507465
2507563
2507636
2507664
2507679
2507719
2507906
2507920
2507955
2507977
2507999
2508014
2508134
2508201
2508209
2508373
2508410
2508637
2508766
2508840
2508849
2508870
2509194
2509290
2509461
2509555
2509578
2509724
2509778
2509791
2509795
2509836
2509850
2509871
2509929
2509983
2510011
2510078
2510257
2510265
2510279
2510355
2510444
2510483
2510557
2510650
2510860
2511080
2511139
2511353
2511488
2511587
2511959
2512062
2512069
2512347
2512584
2512586
2512827
2512905
2512911
2512920
2512926
2512931
2513064
2513070
2513289
2513495
2513636
2513829
2513831
2513968
2514014
2514120
2514179
2514283
2514384
2514410
2514442
2514500
2514628
2514862
2514912
2514935
2515161
2515259
2515321
2515377
2515540
2515564
2515580
2515690
2515704
2515736
2515823
2516004
2516130
2516287
2516390
2516475
2516480
2516596
2516814
2516938
2516953
2517126
2517136
2517154
2517171
2517211
2517290
2517325
2517526
2517565
2517619
2517710
2517721
2517729
2517778
2517804
2517834
2517896
2517913
2517921
2518165
2518226
2518228
2518277
2518367
2518375
2518521
2518653
2518733
2518815
2518988
2519237
2519247
2519293
2519398
2519631
2519675
2519914
2519937
2520142
2520160
2520227
2520398
2520489
2520622
2520739
2520773
2521025
2521486
2521539
2521927
2522107
2522276
2522280
2522298
2522342
2522528
2522578
2522738
2522742
2522777
2522826
2522939
2522980
2523158
2523206
2523290
2523355
2523372
2523382
2523723
2523790
2523952
2523998
2524114
2524152
2524256
2524273
2524501
2524667
2524823
2524896
2525019
2525114
2525131
2525456
2525623
2525670
2525692
2525815
2525821
2525862
2525916
2525919
2525966
2526078
2526160
2526185
2526293
2526416
2526522
2526611
2527046
2527143
2527185
2527308
2527338
2527348
2527466
2527521
2527567
2527745
2527755
2527949
2527961
2528093
2528095
2528268
2528345
2528838
2528961
2529046
2529048
2529451
2529495
2529506
2529567
2529584
2529594
2529771
2529904
2529942
2530068
2530128
2530357
2530556
2530667
2530670
2530765
2530786
2530972
2530981
2531025
2531054
2531117
2531215
2531260
2531395
2531398
2531477
2531631
2531639
2531643
2532143
2532235
2532383
2532514
2532582
2532672
2532689
2532734
2532739
2532760
2532780
2533362
2533412
2533485
2533493
2533611
2533675
2533717
2533780
2533784
2533816
2533854
2533955
2534006
2534039
2534304
2534493
2534521
2534667
2534710
2534885
2534898
2534977
2535013
2535090
2535105
2535157
2535276
2535288
2535501
2535549
2535581
2535616
2535657
2535717
2535768
2535790
2535888
2536307
2536376
2536515
2536559
2536604
2536858
2537272
2537315
2537608
2537708
2537782
2537786
2537795
2537806
2537826
2537875
2538064
2538116
2538162
2538309
2538426
2538475
2538651
2538839
2539009
2539122
2539135
2539140
2539557
2539662
2539847
2539878
2539948
2539985
2540078
2540087
2540275
2540308
2540326
2540349
2540387
2540575
2540578
2540721
2540756
2540870
2540930
2541050
2541064
2541165
2541187
2541236
2541278
2541390
2541497
2541615
2541794
2541869
2541886
2541916
2542094
2542153
2542179
2542253
2542335
2542359
2542410
2542735
2542882
2542937
2543051
2543210
2543328
2543365
2543406
2543425
2543481
2543523
2543526
2543634
2543810
2543964
2544146
2544151
2544227
2544236
2544302
2544377
2544419
2544585
2544595
2544612
2544638
2544748
2544792
2544888
2544995
2545087
2545214
2545250
2545362
2545625
2545736
2545828
2546021
2546030
2546080
2546087
2546100
2546656
2546946
2546954
2547099
2547108
2547188
2547384
2547404
2547412
2547415
2547513
2547544
2547545
2547606
2547639
2547670
2547708
2547806
2547868
2547898
2548087
2548105
2548284
2548381
2548504
2548605
2548724
2548791
2548883
2549018
2549292
2549328
2549417
2549436
2549591
2549740
2549753
2549837
2549845
2550060
2550142
2550222
2550253
2550442
2550466
2550515
2550827
2550859
2550864
2550940
2550943
2550979
2551147
2551221
2551252
2551293
2551434
2551474
2551500
2551664
2551728
2551757
2551767
2551823
2551852
2551917
2551930
2552238
2552335
2552404
2552441
2552500
2552629
2552743
2552785
2552874
2552994
2552996
2553117
2553557
2553588
2553597
2553630
2553662
2553721
2553860
2553892
2553990
2554039
2554102
2554207
2554233
2554269
2554302
2554556
2554795
2554815
2554834
2555108
2555109
2555166
2555257
2555323
2555339
2555379
2555442
2555470
2555586
2555753
2555867
2555905
2556103
2556200
2556235
2556289
2556292
2556687
2556704
2556794
2556799
2556826
2556858
2556959
2557040
2557110
2557140
2557178
2557210
2557212
2557652
2557729
2557837
2557850
2557913
2558012
2558457
2558771
2558801
2558938
2559057
2559214
2559439
2559562
2559612
2559739
2559823
2559897
2559996
2560054
2560594
2560667
2560775
2560911
2560956
2560960
2561068
2561184
2561208
2561450
2561720
2561746
2561798
2561811
2561901
2561952
2562178
2562327
2562464
2562765
2562823
2562872
2562882
2562901
2562986
2563069
2563095
2563272
2563281
2563461
2563494
2563825
2563885
2563904
2564021
2564034
2564346
2564367
2564631
2564646
2564696
2564888
2564924
2564931
2565040
2565065
2565086
2565143
2565232
2565373
2565565
2565606
2565706
2565732
2565879
2565943
2565962
2566036
2566152
2566289
2566340
2566464
2566491
2566626
2566688
2566863
2567242
2567348
2567398
2567482
2567605
2567703
2567724
2567793
2567808
2567843
2567844
2567856
2567894
2568143
2568169
2568180
2568315
2568364
2568380
2568399
2568474
2568531
2568600
2568827
2568952
2569003
2569007
2569042
2569055
2569185
2569223
2569347
2569539
2569647
2569704
2569863
2569926
2569944
2569965
2570090
2570135
2570211
2570273
2570357
2570370
2570391
2570414
2570502
2570548
2570554
2570652
2570667
2570855
2570880
2570909
2571343
2571430
2571447
2571460
2571913
2571951
2572106
2572141
2572356
2572399
2572600
2572614
2572631
2572671
2572712
2572758
2572798
2572977
2573195
2573265
2573507
2573634
2573680
2573778
2573825
2573845
2574219
2574360
2574492
2574527
2574549
2574591
2574666
2574778
2575164
2575197
2575296
2575303
2575423
2575442
2575559
2575708
2575734
2575811
2576075
2576314
2576322
2576334
2576668
2576954
2577071
2577130
2577245
2577541
2577579
2577610
2577777
2577991
2578088
2578114
2578173
2578184
2578291
2578490
2578519
2578596
2578733
2578901
2578946
2579051
2579055
2579076
2579132
2579178
2579180
2579232
2579318
2579467
2579641
2579739
2579768
2579784
2579872
2580080
2580250
2580319
2580337
2580647
2580681
2581045
2581137
2581175
2581200
2581305
2581381
2581487
2581608
2581627
2581669
2581685
2581707
2581758
2581843
2581922
2582070
2582192
2582290
2582362
2582390
2582494
2582587
2582889
2582905
2582906
2582923
2583114
2583210
2583291
2583302
2583492
2583533
2583592
2583653
2583803
2583883
2584060
2584068
2584183
2584330
2584367
2584533
2584707
2584732
2584901
2585036
2585055
2585122
2585269
2585390
2585472
2585483
2585650
2585704
2585800
2585963
2585964
2586105
2586262
2586281
2586547
2586686
2586835
2586854
2586930
2586981
2587003
2587194
2587200
2587210
2587687
2588085
2588344
2588381
2588421
2588458
2588528
2588595
2588605
2588755
2588843
2588910
2588918
2588947
2588958
2588977
2589078
2589252
2589564
2589648
2589684
2589783
2589799
2589853
2589887
2590080
2590524
2590751
2590771
2590808
2590867
2591134
2591273
2591279
2591447
2591482
2591634
2591746
2591761
2591848
2591849
2591907
2591953
2591975
2592268
2592300
2592328
2592376
2592430
2592620
2592679
2592692
2592756
2592757
2592849
2593187
2593247
2593289
2593305
2593316
2593396
2593405
2593433
2593600
2593637
2593650
2593820
2593892
2594046
2594089
2594140
2594159
2594281
2594380
2594433
2594442
2594471
2594528
2594711
2594762
2594798
2594900
2594931
2594981
2595000
2595105
2595119
2595149
2595177
2595299
2595352
2595462
2595496
2595667
2595750
2595765
2595852
2595859
2595967
2596030
2596213
2596277
2596362
2596366
2596374
2596600
2596635
2596861
2597054
2597076
2597189
2597227
2597272
2597355
2597368
2597440
2597622
2597737
2597798
2598051
2598127
2598138
2598169
2598209
2598279
2598454
2598500
2598627
2598781
2598811
2598872
2598881
2599132
2599147
2599196
2599258
2599297
2599503
2599584
2599689
2599771
2599978
2600020
2600198
2600233
2600598
2600701
2600750
2600816
2600860
2600948
2601290
2601441
2601456
2601563
2601701
2601724
2601734
2601746
2601793
2601873
2601988
2602119
2602369
2602549
2602754
2602758
2602886
2603080
2603081
2603158
2603159
2603233
2603329
2603359
2603380
2603410
2603506
2603779
2603819
2603825
2603905
2604068
2604076
2604148
2604193
2604393
2604412
2604510
2604545
2604565
2604774
2604986
2605413
2605659
2605764
2605895
2605900
2605980
2606439
2606543
2606566
2606752
2606786
2606902
2606929
2606953
2607257
2607333
2607480
2607869
2607897
2607951
2608105
2608156
2608248
2608300
2608410
2608412
2608416
2608467
2608517
2608597
2608663
2609153
2609196
2609334
2609377
2609399
2609432
2609563
2609670
2609672
2609681
2609940
2609992
2610021
2610031
2610467
2610478
2610493
2610555
2610736
2610792
2610880
2610910
2611020
2611190
2611230
2611281
2611306
2611894
2611948
2611955
2612084
2612114
2612182
2612197
2612237
2612308
2612338
2612356
2612459
2612624
2612675
2612707
2612844
2612877
2613056
2613115
2613188
2613307
2613461
2613629
2613711
2613712
2613714
2613780
2613925
2613938
2614213
2614288
2614518
2614638
2614822
2614967
2614970
2615399
2615582
2615622
2615801
2615868
2615951
2616054
2616232
2616248
2616359
2616363
2616367
2616507
2616528
2616640
2616745
2616787
2616791
2616859
2617239
2617287
2617331
2617347
2617380
2617434
2617437
2617471
2617612
2617671
2617708
2617826
2617851
2617884
2618158
2618435
2618514
2618849
2618854
2618907
2619014
2619083
2619100
2619123
2619258
2619374
2619375
2619476
2619536
2619743
2620052
2620196
2620209
2620331
2620561
2620567
2620926
2621167
2621241
2621256
2621293
2621344
2621982
2622125
2622186
2622369
2622442
2622457
2622468
2622546
2622706
2622759
2622922
2623041
2623226
2623752
2623806
2623890
2623902
2624015
2624234
2624237
2624575
2624586
2624658
2624692
2624865
2624946
2625162
2625221
2625229
2625421
2625460
2625463
2625584
2625606
2625634
2625642
2625838
2625946
2625953
2625998
2626145
2626218
2626253
2626303
2626386
2626737
2626844
2626858
2626881
2626968
2626982
2627026
2627137
2627175
2627554
2627582
2627685
2627735
2627928
2627939
2627971
2628273
2628292
2628309
2628310
2628318
2628555
2628756
2628835
2628993
2629022
2629038
2629391
2629749
2629923
2629939
2630027
2630029
2630066
2630245
2630253
2630385
2630790
2630804
2630880
2631015
2631016
2631036
2631074
2631175
2631463
2631494
2631503
2631766
2631812
2631834
2631844
2631906
2631978
2632046
2632096
2632202
2632221
2632240
2632327
2632330
2632338
2632402
2632795
2632923
2632995
2633035
2633174
2633359
2633442
2633465
2633480
2633781
2633822
2633829
2633878
2633967
2634023
2634064
2634167
2634175
2634273
2634438
2634642
2634884
2634974
2634982
2635154
2635177
2635413
2635456
2635602
2635657
2635924
2636217
2636272
2636385
2636476
2636548
2636667
2636800
2637086
2637111
2637193
2637568
2637632
2637657
2637673
2637686
2637690
2637696
2637751
2637790
2637809
2638212
2638264
2638408
2638445
2638485
2638501
2638534
2638600
2638743
2638863
2638864
2638916
2639017
2639116
2639130
2639171
2639300
2639440
2639641
2639757
2639771
2639789
2639790
2639862
2639938
2640188
2640228
2640272
2640380
2640424
2640431
2640448
2640470
2640647
2640693
2640701
2640837
2640928
2641244
2641278
2641333
2641403
2641576
2641632
2641880
2641961
2641962
2642215
2642546
2642618
2642884
2642906
2642979
2643330
2643340
2643350
2643446
2643600
2643683
2643737
2643800
2643863
2643995
2643996
2644024
2644169
2644431
2644461
2644577
2644719
2644731
2644944
2645049
2645070
2645152
2645300
2645371
2645431
2645442
2645586
2645637
2645693
2645830
2645859
2645916
2646018
2646150
2646290
2646322
2646806
2646818
2646842
2646859
2646892
2647135
2647202
2647214
2647315
2647322
2647368
2647395
2647397
2647472
2647810
2647890
2647905
2647983
2648154
2648157
2648173
2648400
2648464
2649169
2649273
2649424
2649429
2649440
2649470
2649679
2649709
2649762
2649773
2649820
2649875
2649931
2650005
2650129
2650441
2650470
2650541
2650622
2650866
2651013
2651031
2651049
2651338
2651382
2651409
2651464
2651500
2651503
2651518
2651642
2651660
2651680
2651761
2651815
2651934
2652324
2652457
2652750
2653120
2653414
2653467
2653472
2653629
2653651
2653816
2653939
2654122
2654152
2654236
2654335
2654483
2654486
2654567
2654776
2654786
2654851
2654933
2655048
2655140
2655143
2655259
2655301
2655388
2655445
2656159
2656334
2656634
2656658
2656679
2656796
2656810
2657008
2657029
2657054
2657073
2657104
2657175
2657301
2657346
2657358
2657552
2657619
2657997
2658191
2658391
2658435
2658564
2658609
2658616
2658625
2659165
2659304
2659439
2659457
2659727
2659728
2659902
2660199
2660240
2660315
2660681
2660696
2660730
2660775
2660858
2660891
2661047
2661117
2661167
2661241
2661285
2661305
2661322
2661350
2661419
2661527
2661600
2661663
2661733
2661750
2661794
2661870
2661874
2661896
2661947
2662176
2662516
2662583
2662635
2662639
2662855
2662907
2663045
2663125
2663226
2663301
2663390
2663588
2663794
2663889
2664051
2664133
2664187
2664330
2664431
2664518
2664674
2664850
2664877
2664995
2665040
2665059
2665162
2665249
2665427
2665524
2665558
2665686
2665726
2665812
2665837
2665841
2665989
2666098
2666280
2666303
2666354
2666484
2666563
2666870
2666981
2667031
2667055
2667315
2667379
2667456
2667457
2667590
2667657
2667697
2667898
2667932
2667980
2667996
2668007
2668053
2668071
2668099
2668293
2668315
2668322
2668388
2668412
2668454
2668489
2668511
2668630
2668635
2668900
2669087
2669129
2669218
2669318
2669338
2669384
2669386
2669464
2669491
2669492
2669615
2669669
2669747
2669886
2670005
2670049
2670058
2670123
2670277
2670279
2670369
2670759
2670846
2670960
2671092
2671129
2671301
2671384
2671426
2671443
2671472
2671766
2671778
2671850
2671944
2671995
2672133
2672185
2672308
2672355
2672363
2672414
2672461
2672485
2672581
2672664
2672717
2672741
2672850
2672887
2672937
2673247
2673640
2673703
2673741
2673900
2673934
2674055
2674151
2674340
2674776
2674889
2674948
2675083
2675203
2675308
2675321
2675329
2675335
2675437
2675439
2675547
2675600
2675705
2675750
2675774
2675931
2675994
2676043
2676184
2676217
2676288
2676505
2676784
2676804
2676929
2676967
2677030
2677039
2677116
2677667
2677685
2677967
2677997
2678010
2678110
2678140
2678169
2678189
2678293
2678368
2678412
2678624
2678630
2678886
2679167
2679408
2679643
2679869
2679881
2679903
2679997
2680157
2680181
2680202
2680450
2680567
2680578
2680741
2680742
2680851
2680928
2681022
2681113
2681264
2681454
2681478
2681735
2681739
2681980
2682071
2682108
2682185
2682458
2682502
2682568
2682613
2682726
2682799
2682907
2682969
2683097
2683099
2683225
2683246
2683291
2683333
2683351
2683550
2683554
2683558
2683584
2683755
2683778
2684183
2684259
2684886
2685032
2685106
2685131
2685305
2685554
2685710
2685755
2685757
2685792
2685921
2685922
2685964
2686181
2686263
2686348
2686467
2686490
2686648
2686959
2686993
2687356
2687505
2687803
2687827
2687984
2688045
2688088
2688248
2688352
2688445
2688492
2688791
2688833
2689112
2689147
2689245
2689295
2689357
2689388
2689457
2689492
2689629
2689811
2689818
2689900
2690111
2690132
2690159
2690319
2690687
2690722
2690796
2691146
2691359
2691517
2691597
2691773
2691925
2692110
2692204
2692219
2692312
2692472
2692505
2692515
2692584
2692600
2692632
2692733
2692806
2692808
2692813
2692834
2692838
2692846
2692865
2693339
2693404
2693712
2693760
2693848
2694120
2694150
2694173
2694659
2694715
2694749
2694764
2694864
2694955
2694975
2695057
2695105
2695170
2695204
2695318
2695338
2695445
2695771
2695782
2695880
2696171
2696208
2696349
2696355
2696484
2696501
2696648
2696712
2696748
2696761
2696962
2696972
2697000
2697195
2697349
2697376
2697403
2697486
2697487
2697551
2697601
2697644
2698085
2698463
2698483
2698503
2698592
2698615
2698655
2698657
2698749
2698982
2698986
2699233
2699290
2699400
2699494
2699746
2699756
2699763
2699886
2699896
2700018
2700062
2700207
2700392
2700537
2700747
2700970
2701539
2701565
2701656
2701762
2701897
2701906
2702023
2702146
2702205
2702260
2702395
2702428
2702611
2702670
2702794
2702927
2703105
2703143
2703232
2703278
2703361
2703386
2703565
2703763
2703784
2703912
2703917
2703930
2704021
2704293
2704322
2704421
2704464
2704491
2704530
2704645
2704764
2704883
2705030
2705070
2705189
2705229
2705425
2705434
2705548
2705568
2705927
2705949
2705989
2706013
2706270
2706281
2706448
2706602
2706785
2706788
2707082
2707250
2707277
2707366
2707395
2707490
2707525
2707533
2707655
2707705
2707944
2708171
2708423
2708456
2708655
2708707
2708783
2708861
2708880
2708910
2709087
2709139
2709140
2709174
2709241
2709249
2709262
2709574
2709638
2709647
2709653
2709734
2709755
2709773
2710012
2710028
2710384
2710436
2710573
2710575
2710603
2710662
2710682
2710727
2710780
2710844
2710893
2710898
2710928
2711061
2711312
2711439
2711533
2711930
2711944
2712027
2712067
2712152
2712246
2712276
2712303
2712409
2712431
2712466
2712773
2712787
2712884
2713080
2713150
2713200
2713301
2713648
2713753
2713829
2713838
2713964
2714006
2714211
2714500
2714556
2714851
2714905
2715149
2715315
2715316
2715594
2715661
2716051
2716169
2716289
2716314
2716376
2716415
2716433
2716496
2716645
2716734
2716740
2716822
2717011
2717228
2717346
2717591
2717693
2717832
2718008
2718128
2718140
2718366
2718396
2718428
2718448
2718541
2718555
2718564
2718578
2718629
2718662
2718757
2718801
2718857
2718858
2718969
2719131
2719274
2719281
2719288
2719337
2719435
2719485
2719705
2719925
2720087
2720165
2720208
2720229
2720233
2720278
2720282
2720610
2720668
2720814
2720911
2720953
2720996
2721002
2721185
2721200
2721288
2721309
2721417
2721429
2721589
2721641
2721661
2721743
2721781
2721903
2721914
2721973
2722164
2722453
2722493
2722507
2722515
2722659
2722784
2722818
2722836
2722927
2722954
2723071
2723086
2723163
2723468
2723476
2723679
2723751
2723760
2724080
2724103
2724240
2724308
2724369
2724405
2724526
2724629
2724956
2725078
2725178
2725205
2725215
2725303
2725359
2725443
2725584
2725701
2725985
2726056
2726101
2726103
2726208
2726250
2726253
2726279
2726284
2726417
2726716
2726779
2726831
2726839
2726920
2726948
2727026
2727369
2727538
2727569
2727600
2727733
2727913
2728020
2728027
2728195
2728213
2728497
2728509
2728522
2728693
2728844
2728962
2728979
2729028
2729060
2729088
2729143
2729202
2729215
2729308
2729312
2729396
2729775
2729900
2729968
2730080
2730167
2730242
2730344
2730402
2730442
2730644
2730748
2730801
2730897
2731053
2731158
2731182
2731239
2731269
2731330
2731397
2731483
2731552
2731688
2731761
2731993
2732109
2732228
2732267
2732342
2732464
2732480
2732710
2732778
2732786
2732815
2732929
2732979
2733033
2733065
2733100
2733185
2733257
2733378
2733514
2733820
2734065
2734359
2734416
2734480
2734605
2734628
2734691
2734910
2734927
2734933
2734973
2735070
2735126
2735145
2735211
2735243
2735339
2735440
2735448
2735482
2735722
2735771
2735811
2735904
2735955
2736061
2736139
2736475
2736575
2736775
2737004
2737018
2737095
2737156
2737220
2737528
2737646
2737732
2737817
2738036
2738068
2738159
2738241
2738341
2738483
2738565
2738779
2738816
2738828
2739013
2739092
2739093
2739135
2739259
2739398
2739456
2739529
2739575
2739616
2739642
2739905
2739975
2740034
2740048
2740151
2740157
2740279
2740288
2740307
2740756
2740868
2741024
2741159
2741233
2741298
2741383
2741506
2741516
2741684
2741786
2741825
2741902
2742002
2742057
2742108
2742360
2742379
2742481
2742499
2742715
2742833
2742905
2742909
2743033
2743275
2743288
2743304
2743322
2743325
2743423
2743424
2743506
2743508
2743655
2743683
2743704
2743896
2743968
2744149
2744164
2744274
2744466
2744885
2744952
2744984
2745017
2745045
2745097
2745217
2745304
2745434
2745517
2745836
2745951
2745966
2746148
2746221
2746308
2746440
2746451
2746662
2746709
2746778
2746786
2746849
2746972
2747232
2747287
2747358
2747440
2747446
2747448
2747668
2747800
2747814
2747898
2748066
2748142
2748150
2748217
2748305
2748315
2748638
2748722
2748798
2748839
2748882
2748883
2749063
2749126
2749161
2749231
2749328
2749351
2749410
2749423
2749468
2750008
2750078
2750170
2750187
2750301
2750351
2750498
2750660
2750969
2751013
2751029
2751097
2751145
2751233
2751335
2751560
2751578
2751690
2751749
2751764
2751829
2751923
2752134
2752431
2752474
2752544
2752574
2752639
2752870
2753073
2753121
2753306
2753468
2753994
2754099
2754122
2754156
2754439
2754476
2754512
2754674
2755105
2755426
2755488
2755500
2755524
2755700
2756033
2756062
2756082
2756115
2756427
2756517
2756661
2756891
2756931
2757038
2757178
2757291
2757317
2757433
2757513
2757622
2757628
2757656
2757997
2758092
2758120
2758184
2758186
2758218
2758279
2758286
2758407
2758451
2758518
2758763
2758789
2759013
2759044
2759216
2759238
2759265
2759690
2759898
2759951
2759960
2760033
2760272
2760276
2760431
2760899
2760975
2761021
2761103
2761135
2761185
2761306
2761330
2761418
2761538
2761576
2761583
2761653
2761730
2761765
2761862
2761934
2762067
2762114
2762198
2762219
2762472
2762602
2762623
2762679
2762918
2762920
2763021
2763079
2763229
2763290
2763292
2763401
2763507
2763510
2763532
2763700
2763708
2763807
2763819
2763830
2763852
2764003
2764230
2764380
2764446
2764477
2764516
2764536
2764634
2764729
2764893
2764907
2765032
2765076
2765151
2765199
2765345
2765365
2765410
2765591
2765659
2765660
2765668
2765859
2766040
2766181
2766208
2766226
2766264
2766395
2766636
2766766
2766816
2766892
2767011
2767062
2767294
2767300
2767489
2767648
2767659
2767870
2767959
2768128
2768297
2768329
2768429
2768569
2768621
2768725
2768750
2768778
2768904
2768968
2768996
2769049
2769149
2769167
2769382
2769503
2769657
2769781
2769961
2769997
2770032
2770315
2770316
2770332
2770576
2770582
2770605
2770927
2770998
2771289
2771337
2771523
2771787
2771853
2771888
2772259
2772440
2772583
2772628
2772651
2772690
2772760
2772914
2772946
2773027
2773182
2773229
2773408
2773461
2773494
2773621
2773953
2773995
2773999
2774021
2774475
2774656
2774766
2774788
2774849
2774853
2774957
2775010
2775164
2775242
2775266
2775482
2775487
2775502
2775634
2775708
2775786
2775974
2776218
2776258
2776304
2776478
2776534
2776562
2776587
2776707
2776815
2776980
2776981
2776987
2777064
2777269
2777475
2777657
2777698
2777744
2777789
2777816
2777890
2778214
2778368
2778575
2778779
2778822
2778913
2779106
2779225
2779262
2779410
2779436
2779634
2779716
2779780
2780055
2780203
2780225
2780305
2780392
2780401
2780451
2780470
2780746
2780890
2780891
2780926
2780934
2781135
2781194
2781349
2781575
2781636
2781640
2781652
2781877
2781917
2782225
2782321
2782491
2782609
2782674
2782733
2782840
2782922
2782925
2782980
2782988
2783065
2783108
2783334
2783370
2783473
2783488
2783572
2783597
2783627
2783741
2783792
2783919
2783939
2784095
2784317
2784417
2784462
2785018
2785070
2785184
2785203
2785323
2785391
2785399
2785408
2785569
2785573
2785938
2785983
2786111
2786130
2786189
2786197
2786239
2786261
2786337
2786397
2786465
2786537
2786854
2786922
2787004
2787035
2787039
2787152
2787231
2787289
2787509
2787593
2787641
2787643
2787708
2787861
2788083
2788106
2788168
2788228
2788334
2788540
2788799
2788928
2788944
2788966
2789199
2789263
2789665
2789675
2789753
2789846
2789922
2789936
2790025
2790072
2790249
2790637
2790643
2790708
2790739
2790778
2790898
2791055
2791067
2791158
2791300
2791423
2791482
2791575
2791580
2791611
2791639
2791850
2791914
2792007
2792095
2792372
2792484
2792793
2792809
2792873
2792917
2792930
2792935
2793068
2793074
2793256
2793265
2793270
2793277
2793406
2793486
2793650
2793867
2793886
2793954
2794056
2794424
2794536
2794812
2794823
2795006
2795029
2795035
2795141
2795159
2795163
2795224
2795391
2795424
2795522
2795555
2795910
2795941
2795980
2796099
2796203
2796253
2796664
2796679
2796959
2796962
2797096
2797474
2797585
2797674
2797727
2797730
2797885
2798144
2798222
2798285
2798309
2798606
2798608
2798676
2798837
2799112
2799189
2799254
2799288
2799573
2799620
2799886
2799918
2799962
2800088
2800176
2800250
2800424
2800443
2800513
2800548
2800649
2800743
2800829
2800935
2800950
2801208
2801236
2801574
2801665
2801699
2801741
2801861
2801875
2801890
2801939
2801999
2802070
2802210
2802253
2802269
2802333
2802369
2802403
2802474
2802523
2802656
2802831
2802873
2802949
2802994
2803028
2803044
2803096
2803118
2803170
2803228
2803571
2803929
2804123
2804169
2804223
2804230
2804335
2804396
2804401
2804409
2804435
2804495
2804533
2804676
2804763
2804812
2804851
2804863
2805144
2805295
2805303
2805404
2805444
2805528
2805579
2805744
2805748
2805791
2805985
2806010
2806025
2806040
2806086
2806103
2806299
2806368
2806420
2806867
2806884
2806931
2807061
2807065
2807132
2807133
2807361
2807412
2807414
2807438
2807476
2807501
2807520
2807597
2807766
2807829
2807879
2807895
2808053
2808213
2808219
2808296
2808394
2808442
2808502
2808608
2808655
2808847
2808930
2808985
2808987
2809078
2809171
2809345
2809382
2809517
2809521
2809632
2809745
2809781
2809871
2809904
2809932
2810125
2810181
2810313
2810457
2810712
2810916
2811138
2811139
2811258
2811396
2811431
2811456
2811553
2811800
2811820
2812017
2812102
2812278
2812440
2812567
2812653
2812811
2812877
2812962
2812967
2813009
2813010
2813282
2813501
2813534
2813611
2814049
2814084
2814139
2814189
2814211
2814236
2814254
2814319
2814332
2814687
2814849
2814928
2814975
2815123
2815534
2815686
2815695
2815762
2815832
2815837
2815859
2815888
2815944
2816039
2816182
2816271
2816436
2816562
2816603
2816721
2816961
2817129
2817162
2817319
2817548
2817661
2817859
2817961
2818533
2818734
2818928
2819085
2819132
2819253
2819486
2819507
2819572
2819599
2819711
2819740
2819765
2819847
2820024
2820121
2820365
2820457
2820515
2820608
2820770
2820941
2821005
2821065
2821103
2821489
2821854
2821864
2821964
2821991
2822107
2822164
2822283
2822415
2822524
2822525
2822788
2822800
2822802
2822940
2823269
2823277
2823439
2823513
2823609
2823636
2823923
2823937
2824102
2824114
2824135
2824236
2824366
2824550
2824554
2824580
2824596
2824769
2825102
2825223
2825314
2825414
2825611
2825807
2825843
2825844
2825959
2825993
2826002
2826038
2826061
2826198
2826303
2826465
2826591
2826649
2826652
2826720
2826730
2826743
2826970
2827305
2827357
2827794
2827898
2827958
2828148
2828247
2828325
2828417
2828543
2828649
2828835
2828889
2828901
2828928
2828962
2828987
2829080
2829215
2829232
2829264
2829297
2829408
2829423
2829618
2829943
2830173
2830289
2830360
2830429
2830501
2830530
2830550
2830842
2830949
2831099
2831216
2831222
2831237
2831255
2831268
2831351
2831413
2831423
2831482
2831508
2831552
2831769
2831900
2831920
2831938
2831949
2832057
2832067
2832172
2832288
2832324
2832426
2832540
2832571
2832611
2832758
2832905
2833039
2833047
2833126
2833268
2833379
2833467
2833659
2833784
2833799
2833850
2833944
2834144
2834257
2834384
2834396
2834559
2834600
2834664
2834744
2834800
2834912
2834947
2834989
2835113
2835241
2835372
2835394
2835600
2835742
2835761
2835765
2835818
2835967
2836254
2836271
2836275
2836345
2836503
2836699
2836808
2836963
2837103
2837110
2837130
2837178
2837448
2837483
2837527
2837698
2837727
2837788
2837949
2837957
2838014
2838024
2838041
2838090
2838311
2838408
2838496
2838584
2838616
2838722
2838842
2838845
2838964
2839049
2839098
2839145
2839299
2839359
2839684
2839775
2839877
2839883
2840038
2840047
2840162
2840250
2840267
2840297
2840399
2840417
2840428
2840520
2840555
2840636
2840684
2840695
2840725
2840743
2840808
2840877
2841242
2841254
2841434
2841540
2841611
2841635
2841720
2841744
2841865
2842006
2842138
2842184
2842283
2842290
2842588
2842810
2842859
2843178
2843225
2843260
2843323
2843358
2843385
2843438
2843475
2843484
2843656
2843751
2843800
2843989
2844042
2844044
2844082
2844148
2844348
2844553
2844589
2844708
2844776
2844972
2845017
2845031
2845286
2845520
2845838
2846043
2846102
2846104
2846140
2846166
2846265
2846286
2846291
2846523
2846563
2846589
2846729
2846761
2846781
2846795
2846802
2846812
2846837
2847027
2847038
2847165
2847248
2847535
2847571
2847577
2847590
2847610
2847866
2848187
2848325
2848536
2848572
2848598
2848676
2848702
2848767
2848806
2848868
2848927
2848941
2848995
2849020
2849422
2849487
2849589
2849599
2849887
2849940
2849967
2849977
2850057
2850107
2850189
2850462
2850576
2850736
2850915
2851033
2851059
2851133
2851157
2851249
2851373
2851593
2851708
2851733
2851870
2852041
2852138
2852187
2852252
2852493
2852529
2852798
2852808
2852838
2852865
2853196
2853322
2853449
2853611
2853665
2853763
2853787
2853799
2853822
2853938
2853952
2853976
2854027
2854046
2854288
2854429
2854681
2854752
2854885
2854963
2855092
2855289
2855321
2855558
2855587
2855656
2855677
2855774
2855802
2856016
2856040
2856104
2856270
2856308
2856374
2856494
2856569
2856658
2856816
2857064
2857451
2857517
2857528
2857565
2857601
2857754
2858014
2858027
2858057
2858124
2858152
2858488
2858820
2858837
2858944
2858949
2858974
2858986
2858998
2859824
2859853
2859976
2860052
2860208
2860217
2860219
2860271
2860286
2860457
2860541
2860819
2860820
2860874
2860875
2860902
2860937
2861318
2861350
2861370
2861462
2861746
2861801
2861928
2861935
2862108
2862151
2862161
2862185
2862246
2862261
2862299
2862353
2862527
2862595
2863044
2863118
2863517
2863553
2863594
2863810
2863878
2863947
2864053
2864115
2864156
2864172
2864358
2864473
2864488
2864606
2864645
2864791
2864799
2864806
2864882
2865048
2865089
2865093
2865315
2865386
2865413
2865465
2865538
2865651
2865936
2866138
2866259
2866485
2866515
2866607
2866717
2866770
2866936
2867241
2867296
2867572
2867622
2867671
2867714
2867887
2867976
2868112
2868154
2868312
2868448
2868531
2868674
2868678
2868714
2868789
2868858
2869039
2869052
2869137
2869213
2869423
2869499
2869514
2869689
2869734
2869744
2869847
2869848
2870072
2870302
2870379
2870432
2870435
2870453
2870581
2870605
2870613
2870894
2871281
2871590
2871738
2871748
2871764
2871812
2872238
2872243
2872256
2872424
2872488
2872541
2872615
2872663
2872685
2872694
2872770
2872861
2873238
2873308
2873391
2873448
2873617
2873793
2873796
2873877
2873917
2873964
2874216
2874358
2874389
2874685
2874833
2874963
2875056
2875094
2875308
2875477
2875564
2875654
2875719
2875879
2875894
2875920
2876093
2876481
2876519
2876938
2877107
2877144
2877285
2877429
2877486
2877641
2877679
2877817
2877833
2878271
2878314
2878426
2878490
2878651
2878744
2878801
2878945
2879215
2879368
2879657
2879675
2879691
2879934
2879955
2880361
2880842
2880884
2881078
2881227
2881248
2881418
2881515
2881533
2881562
2881592
2881606
2881685
2881693
2881874
2881997
2882102
2882109
2882229
2882329
2882385
2882434
2882495
2882648
2882724
2882815
2883028
2883075
2883090
2883176
2883238
2883262
2883351
2883582
2883751
2883821
2883872
2884001
2884076
2884150
2884170
2884256
2884694
2884720
2885085
2885099
2885274
2885358
2885439
2885462
2885616
2885805
2885948
2886059
2886123
2886151
2886164
2886230
2886245
2886483
2886489
2886631
2886830
2886897
2886908
2886987
2887033
2887041
2887226
2887248
2887318
2887329
2887355
2887415
2887584
2887622
2887800
2887972
2888504
2888581
2888602
2888609
2888731
2888866
2888889
2889171
2889206
2889223
2889568
2889610
2889666
2889689
2889769
2889785
2889792
2889856
2889943
2890021
2890064
2890441
2890474
2890636
2890785
2891092
2891111
2891210
2891289
2891486
2891498
2891508
2891509
2891567
2891984
2892114
2892147
2892168
2892181
2892183
2892187
2892188
2892191
2892209
2892227
2892243
2892281
2892325
2892557
2892592
2892731
2892910
2892998
2893084
2893117
2893218
2893285
2893317
2893364
2893447
2893485
2893548
2893687
2893742
2893763
2893964
2894047
2894129
2894154
2894368
2894430
2894446
2894480
2894500
2894679
2894815
2894852
2894970
2895193
2895273
2895394
2895545
2895555
2895698
2895741
2895789
2895871
2895947
2896011
2896040
2896162
2896215
2896224
2896404
2896584
2896681
2896685
2896726
2896748
2896782
2897010
2897043
2897045
2897190
2897613
2897723
2897846
2898009
2898024
2898028
2898039
2898127
2898187
2898202
2898279
2898395
2898436
2898768
2898826
2898838
2898905
2899130
2899154
2899218
2899371
2899506
2899511
2899546
2899650
2899772
2900346
2900395
2900601
2900645
2900825
2900853
2900945
2901003
2901039
2901046
2901135
2901137
2901184
2901457
2901558
2901599
2901734
2901797
2901848
2901936
2901969
2902066
2902155
2902246
2902364
2902520
2902622
2902696
2902747
2902888
2902963
2903247
2903313
2903416
2903437
2903545
2903588
2903604
2903774
2903784
2903875
2904088
2904147
2904205
2904277
2904298
2904364
2904481
2904644
2904820
2904865
2904942
2905143
2905173
2905184
2905235
2905284
2905329
2905330
2905870
2906303
2906335
2906575
2906592
2906627
2906738
2906755
2906784
2906927
2906961
2906995
2907052
2907549
2907594
2907936
2907971
2908029
2908049
2908053
2908116
2908354
2908405
2908456
2908584
2908624
2908625
2908743
2908756
2908773
2908865
2908970
2908978
2909201
2909221
2909346
2909391
2909554
2909570
2909633
2909703
2909794
2909960
2909981
2910049
2910054
2910139
2910349
2910490
2910727
2910845
2911040
2911201
2911252
2911270
2911276
2911304
2911311
2911356
2911399
2911410
2911560
2911746
2911904
2911953
2912043
2912227
2912291
2912606
2912708
2912779
2912833
2912862
2912883
2912895
2912959
2913124
2913155
2913323
2913399
2913531
2913550
2913680
2913684
2913716
2913927
2914158
2914232
2914270
2914299
2914373
2914589
2914602
2914604
2914792
2914824
2914996
2915034
2915044
2915052
2915068
2915244
2915258
2915284
2915308
2915319
2915393
2915614
2915646
2915661
2915720
2915743
2915781
2915894
2916473
2916850
2916910
2917111
2917245
2917385
2917563
2917573
2917776
2917868
2917880
2917931
2918022
2918061
2918082
2918101
2918161
2918337
2918537
2919224
2919407
2919425
2919471
2919593
2919654
2919707
2919791
2919915
2919997
2920010
2920027
2920241
2920886
2921008
2921108
2921114
2921127
2921131
2921262
2921583
2921658
2921697
2921972
2922028
2922081
2922144
2922303
2922524
2922587
2922792
2923046
2923064
2923073
2923201
2923204
2923226
2923386
2923403
2923469
2923518
2923721
2923767
2923870
2923908
2923988
2924083
2924116
2924166
2924247
2924661
2924681
2924772
2924934
2925205
2925272
2925294
2925466
2925487
2925570
2925586
2925640
2926312
2926453
2926456
2926662
2926692
2926716
2926759
2927093
2927119
2927159
2927274
2927615
2927652
2927866
2927938
2928080
2928099
2928145
2928227
2928550
2928643
2928773
2928893
2929140
2929184
2929285
2929411
2929517
2929615
2929677
2929746
2929816
2929856
2929916
2929930
2930050
2930073
2930085
2930122
2930255
2930377
2930386
2930509
2930519
2931020
2931024
2931046
2931071
2931080
2931151
2931158
2931205
2931220
2931235
2931684
2931788
2931854
2931983
2932016
2932063
2932070
2932266
2932339
2932448
2932521
2932562
2932798
2932899
2932971
2933042
2933316
2933439
2933451
2933461
2933468
2933701
2933792
2933847
2933924
2934109
2934220
2934282
2934331
2934679
2934696
2934743
2934859
2934893
2935059
2935096
2935256
2936049
2936239
2936466
2936712
2936963
2937130
2937217
2937233
2937234
2937235
2937238
2937262
2937527
2937615
2937629
2937666
2937713
2937997
2938496
2938601
2938642
2938922
2939269
2939292
2939868
2939892
2940101
2940156
2940278
2940293
2940366
2940389
2940483
2940549
2940578
2940795
2941261
2941300
2941340
2941478
2941511
2941596
2941601
2941630
2941638
2942013
2942236
2942257
2942288
2942406
2942498
2942531
2942614
2942702
2942838
2943015
2943059
2943147
2943201
2943257
2943397
2943447
2943549
2943618
2943642
2943650
2943683
2943967
2943982
2944039
2944051
2944095
2944133
2944232
2944253
2944413
2944470
2944545
2944715
2944945
2944968
2945093
2945097
2945188
2945216
2945261
2945275
2945512
2945536
2945800
2945920
2946121
2946281
2946419
2946551
2946565
2946660
2946748
2946805
2946890
2947061
2947098
2947144
2947300
2947395
2947761
2947853
2947906
2948283
2948357
2948360
2948364
2948570
2948588
2948684
2948819
2948932
2948959
2949008
2949082
2949140
2949187
2949199
2949353
2949404
2949414
2949496
2949743
2949744
2949787
2950022
2950023
2950140
2950299
2950370
2950438
2950672
2950691
2950721
2950804
2950945
2951004
2951017
2951052
2951329
2951411
2951426
2951508
2951574
2951601
2951667
2951705
2951769
2951874
2951907
2952083
2952144
2952204
2952219
2952234
2952293
2952384
2952416
2952430
2952480
2952601
2952868
2952974
2953031
2953038
2953058
2953308
2953381
2953410
2953461
2953483
2953538
2953594
2953654
2953849
2953860
2953945
2954100
2954318
2954362
2954431
2954436
2955028
2955065
2955209
2955411
2955883
2956401
2956605
2956652
2956696
2956847
2957023
2957071
2957152
2957317
2957327
2957477
2957501
2957589
2957617
2957843
2957973
2958037
2958152
2958199
2958276
2958279
2958370
2958826
2958839
2958864
2958999
2959008
2959147
2959209
2959256
2959300
2959489
2959582
2959704
2959831
2959883
2960016
2960244
2960257
2960325
2960545
2960553
2960570
2960602
2960638
2960645
2960687
2960735
2960756
2960885
2960999
2961124
2961265
2961374
2961405
2961590
2961669
2961717
2961810
2961823
2962007
2962055
2962097
2962271
2962279
2962536
2962820
2962972
2963082
2963164
2963206
2963252
2963265
2963567
2963646
2963651
2963698
2963754
2963927
2963974
2963993
2964070
2964154
2964163
2964178
2964469
2964520
2964530
2964800
2964937
2965090
2965273
2965392
2965437
2965509
2965606
2965680
2965696
2965853
2966062
2966571
2966812
2966832
2966895
2967027
2967132
2967284
2967539
2967643
2967670
2967919
2968103
2968181
2968194
2968364
2968490
2968504
2968622
2968796
2968847
2968884
2969023
2969163
2969536
2969594
2969744
2970227
2970299
2970414
2970502
2970526
2970610
2970737
2970826
2970833
2970961
2970965
2971071
2971234
2971325
2971389
2971433
2971525
2971625
2972044
2972363
2972427
2972443
2972503
2972507
2972522
2972623
2972675
2973069
2973384
2973420
2973491
2973514
2973520
2973639
2973660
2973785
2973886
2973938
2973992
2974072
2974114
2974196
2974331
2974427
2974479
2974662
2974750
2975106
2975243
2975394
2975396
2975455
2975498
2975534
2975581
2975666
2975676
2975681
2975734
2975946
2975951
2976062
2976107
2976128
2976167
2976322
2976645
2976761
2976765
2976836
2976843
2976845
2976858
2977141
2977261
2977363
2977500
2977664
2977768
2977813
2978030
2978049
2978296
2978366
2978499
2978701
2978874
2979208
2979261
2979280
2979305
2979641
2979656
2979781
2979917
2980140
2980141
2980159
2980456
2980468
2980473
2980734
2980795
2980831
2980910
2980962
2981028
2981250
2981279
2981328
2981393
2981398
2981450
2981583
2981806
2981946
2982564
2982760
2982959
2983082
2983104
2983303
2983353
2983378
2983446
2983541
2983550
2983695
2983950
2984113
2984396
2984473
2984499
2984511
2984697
2984754
2984846
2984887
2985094
2985118
2985216
2985246
2985316
2985710
2985854
2985869
2985921
2986266
2986495
2986858
2986987
2987042
2987064
2987401
2987412
2987587
2987591
2987625
2987629
2987644
2987678
2987706
2987951
2988152
2988168
2988199
2988234
2988254
2988274
2988285
2988316
2988437
2988540
2988603
2988923
2988947
2989131
2989367
2989546
2989616
2989641
2989775
2989876
2989928
2990045
2990068
2990073
2990095
2990119
2990576
2990675
2990681
2990808
2991006
2991111
2991129
2991487
2991682
2991766
2991815
2991870
2991988
2992071
2992231
2992318
2992401
2992513
2992608
2992800
2993109
2993249
2993252
2993263
2993559
2993572
2993691
2993878
2994009
2994037
2994203
2994250
2994253
2994313
2994320
2994367
2994394
2994422
2994429
2994466
2994599
2994614
2995031
2995086
2995143
2995280
2995284
2995457
2995466
2995690
2995695
2995705
2995783
2995919
2996030
2996103
2996312
2996363
2996498
2996679
2996713
2996958
2997062
2997106
2997133
2997171
2997212
2997352
2997400
2997410
2997475
2997572
2997670
2997906
2997938
2997965
2997999
2998013
2998159
2998330
2998340
2998356
2998371
2998430
2998614
2998676
2998791
2998858
2999032
2999197
2999245
2999318
2999358
2999427
2999456
2999696
2999700
2999760
2999862
3000000
3000227
3000381
3000400
3000439
3000587
3000650
3000904
3001238
3001327
3001422
3001467
3001556
3001869
3001886
3001923
3001983
3001988
3002112
3002159
3002176
3002284
3002438
3002464
3002663
3002672
3002821
3002907
3003226
3003294
3003403
3003409
3003522
3003523
3003751
3003833
3004108
3004254
3004330
3004601
3004622
3004639
3004800
3004941
3004985
3005108
3005109
3005164
3005253
3005313
3005499
3005574
3005687
3005747
3005786
3005797
3005843
3005896
3005925
3006016
3006119
3006183
3006247
3006316
3006328
3006373
3006376
3006508
3006509
3006687
3006691
3006833
3006939
3007042
3007175
3007206
3007207
3007215
3007233
3007256
3007503
3007600
3007714
3007716
3007828
3007946
3008101
3008164
3008175
3008186
3008400
3008464
3008477
3008611
3008706
3008770
3008774
3008990
3009056
3009228
3009751
3009784
3009835
3009860
3010007
3010497
3010505
3010580
3011165
3011172
3011455
3011569
3011686
3011911
3011942
3012280
3012356
3012419
3012430
3012453
3012455
3012464
3012538
3012711
3012743
3012864
3013073
3013124
3013126
3013137
3013173
3013199
3013264
3013609
3013694
3013912
3013985
3014046
3014123
3014131
3014823
3014882
3014909
3015162
3015185
3015216
3015271
3015296
3015325
3015465
3015472
3015523
3015609
3015653
3015715
3016026
3016142
3016596
3016629
3016786
3017140
3017143
3017197
3017447
3017514
3017534
3017604
3017775
3017815
3017818
3017907
3017911
3018016
3018070
3018147
3018235
3018313
3018741
3018825
3018839
3019049
3019058
3019062
3019067
3019203
3019227
3019463
3019588
3019658
3019685
3020006
3020259
3020308
3020332
3020373
3020389
3020419
3020444
3020676
3020843
3020877
3020921
3020942
3020964
3020993
3021049
3021217
3021248
3021295
3021307
3021407
3021542
3021653
3021655
3021777
3021826
3021986
3022075
3022090
3022124
3022185
3022252
3022424
3022446
3022579
3022603
3022757
3023229
3023340
3023546
3023792
3023802
3023985
3024002
3024088
3024303
3024362
3024528
3024654
3024774
3024857
3024877
3024915
3024949
3025201
3025208
3025221
3025251
3025278
3025339
3025452
3025522
3025523
3025644
3025652
3025712
3026042
3026169
3026172
3026233
3026255
3026278
3026409
3026690
3026773
3026777
3026855
3026951
3026968
3027022
3027041
3027108
3027300
3027326
3027412
3027660
3027710
3027749
3028008
3028051
3028276
3028293
3028409
3028573
3028589
3028660
3028754
3028756
3028998
3029197
3029279
3029438
3029445
3029510
3029553
3029577
3029734
3029890
3030001
3030053
3030105
3030134
3030292
3030311
3030584
3030603
3030648
3030722
3031029
3031053
3031208
3031231
3031406
3031425
3031473
3031711
3031974
3032232
3032383
3032565
3032580
3032593
3032680
3032949
3033207
3033468
3033541
3033614
3033757
3033941
3034075
3034128
3034314
3034320
3034398
3034470
3034477
3034518
3034519
3034543
3034836
3035005
3035225
3035259
3035522
3035565
3035568
3035622
3035685
3035721
3035724
3035876
3035916
3036071
3036136
3036351
3036454
3036491
3036523
3036703
3037062
3037260
3037281
3037363
3037839
3037860
3037978
3037983
3038117
3038373
3038437
3038668
3038700
3038787
3038928
3038955
3038956
3039011
3039020
3039066
3039312
3039329
3039404
3039431
3039599
3039603
3039659
3039689
3039788
3039980
3040050
3040073
3040075
3040260
3040262
3040298
3040468
3040471
3040542
3040557
3040663
3040836
3040853
3040937
3041012
3041021
3041087
3041205
3041354
3041362
3041386
3041434
3041473
3041694
3041760
3041774
3041795
3041826
3041853
3041886
3041945
3041956
3042090
3042120
3042219
3042577
3042592
3042789
3042816
3042826
3042828
3042873
3043210
3043222
3043354
3043501
3043561
3043580
3043654
3043720
3043834
3043914
3043965
3044214
3044375
3044492
3044761
3044768
3044912
3044992
3045022
3045038
3045091
3045119
3045259
3045451
3045569
3045573
3045690
3045710
3045757
3045922
3045991
3046078
3046096
3046133
3046604
3046635
3046654
3046663
3046887
3046930
3047046
3047416
3047421
3047526
3047544
3047659
3047727
3047868
3047968
3048016
3048233
3048257
3048322
3048347
3048447
3048727
3048739
3048768
3048769
3048987
3049079
3049177
3049236
3049270
3049298
3049410
3049575
3049595
3049681
3049768
3049889
3049890
3049937
3050017
3050195
3050246
3050365
3050488
3050630
3050688
3050883
3051068
3051168
3051217
3051222
3051256
3051308
3051717
3051776
3051819
3051843
3051911
3052049
3052053
3052073
3052172
3052217
3052244
3052364
3052406
3052939
3053000
3053025
3053192
3053277
3053404
3053828
3053868
3053916
3054003
3054076
3054147
3054182
3054226
3054309
3054512
3054549
3054566
3054720
3055125
3055150
3055162
3055193
3055241
3055321
3055473
3055597
3055655
3055766
3055949
3056023
3056122
3056289
3056349
3056402
3056521
3056535
3056556
3056565
3056625
3056672
3056760
3056869
3056877
3056997
3057114
3057128
3057143
3057187
3057309
3057423
3057443
3057700
3057715
3057750
3057786
3058007
3058040
3058104
3058193
3058284
3058341
3058492
3058623
3058690
3058816
3058832
3058865
3058957
3058985
3059024
3059045
3059316
3059422
3059494
3059502
3059550
3059565
3059700
3059733
3059822
3060115
3060116
3060435
3060628
3060689
3060722
3060816
3060840
3060888
3060974
3061027
3061051
3061104
3061151
3061171
3061375
3061518
3061529
3061551
3061665
3061778
3061948
3061975
3062070
3062242
3062315
3062381
3062454
3062607
3062661
3062666
3062738
3062929
3062999
3063104
3063124
3063143
3063239
3063241
3063285
3063343
3063503
3063507
3063855
3063899
3064052
3064154
3064398
3064585
3064655
3064665
3064715
3064791
3065061
3065212
3065219
3065290
3065305
3065337
3065364
3065421
3065427
3065547
3065563
3065595
3065681
3065783
3065871
3065986
3066141
3066451
3066488
3066509
3066656
3066808
3066891
3066957
3067254
3067312
3067352
3067605
3068010
3068075
3068180
3068196
3068407
3069133
3069267
3069348
3069424
3069534
3069770
3069807
3069860
3069872
3069935
3069950
3069976
3070058
3070180
3070351
3070454
3070520
3070565
3070743
3070787
3070877
3070943
3071008
3071031
3071181
3071222
3071236
3071467
3071571
3071642
3071663
3071712
3071753
3072017
3072228
3072270
3072405
3072432
3072522
3072793
3072828
3072959
3072983
3072996
3073014
3073038
3073401
3073451
3073466
3073600
3073820
3073830
3073853
3073956
3074127
3074150
3074155
3074192
3074368
3074414
3074508
3074555
3074641
3074678
3074772
3074785
3074881
3074906
3074946
3074998
3075120
3075356
3075387
3075512
3075569
3075605
3076092
3076164
3076373
3076432
3076516
3076585
3076603
3076808
3077279
3077462
3077543
3077748
3077777
3077905
3078073
3078085
3078205
3078310
3078319
3078462
3078463
3078761
3078827
3078869
3078873
3078968
3078979
3079013
3079043
3079150
3079183
3079260
3079290
3079364
3079388
3079448
3079452
3079454
3079626
3079769
3079884
3080053
3080175
3080403
3080404
3080583
3080585
3080591
3080608
3080747
3080908
3080961
3081019
3081192
3081248
3081309
3081439
3081519
3081600
3081611
3081628
3081636
3081754
3081965
3081972
3081997
3082016
3082025
3082138
3082241
3082332
3082342
3082425
3082528
3082585
3082601
3082667
3082765
3082886
3082901
3083045
3083137
3083226
3083301
3083336
3083404
3083416
3083598
3083803
3084016
3084046
3084115
3084259
3084300
3084467
3084647
3084679
3084930
3085061
3085127
3085377
3085470
3085725
3085766
3085883
3085948
3085951
3085975
3086027
3086184
3086519
3086798
3086877
3086950
3086971
3087026
3087049
3087062
3087080
3087319
3087357
3087420
3087642
3087784
3087817
3088014
3088178
3088181
3088209
3088291
3088365
3088572
3088614
3088691
3088775
3088797
3088842
3088896
3088977
3089192
3089238
3089349
3089374
3089384
3089459
3089523
3089574
3089646
3089685
3089697
3089730
3089933
3090241
3090331
3090351
3090455
3090460
3090520
3090527
3090717
3090866
3090973
3091016
3091066
3091099
3091188
3091354
3091395
3091545
3091596
3091731
3091821
3092120
3092237
3092264
3092333
3092364
3092413
3092536
3092641
3092765
3092824
3092839
3092879
3093004
3093161
3093165
3093192
3093587
3093773
3094154
3094272
3094349
3094695
3094970
3095133
3095178
3095206
3095221
3095344
3095481
3095514
3095571
3095614
3095974
3096028
3096082
3096117
3096294
3096339
3096493
3096496
3096567
3096588
3096647
3096663
3096821
3096897
3097043
3097107
3097219
3097412
3097429
3097591
3097834
3097972
3098123
3098240
3098331
3098342
3098352
3098422
3098475
3098505
3098617
3098674
3098719
3098724
3098729
3098818
3098912
3099107
3099250
3099288
3099364
3099507
3099539
3099711
3099840
3099860
3099924
3100024
3100047
3100108
3100136
3100269
3100297
3100305
3100546
3101074
3101182
3101263
3101332
3101344
3101486
3101582
3101605
3101607
3101630
3101693
3101897
3101911
3101918
3101994
3102077
3102091
3102135
3102261
3102498
3102724
3102771
3102852
3102872
3102908
3103100
3103153
3103193
3103194
3103222
3103244
3103323
3103509
3103511
3103673
3103813
3103850
3103857
3104174
3104286
3104303
3104464
3104556
3104609
3104673
3104805
3104830
3104953
3104957
3104983
3105067
3105135
3105172
3105191
3105264
3105318
3105495
3105518
3105549
3105613
3105684
3105723
3105850
3105938
3106073
3106074
3106415
3106432
3106471
3106509
3106674
3107038
3107039
3107054
3107089
3107090
3107186
3107221
3107237
3107351
3107384
3107411
3107731
3107796
3107800
3107807
3107858
3107913
3107995
3108021
3108202
3108429
3108438
3108467
3108599
3108653
3108687
3108745
3108886
3108947
3109079
3109123
3109233
3109277
3109468
3109476
3109512
3109590
3109595
3109727
3109765
3109781
3109804
3109814
3109969
3110053
3110057
3110270
3110276
3110385
3110478
3110819
3110849
3110900
3111023
3111035
3111124
3111379
3111658
3111717
3111848
3111897
3111903
3111910
3111961
3112021
3112084
3112270
3112544
3112571
3112579
3112760
3112762
3112775
3112952
3112980
3113133
3113227
3113283
3113422
3113519
3113613
3113623
3113871
3114094
3114180
3114306
3114593
3114650
3114990
3115203
3115399
3115408
3115519
3115565
3115848
3115991
3116195
3116276
3116371
3116424
3116437
3116579
3116621
3116758
3116773
3116790
3116952
3117038
3117208
3117369
3117406
3117592
3117757
3117761
3117854
3117910
3117912
3118031
3118088
3118209
3118456
3118458
3118493
3118593
3118607
3118789
3118972
3119195
3119317
3119395
3119495
3119627
3119673
3119686
3119690
3119776
3119941
3119969
3119997
3120093
3120141
3120184
3120425
3120489
3120535
3120537
3120567
3120675
3120793
3120798
3120799
3120823
3120905
3121157
3121310
3121453
3121584
3121592
3121662
3121718
3121812
3121844
3121849
3121938
3121978
3121992
3122075
3122252
3122269
3122357
3122422
3122877
3122892
3122976
3123016
3123018
3123041
3123064
3123109
3123154
3123603
3123765
3123769
3123915
3124078
3124191
3124206
3124299
3124599
3124610
3124623
3124671
3124678
3124744
3124947
3124967
3124972
3125056
3125204
3125244
3125326
3125375
3125409
3125585
3125637
3125696
3125733
3125766
3125768
3126138
3126293
3126373
3126492
3126506
3126565
3126940
3127002
3127026
3127134
3127141
3127232
3127254
3127259
3127685
3127832
3127852
3128000
3128129
3128417
3128469
3128476
3128516
3128638
3128652
3128653
3128763
3128936
3128978
3129018
3129059
3129557
3129559
3129619
3129720
3129737
3129870
3129990
3130317
3130784
3130796
3130889
3130918
3130925
3130988
3131032
3131350
3131412
3131424
3131568
3131576
3131911
3132338
3132344
3132348
3132446
3132792
3132795
3132865
3133148
3133273
3133349
3133394
3133396
3133769
3133886
3133907
3134096
3134137
3134216
3134252
3134518
3134534
3134542
3134802
3134815
3134945
3135004
3135092
3135167
3135217
3135416
3135433
3135449
3135468
3135616
3135718
3135744
3135785
3135848
3136225
3136389
3136413
3136500
3136501
3136536
3136542
3136547
3136729
3136981
3137121
3137322
3137542
3137586
3137807
3137895
3138038
3138311
3138364
3138386
3138461
3138470
3138471
3138597
3138713
3138846
3138947
3139157
3139310
3139382
3139425
3139545
3139735
3139889
3139946
3139947
3139975
3140187
3140229
3140271
3140366
3140632
3140707
3140756
3140862
3140987
3141009
3141025
3141158
3141218
3141263
3141285
3141853
3142045
3142340
3142489
3142523
3142540
3142670
3142700
3142749
3142863
3143202
3143209
3143290
3143350
3143458
3143506
3143532
3143553
3143557
3143559
3143647
3143686
3143711
3143804
3143819
3143835
3143868
3143971
3143987
3144037
3144058
3144078
3144119
3144176
3144312
3144388
3144543
3144673
3144733
3144744
3144819
3144999
3145021
3145024
3145090
3145108
3145177
3145214
3145237
3145434
3145549
3145562
3145761
3145866
3146038
3146165
3146220
3146334
3146492
3146667
3146784
3146854
3146932
3147010
3147170
3147193
3147285
3147393
3147430
3147461
3147709
3147787
3148024
3148115
3148152
3148334
3148426
3148505
3148725
3148746
3148807
3148846
3148890
3149002
3149084
3149123
3149179
3149186
3149363
3149382
3149391
3149724
3149744
3149779
3149809
3149847
3149853
3149876
3149948
3150123
3150198
3150237
3150270
3150325
3150464
3150547
3150642
3150647
3150869
3150913
3151121
3151125
3151381
3151387
3151502
3151635
3151903
3152102
3152337
3152448
3152463
3152479
3152644
3152803
3152876
3152900
3152919
3153071
3153353
3153354
3153435
3153699
3153735
3154064
3154127
3154138
3154231
3154524
3154584
3154744
3154830
3154853
3155126
3155157
3155291
3155303
3155319
3155346
3155403
3155481
3155586
3155685
3155967
3156021
3156174
3156227
3156333
3156372
3156686
3156713
3156729
3157000
3157021
3157068
3157073
3157096
3157271
3157725
3157827
3157848
3158025
3158341
3158661
3158686
3158904
3158981
3159008
3159130
3159162
3159380
3159629
3159658
3159659
3159728
3159759
3159800
3159812
3159837
3159899
3160159
3160285
3160610
3160708
3160780
3160927
3160964
3161035
3161350
3161416
3161781
3161911
3162047
3162076
3162566
3162591
3162616
3162701
3162957
3163007
3163015
3163217
3163303
3163331
3163525
3163569
3163621
3163628
3163705
3163787
3163809
3164029
3164037
3164245
3164309
3164492
3164673
3164844
3164942
3164944
3164960
3165097
3165248
3165466
3165470
3165472
3165488
3165539
3165585
3166106
3166185
3166275
3166500
3166533
3166596
3166655
3166716
3166735
3166761
3167122
3167132
3167367
3167417
3167534
3167843
3167894
3167906
3168005
3168082
3168616
3168655
3168687
3168709
3168754
3168889
3169016
3169168
3169282
3169286
3169393
3169406
3169416
3169722
3169776
3169964
3169967
3170211
3170234
3170256
3170346
3170388
3170394
3170477
3170679
3170775
3170791
3170869
3170956
3170966
3171010
3171198
3171201
3171216
3171501
3171544
3171586
3171672
3171903
3171918
3171994
3172002
3172028
3172118
3172233
3172238
3172366
3172419
3172522
3172579
3172598
3172605
3172615
3172935
3172965
3173231
3173627
3173668
3173809
3173875
3174002
3174185
3174192
3174227
3174252
3174348
3174417
3174590
3174678
3174763
3174783
3175110
3175123
3175415
3175447
3175470
3175785
3175884
3175931
3176027
3176087
3176421
3176430
3176454
3176514
3176992
3177026
3177058
3177113
3177119
3177169
3177403
3177418
3177449
3177637
3177664
3177685
3177839
3177848
3177943
3178117
3178434
3178495
3178510
3178593
3178643
3178787
3178802
3178955
3178962
3179028
3179050
3179064
3179202
3179339
3179340
3179363
3179373
3179388
3179456
3179591
3179594
3180167
3180181
3180376
3180456
3180570
3180718
3180927
3181141
3181161
3181416
3181474
3181563
3181880
3181945
3182232
3182320
3182329
3182524
3182548
3182588
3182730
3182746
3182953
3183026
3183272
3183371
3183574
3183810
3183840
3183850
3184024
3184067
3184073
3184081
3184156
3184210
3184283
3184303
3184379
3184418
3184433
3184536
3184544
3184567
3184641
3184717
3184723
3184802
3184806
3184865
3185023
3185071
3185087
3185098
3185183
3185303
3185366
3185512
3185580
3185682
3185851
3185873
3186040
3186341
3186516
3186626
3186690
3186854
3186958
3186962
3186992
3186998
3187041
3187419
3187494
3187587
3187683
3187791
3187864
3188135
3188813
3188834
3189089
3189363
3189386
3189390
3189407
3189430
3189552
3189559
3189629
3189706
3189811
3189872
3190107
3190190
3190254
3190379
3190428
3190599
3190894
3190963
3190974
3191116
3191121
3191146
3191170
3191223
3191262
3191302
3191378
3191431
3191435
3191486
3191684
3191750
3191824
3192042
3192108
3192156
3192203
3192406
3192523
3192584
3192830
3192883
3192933
3193108
3193254
3193294
3193544
3193631
3193645
3193749
3193987
3193999
3194023
3194273
3194366
3194500
3194586
3194598
3194865
3194892
3194975
3195310
3195345
3195422
3195549
3195634
3195644
3195740
3195783
3196011
3196100
3196191
3196704
3196705
3196717
3196852
3196884
3196974
3197124
3197167
3197240
3197291
3197326
3197331
3197367
3197777
3197788
3197789
3197801
3198026
3198034
3198068
3198115
3198140
3198290
3198301
3198346
3198364
3198394
3198397
3198484
3198497
3198580
3198614
3198634
3198753
3198818
3198985
3199065
3199128
3199267
3199305
3199341
3199507
3199807
3199827
3200058
3200259
3200358
3200543
3200855
3200909
3200911
3201164
3201190
3201271
3201371
3201380
3201436
3201442
3201467
3201611
3201652
3201813
3201818
3201925
3201938
3202083
3202188
3202320
3202373
3202396
3202475
3202576
3202591
3202647
3202678
3202816
3202856
3202863
3202869
3202930
3203025
3203041
3203339
3203475
3203498
3203559
3203608
3203702
3203769
3203780
3203896
3204126
3204164
3204206
3204332
3204471
3204542
3204594
3204626
3204653
3204683
3204861
3205093
3205160
3205717
3206132
3206160
3206411
3206439
3206488
3206667
3206677
3206688
3206879
3206901
3206910
3206983
3207041
3207229
3207254
3207444
3207478
3207509
3207510
3207734
3207858
3207894
3207951
3207975
3208043
3208050
3208102
3208171
3208187
3208232
3208258
3208292
3208300
3208438
3208874
3208923
3209008
3209214
3209345
3209364
3209432
3209559
3209782
3209830
3209849
3209990
3210038
3210111
3210117
3210194
3210303
3210341
3210343
3210401
3210456
3210535
3210697
3210745
3210785
3210896
3210907
3211018
3211243
3211322
3211438
3211485
3211552
3211594
3211604
3211615
3211702
3211842
3212087
3212116
3212200
3212415
3212627
3212786
3212870
3213067
3213102
3213284
3213504
3213831
3213842
3213870
3213910
3213975
3214032
3214209
3214247
3214314
3214434
3214439
3214445
3214731
3215078
3215260
3215388
3215397
3215405
3215583
3215732
3215794
3215824
3215839
3215862
3215909
3215960
3216078
3216108
3216147
3216238
3216592
3216774
3216891
3216979
3216983
3216995
3217335
3217350
3217403
3217603
3217618
3217628
3217707
3217745
3217750
3217814
3218008
3218037
3218318
3218428
3218449
3218782
3218967
3219122
3219205
3219261
3219367
3219402
3219657
3219966
3220173
3220400
3220492
3220563
3220603
3220620
3220659
3220682
3220858
3220985
3221164
3221347
3221357
3221376
3221392
3221401
3221518
3221720
3221958
3222090
3222302
3222495
3222530
3222787
3222820
3222844
3222935
3223056
3223072
3223286
3223354
3223397
3223400
3223430
3223640
3223644
3223770
3223889
3223951
3224185
3224263
3224434
3224731
3224773
3224795
3224896
3225010
3225371
3225390
3225422
3225516
3225635
3225676
3225714
3225793
3225897
3226073
3226287
3226426
3226536
3226560
3226574
3226836
3226858
3226953
3226954
3227243
3227363
3227473
3227617
3227618
3227663
3227926
3227936
3227942
3228165
3228343
3228404
3228414
3228429
3228573
3228633
3228673
3228708
3228877
3228901
3229096
3229152
3229207
3229225
3229290
3229539
3229581
3229898
3229917
3229943
3229956
3230292
3230320
3230401
3230456
3230587
3230620
3230660
3230701
3230723
3230892
3231286
3231287
3231393
3231487
3231553
3231789
3231840
3231906
3232166
3232219
3232644
3232700
3232750
3232783
3233059
3233117
3233477
3233496
3233596
3233865
3233870
3233966
3233982
3234020
3234230
3234566
3234588
3234670
3234681
3234773
3235430
3235435
3235565
3235790
3235895
3236043
3236362
3236372
3236540
3236631
3236651
3236719
3236952
3236974
3237065
3237338
3237558
3237610
3237699
3237720
3237766
3237887
3237969
3237973
3237994
3238010
3238155
3238403
3238430
3238493
3238629
3238774
3239195
3239206
3239408
3239516
3239526
3239613
3239736
3239896
3240078
3240296
3240789
3240827
3240957
3241054
3241091
3241215
3241222
3241298
3241384
3241521
3241534
3241545
3241568
3241613
3241716
3242104
3242107
3242126
3242201
3242207
3242265
3242287
3242297
3242348
3242454
3242524
3242553
3242679
3242773
3243068
3243205
3243233
3243243
3243345
3243584
3243640
3243664
3243779
3243835
3243868
3243893
3243924
3244032
3244086
3244305
3244357
3244383
3244484
3244782
3244890
3244929
3244953
3244978
3245040
3245044
3245065
3245076
3245497
3245567
3245639
3245848
3245870
3245932
3245960
3246019
3246514
3246919
3247042
3247080
3247114
3247221
3247277
3247307
3247442
3247545
3247655
3247758
3247766
3247781
3247805
3247812
3247890
3248111
3248141
3248160
3248346
3248433
3248542
3248746
3248755
3248782
3248846
3248874
3248912
3248933
3249014
3249019
3249303
3249329
3249419
3249426
3249428
3249449
3249522
3249791
3249853
3249946
3250220
3250323
3250537
3250547
3250555
3250609
3250714
3250839
3250876
3250950
3251083
3251139
3251198
3251230
3251233
3251493
3251559
3251653
3251845
3251939
3251997
3252119
3252138
3252213
3252215
3252274
3252337
3252470
3252690
3252708
3252785
3252798
3252919
3252924
3252952
3253116
3253157
3253237
3253281
3253498
3253526
3253689
3253710
3253873
3253959
3253971
3254123
3254310
3254351
3254384
3254490
3254498
3254569
3254571
3254655
3254697
3254699
3255142
3255274
3255318
3255383
3255483
3255496
3255506
3255537
3255565
3255681
3255713
3256135
3256154
3256216
3256347
3256365
3256413
3256494
3256520
3256623
3256757
3256807
3256943
3256957
3256996
3257046
3257470
3257536
3257718
3257972
3258006
3258009
3258020
3258043
3258056
3258091
3258102
3258158
3258162
3258207
3258250
3258271
3258362
3258371
3258443
3258533
3258572
3258575
3258724
3258898
3258969
3259114
3259245
3259335
3259441
3259701
3259707
3259734
3259973
3260197
3260224
3260236
3260415
3260484
3260520
3260600
3260611
3260628
3260830
3260845
3260974
3261017
3261202
3261283
3261339
3261405
3261457
3261525
3261796
3261825
3261948
3262015
3262054
3262064
3262067
3262140
3262263
3262358
3262361
3262380
3262526
3262527
3262538
3262751
3262944
3262974
3263048
3263085
3263302
3263343
3263374
3263422
3263578
3263863
3263872
3263920
3264027
3264084
3264105
3264199
3264630
3264642
3264741
3264783
3264866
3265207
3265265
3265374
3265657
3265892
3266122
3266178
3266205
3266212
3266270
3266272
3266291
3266345
3266456
3266528
3266730
3266845
3266951
3267234
3267260
3267314
3267425
3267473
3267688
3267713
3267909
3267974
3268040
3268131
3268284
3268371
3268418
3268483
3268683
3268800
3268981
3269023
3269059
3269167
3269255
3269286
3269356
3269425
3269682
3269758
3269769
3269977
3270006
3270022
3270122
3270167
3270278
3270317
3270419
3270663
3270672
3270713
3270759
3270874
3270945
3271054
3271156
3271255
3271283
3271325
3271418
3271455
3271503
3271573
3271665
3271733
3271845
3271872
3272039
3272072
3272123
3272687
3272689
3272806
3272896
3273099
3273142
3273299
3273871
3273885
3273908
3274002
3274127
3274246
3274303
3274375
3274484
3274605
3274624
3274673
3274791
3274817
3274867
3275103
3275116
3275117
3275200
3275317
3275397
3275473
3275599
3275637
3275725
3275842
3275991
3276038
3276138
3276416
3276585
3276717
3276719
3276932
3277116
3277119
3277377
3277462
3277607
3277633
3277663
3277706
3277720
3277828
3277944
3278289
3278460
3278793
3278875
3278920
3279036
3279038
3279261
3279271
3279324
3279592
3279760
3279838
3280036
3280046
3280065
3280094
3280100
3280126
3280255
3280424
3280427
3280462
3280669
3280729
3280821
3281069
3281153
3281228
3281484
3281502
3281523
3281667
3281668
3281765
3281917
3281949
3281991
3282024
3282053
3282076
3282239
3282382
3282436
3282437
3282507
3282558
3282634
3282639
3282651
3282710
3282714
3282788
3283015
3283305
3283528
3283558
3283565
3283571
3283707
3283735
3283808
3283919
3284167
3284201
3284274
3284452
3284515
3284572
3284737
3284772
3284792
3284881
3284885
3284957
3284992
3285021
3285029
3285168
3285278
3285287
3285289
3285342
3285368
3285436
3285487
3285623
3285636
3285684
3285963
3286108
3286318
3286388
3286711
3286795
3286806
3286872
3286901
3287012
3287117
3287192
3287260
3287344
3287531
3287638
3287639
3287642
3287729
3287936
3288071
3288103
3288232
3288273
3288368
3288784
3288787
3288873
3288939
3288994
3289108
3289131
3289271
3289500
3289605
3289820
3289827
3289836
3289885
3290003
3290057
3290072
3290096
3290113
3290262
3290271
3290519
3290587
3290695
3290737
3290755
3290979
3291126
3291228
3291383
3291416
3291464
3291553
3291559
3291637
3291791
3291886
3291935
3292295
3292332
3292360
3292397
3292511
3292536
3292635
3292776
3292853
3292873
3293065
3293199
3293220
3293342
3293344
3293437
3293459
3293468
3293531
3293543
3293550
3293555
3293618
3293628
3293754
3293934
3294204
3294238
3294455
3294741
3294749
3294867
3295063
3295151
3295304
3295336
3295339
3295417
3295563
3295677
3295686
3295772
3295825
3295940
3295945
3295959
3296017
3296102
3296195
3296380
3296466
3296482
3296569
3296577
3296634
3296736
3296872
3296950
3296989
3297131
3297524
3297733
3297890
3297915
3298049
3298074
3298107
3298168
3298265
3298267
3298353
3298473
3298506
3298800
3299031
3299093
3299225
3299252
3299448
3299599
3299629
3299711
3300006
3300138
3300157
3300167
3300310
3300316
3300324
3300455
3300457
3300465
3300825
3300869
3300871
3300936
3300965
3301006
3301065
3301119
3301121
3301140
3301218
3301316
3301326
3301645
3301859
3301947
3302017
3302236
3302319
3302405
3302433
3302465
3302580
3302671
3302763
3302794
3302832
3302862
3303134
3303294
3303663
3303664
3303669
3303732
3304266
3304466
3304529
3304776
3304789
3304854
3304902
3304996
3305183
3305340
3305502
3305567
3305731
3305790
3305843
3306278
3306289
3306436
3306766
3306882
3306884
3307290
3307336
3307432
3307553
3307676
3307723
3307728
3307732
3307781
3307826
3307860
3308011
3308283
3308429
3308490
3308805
3309029
3309050
3309055
3309121
3309195
3309398
3309442
3309480
3309521
3309697
3309708
3309740
3309984
3310191
3310286
3310334
3310556
3310703
3310715
3310804
3311062
3311086
3311163
3311249
3311292
3311459
3311862
3311888
3312111
3312142
3312229
3312267
3312362
3312516
3312538
3312700
3312728
3312760
3312824
3312827
3312905
3313241
3313253
3313386
3313595
3313603
3314024
3314046
3314368
3314455
3314517
3314539
3314570
3314795
3314958
3315053
3315114
3315172
3315186
3315229
3315250
3315274
3315350
3315406
3315526
3315574
3315692
3315703
3315908
3316063
3316161
3316246
3316315
3316344
3316352
3316425
3316460
3316591
3316625
3316723
3316770
3316815
3317180
3317515
3317649
3317780
3317949
3318039
3318161
3318327
3318520
3318529
3318533
3318564
3318573
3318575
3318816
3319031
3319177
3319261
3319390
3319437
3319546
3319550
3319729
3320599
3320675
3320762
3320817
3320847
3320867
3321057
3321186
3321250
3321260
3321580
3321736
3321759
3321816
3321928
3322120
3322168
3322186
3322260
3322491
3322507
3322591
3322685
3322728
3323391
3323724
3323773
3323847
3324002
3324012
3324115
3325050
3325197
3325309
3325471
3325750
3325858
3325919
3325977
3326048
3326395
3326425
3326470
3326706
3326763
3326807
3326826
3326891
3326910
3327037
3327260
3327393
3327443
3327568
3327576
3327579
3327604
3327617
3327738
3327767
3327848
3327903
3327948
3328043
3328136
3328139
3328235
3328452
3328480
3328597
3328600
3328735
3328756
3328810
3329008
3329083
3329179
3329198
3329283
3329481
3329576
3329637
3329821
3330225
3330311
3330466
3330697
3330898
3330967
3330992
3331274
3331376
3331404
3331476
3331487
3331517
3331728
3331838
3331850
3331914
3331995
3332038
3332309
3332327
3332392
3332417
3332837
3332876
3332897
3333657
3333658
3333813
3333883
3333953
3334157
3334424
3334433
3334505
3334629
3334710
3335147
3335157
3335192
3335226
3335235
3335277
3335298
3335883
3335887
3336264
3336300
3336457
3336599
3336670
3336688
3336847
3336997
3337251
3337368
3337392
3337470
3337477
3337633
3337658
3337668
3337688
3337728
3337825
3338135
3338169
3338184
3338266
3338610
3338744
3338747
3339030
3339115
3339174
3339427
3339510
3339529
3339630
3339816
3339873
3340301
3340389
3340590
3340604
3340661
3340694
3340777
3340832
3341016
3341327
3341359
3341483
3341570
3341627
3341907
3341923
3342042
3342046
3342117
3342146
3342151
3342187
3342292
3342529
3342613
3342651
3342657
3342660
3342730
3342750
3342751
3342874
3342876
3342910
3343040
3343056
3343072
3343174
3343252
3343292
3343324
3343382
3343431
3343442
3343484
3343657
3343705
3343846
3344057
3344317
3344362
3344385
3344490
3344646
3344790
3344833
3344867
3345148
3345232
3345248
3345270
3345384
3345436
3345451
3345498
3345623
3345703
3345713
3345751
3345780
3345784
3345880
3345983
3346151
3346322
3346370
3346473
3346505
3346741
3346820
3346826
3347045
3347109
3347182
3347402
3347414
3347453
3347518
3347573
3347744
3347762
3348040
3348230
3348725
3348885
3348903
3348909
3348985
3349028
3349076
3349126
3349174
3349205
3349269
3349361
3349434
3349528
3349652
3349912
3349925
3349935
3350199
3350294
3350479
3350510
3350629
3350684
3350773
3350787
3351003
3351014
3351190
3351216
3351226
3351284
3351332
3351422
3351614
3351642
3352090
3352349
3352456
3352612
3352661
3352818
3352834
3352846
3352898
3352958
3352988
3353080
3353252
3353267
3353377
3353423
3353452
3353553
3353584
3353810
3353912
3354035
3354128
3354268
3354307
3354488
3354501
3354615
3354618
3354678
3354781
3354893
3355099
3355140
3355327
3355488
3355499
3355570
3355613
3355712
3355826
3355914
3355935
3355943
3356085
3356129
3356221
3356287
3356375
3356491
3356594
3356665
3356737
3356815
3356917
3356940
3357050
3357181
3357244
3357255
3357516
3357534
3357557
3357593
3357792
3357859
3357883
3357964
3358244
3358311
3358343
3358479
3358605
3358606
3358619
3358626
3358655
3358971
3359079
3359251
3359261
3359271
3359408
3359554
3359599
3359764
3359782
3359900
3359995
3360109
3360169
3360292
3360457
3360512
3360578
3360777
3361050
3361153
3361296
3361316
3361526
3361555
3361876
3362181
3362210
3362253
3362381
3362879
3362972
3363003
3363016
3363155
3363297
3363321
3363363
3363480
3363507
3363512
3363615
3363741
3363744
3363787
3363889
3363982
3364096
3364397
3364429
3364539
3364570
3364751
3364898
3364969
3364978
3365284
3365298
3365740
3365798
3365892
3366079
3366387
3366906
3366934
3367004
3367065
3367183
3367197
3367312
3367476
3367533
3367537
3367706
3367899
3367909
3368097
3368165
3368413
3368478
3368646
3368661
3368857
3368916
3369168
3369229
3369252
3369478
3369560
3369848
3369875
3370013
3370310
3370543
3370601
3370798
3370853
3370995
3371292
3371512
3371522
3371664
3371748
3371850
3371943
3371951
3372293
3372395
3372425
3372442
3372450
3372575
3372604
3372657
3372702
3373276
3373382
3373645
3373740
3373750
3373896
3373918
3373944
3374000
3374086
3374177
3374384
3374600
3374658
3374666
3374681
3374694
3374732
3374801
3374886
3374958
3375157
3375175
3375289
3375532
3376393
3376459
3376503
3376509
3376514
3376591
3376605
3376681
3376914
3376957
3377029
3377153
3377233
3377327
3377384
3377674
3377699
3377736
3377897
3378239
3378574
3378691
3378730
3378863
3379062
3379102
3379128
3379222
3379224
3379246
3379268
3379288
3379585
3379732
3379858
3379860
3380026
3380120
3380292
3380327
3380582
3380641
3380707
3380757
3380817
3380862
3381010
3381132
3381168
3381205
3381328
3381457
3381458
3381565
3381606
3381611
3381729
3381793
3381800
3381822
3382396
3382426
3382439
3382697
3382784
3382887
3382913
3383015
3383151
3383295
3383298
3383437
3383462
3383674
3383770
3383821
3383890
3384052
3384092
3384359
3384599
3384788
3384950
3385056
3385058
3385115
3385136
3385140
3385146
3385184
3385195
3385237
3385299
3385431
3385449
3385450
3385941
3386007
3386033
3386163
3386341
3386387
3386395
3386567
3386623
3386697
3386797
3386838
3386851
3386858
3386916
3387029
3387111
3387229
3387241
3387338
3387549
3387629
3387682
3387888
3387956
3388219
3388522
3388563
3388576
3388617
3388677
3388695
3388713
3388748
3388874
3389060
3389084
3389233
3389429
3389432
3389512
3389518
3389540
3389717
3389734
3389881
3389887
3390029
3390116
3390234
3390460
3390483
3390501
3390548
3390617
3390663
3390681
3390721
3390736
3390779
3391117
3391292
3391757
3391904
3391972
3391987
3392020
3392079
3392155
3392426
3392555
3392605
3392657
3392710
3392798
3392935
3393002
3393502
3393529
3394087
3394157
3394207
3394307
3394343
3394345
3394462
3394531
3394584
3394618
3394663
3394748
3394756
3394897
3394987
3395211
3395230
3395338
3395388
3395440
3395548
3395729
3395784
3395803
3395876
3395958
3396047
3396321
3396330
3396384
3396398
3396437
3396507
3396542
3396718
3396728
3396776
3396833
3396929
3397027
3397071
3397123
3397272
3397332
3397486
3397553
3397557
3397704
3397771
3397840
3397918
3397937
3398017
3398097
3398380
3398516
3398550
3398725
3398905
3398912
3399477
3399803
3399857
3400213
3400277
3400479
3400579
3400752
3400882
3400940
3401012
3401066
3401138
3401363
3401693
3401719
3401809
3401883
3402097
3402285
3402385
3402477
3402512
3402522
3402526
3402527
3402563
3402673
3402741
3402956
3403069
3403103
3403231
3403277
3403347
3403401
3403724
3403844
3403994
3404283
3404405
3404588
3404692
3404871
3404925
3405168
3405172
3405206
3405307
3405362
3405372
3406066
3406226
3406467
3406574
3406649
3406691
3406787
3406823
3406950
3407122
3407166
3407181
3407427
3407837
3408328
3408344
3408348
3408406
3408498
3408751
3408959
3409071
3409090
3409147
3409416
3409742
3409845
3410087
3410149
3410264
3410307
3410532
3410589
3410667
3410755
3410764
3410796
3410898
3410977
3411065
3411247
3411353
3411468
3411622
3411912
3411996
3412126
3412553
3412603
3412864
3412865
3412866
3412902
3413146
3413180
3413216
3413388
3413691
3413748
3413834
3413842
3413915
3413948
3414053
3414147
3414204
3414211
3414363
3414416
3414430
3414493
3414589
3414611
3414667
3414751
3414768
3414785
3414889
3414938
3414952
3414961
3415013
3415019
3415265
3415351
3415377
3415620
3415754
3415782
3415841
3415919
3416040
3416111
3416220
3416291
3416322
3416340
3416750
3416877
3416899
3417008
3417014
3417018
3417188
3417201
3417364
3417520
3417523
3417621
3417735
3417854
3417925
3418276
3418285
3418372
3418415
3418448
3418453
3418617
3418738
3418878
3419029
3419060
3419077
3419135
3419171
3419253
3419673
3419778
3419820
3419843
3420022
3420064
3420149
3420275
3420321
3420427
3420591
3420835
3421335
3421533
3421655
3421749
3421756
3421762
3422015
3422047
3422049
3422050
3422240
3422251
3422253
3422479
3422900
3422915
3422939
3422948
3423534
3423620
3423687
3423762
3423990
3424187
3424243
3424511
3424650
3424679
3424881
3424945
3424951
3425020
3425195
3425233
3425405
3425865
3425950
3426009
3426146
3426182
3426268
3426341
3426481
3426482
3426522
3427022
3427031
3427033
3427182
3427191
3427346
3427347
3427598
3427788
3427811
3427841
3427856
3428233
3428626
3428648
3428694
3428795
3429072
3429113
3429245
3429305
3429423
3429620
3429805
3429864
3429920
3429952
3429969
3430075
3430085
3430278
3430296
3430361
3430415
3430452
3430513
3430884
3430887
3431084
3431284
3431412
3431533
3431562
3431834
3431879
3432197
3432227
3432346
3432370
3432377
3432513
3432611
3432618
3432746
3432875
3432963
3432990
3433127
3433494
3433537
3433817
3433825
3433941
3433955
3434142
3434279
3434408
3434470
3434520
3434527
3434634
3434785
3434927
3435052
3435086
3435091
3435168
3435287
3435291
3435380
3435404
3435485
3435571
3435589
3435629
3435640
3435912
3436109
3436200
3436246
3436394
3436500
3436565
3436632
3436750
3436752
3436790
3437052
3437144
3437242
3437317
3437496
3437538
3437565
3437686
3437732
3437925
3438180
3438427
3438514
3438896
3439083
3439109
3439171
3439225
3439230
3439276
3439465
3439676
3440061
3440093
3440194
3440215
3440275
3440552
3440561
3440638
3440742
3440752
3440757
3440923
3441061
3441066
3441187
3441188
3441362
3441543
3441585
3441612
3441819
3442065
3442249
3442295
3442337
3442440
3442465
3442539
3442579
3442861
3442890
3442976
3442987
3443023
3443077
3443504
3443527
3443717
3443780
3443830
3443954
3444160
3444192
3444272
3444290
3444419
3444435
3444441
3444507
3444557
3444578
3444581
3444655
3444668
3444723
3444852
3444901
3445015
3445269
3445311
3445344
3445402
3445433
3445458
3445796
3445870
3446000
3446110
3446212
3446323
3446395
3446450
3446469
3446554
3446718
3446899
3446945
3446986
3446995
3447018
3447078
3447158
3447411
3447460
3447732
3447799
3447852
3447882
3447895
3448212
3448320
3448366
3448514
3448580
3449097
3449383
3449613
3449830
3449941
3450364
3450366
3450410
3450539
3450774
3450831
3450835
3450866
3450986
3451041
3451109
3451136
3451205
3451288
3451482
3451524
3451537
3451551
3451734
3451741
3452051
3452417
3452462
3452474
3452534
3452538
3452612
3452685
3452720
3452791
3452812
3452871
3452971
3453139
3453282
3453501
3453635
3453730
3453749
3453759
3453770
3453827
3453933
3454086
3454298
3454584
3454806
3455052
3455072
3455110
3455220
3455291
3455583
3455623
3455650
3455730
3455912
3456115
3456130
3456210
3456235
3456276
3456331
3456578
3456648
3457143
3457223
3457358
3457405
3457499
3457571
3457588
3457596
3457741
3457869
3458109
3458215
3458280
3458354
3458480
3458489
3458672
3458769
3458979
3459028
3459111
3459309
3459313
3459316
3459346
3459369
3459401
3459405
3459452
3459526
3459579
3459703
3459818
3459955
3460082
3460092
3460214
3460251
3460323
3460525
3460558
3460856
3460866
3461040
3461076
3461253
3461497
3461602
3461647
3462107
3462441
3462629
3462662
3462812
3462881
3462897
3462999
3463222
3463253
3463410
3463463
3463551
3463612
3463647
3463685
3463727
3463807
3463901
3463933
3464090
3464216
3464252
3464261
3464338
3464549
3464573
3464577
3464699
3464973
3465050
3465095
3465106
3465216
3465224
3465281
3465291
3465366
3465643
3465697
3465780
3465888
3466063
3466126
3466403
3466540
3466575
3466623
3466727
3466937
3466952
3467186
3467284
3467437
3467503
3467575
3467897
3467928
3468209
3468434
3468445
3468625
3468638
3468682
3468702
3468739
3468879
3468928
3469023
3469034
3469141
3469191
3469224
3469239
3469287
3469325
3469763
3469783
3470014
3470058
3470110
3470312
3470532
3470689
3470854
3470858
3470981
3471070
3471097
3471135
3471187
3471386
3471412
3471418
3471478
3471520
3471524
3471525
3471536
3471810
3471985
3472042
3472059
3472354
3472393
3472426
3472481
3472562
3472650
3472755
3472797
3473008
3473114
3473164
3473222
3473288
3473347
3473388
3473518
3473540
3473554
3473722
3474213
3474361
3474376
3474447
3474752
3474847
3474925
3474946
3475051
3475100
3475135
3475162
3475222
3475261
3475270
3475315
3475448
3475521
3475650
3475910
3476037
3476116
3476264
3476424
3476437
3476452
3476628
3476658
3477330
3477522
3477668
3477693
3477730
3477810
3478020
3478034
3478171
3478438
3478533
3478620
3478634
3478689
3478702
3478813
3478867
3479280
3479287
3479318
3479374
3479439
3479581
3479642
3479889
3479957
3480089
3480171
3480183
3480397
3480588
3480682
3480823
3481180
3481198
3481434
3481564
3481627
3481654
3481816
3481884
3482269
3482370
3482552
3482609
3482696
3482846
3482928
3483160
3483345
3483421
3483526
3483552
3483701
3483768
3483886
3483917
3483986
3483989
3484062
3484194
3484412
3484513
3484529
3484535
3484705
3484717
3485173
3485258
3485354
3485378
3485427
3485453
3485524
3485597
3485636
3485674
3486018
3486124
3486173
3486226
3486282
3486302
3486421
3486525
3486527
3486576
3486680
3486743
3486928
3487152
3487199
3487224
3487243
3487362
3487457
3487495
3487826
3488091
3488094
3488210
3488418
3488503
3488567
3488570
3488735
3489056
3489077
3489151
3489391
3489464
3489609
3489662
3489704
3489782
3489804
3489982
3490014
3490233
3490239
3490304
3490316
3490399
3490538
3490541
3490783
3490812
3490813
3490923
3490991
3491000
3491006
3491289
3491327
3491336
3491374
3491747
3491819
3492116
3492236
3492253
3492780
3492821
3492850
3492865
3493045
3493062
3493133
3493190
3493526
3493888
3493904
3494015
3494083
3494152
3494257
3494561
3494608
3494659
3495031
3495280
3495350
3495395
3495521
3495930
3495976
3496028
3496191
3496344
3496528
3496593
3496656
3496731
3496845
3497006
3497193
3497463
3497709
3497728
3497729
3497896
3497919
3498061
3498128
3498178
3498188
3498518
3498570
3498601
3498654
3498668
3498701
3498715
3498744
3498904
3498993
3499144
3499312
3499554
3499637
3499649
3499796
3499864
3499872
3499937
3499943
3499961
3499963
3499967
3500037
3500062
3500066
3500167
3500185
3500201
3500241
3500307
3500339
3500643
3500770
3500807
3500848
3500889
3500965
3501055
3501079
3501155
3501281
3501303
3501312
3501324
3501684
3501967
3502057
3502082
3502157
3502185
3502535
3502548
3502672
3502766
3502830
3502863
3502940
3502984
3502993
3503026
3503238
3503365
3503511
3504174
3504420
3504459
3504787
3504808
3504961
3504985
3504991
3505194
3505309
3505463
3505552
3505627
3505663
3505705
3506273
3506322
3506393
3506479
3506674
3506676
3506864
3507047
3507129
3507174
3507195
3507432
3507464
3507478
3507505
3507514
3507789
3507808
3507814
3507815
3507971
3508026
3508100
3508258
3508419
3508820
3508964
3509055
3509260
3509271
3509455
3509528
3509550
3509632
3509759
3509877
3510098
3510468
3510496
3510585
3510591
3510599
3510604
3510633
3510808
3510996
3511353
3511368
3511462
3511669
3511938
3511983
3512074
3512103
3512214
3512316
3512368
3512390
3512644
3512649
3512684
3512704
3512793
3512926
3512938
3512948
3512999
3513074
3513084
3513092
3513113
3513319
3513344
3513626
3513774
3513802
3513961
3513983
3513998
3514017
3514054
3514068
3514120
3514463
3514470
3514629
3514631
3514831
3514847
3514894
3514895
3514909
3514979
3515067
3515087
3515151
3515234
3515330
3515331
3515537
3515710
3515748
3515750
3515858
3515884
3516185
3516199
3516350
3516528
3516529
3516572
3516710
3516870
3516983
3517035
3517044
3517051
3517141
3517180
3517311
3517453
3517532
3517561
3517588
3517762
3517787
3517892
3518186
3518204
3518319
3518511
3518517
3518670
3518717
3518870
3518931
3518949
3519006
3519007
3519019
3519026
3519034
3519075
3519279
3519490
3519551
3519762
3520003
3520248
3520400
3520623
3520769
3520789
3520830
3520848
3520902
3520955
3521055
3521154
3521160
3521173
3521184
3521199
3521419
3521436
3521619
3521658
3521750
3521796
3522011
3522024
3522061
3522072
3522199
3522283
3522311
3522336
3522394
3522551
3522555
3522626
3522708
3522819
3522962
3523056
3523101
3523113
3523116
3523144
3523167
3523226
3523292
3523410
3523485
3523649
3523836
3523876
3523930
3523966
3524008
3524032
3524113
3524122
3524217
3524219
3524544
3524771
3524777
3524788
3524829
3524880
3524881
3524956
3524997
3525006
3525070
3525185
3525208
3525618
3525933
3526169
3526202
3526342
3526344
3526430
3526496
3526717
3526784
3526984
3527003
3527006
3527042
3527487
3527744
3527785
3527950
3527982
3527997
3528039
3528058
3528130
3528453
3528573
3528736
3528744
3528763
3528973
3529003
3529044
3529128
3529592
3530475
3530497
3530536
3530606
3530623
3530635
3530715
3530956
3530990
3531015
3531042
3531211
3531412
3531501
3531556
3531563
3531619
3531740
3531757
3531966
3532049
3532060
3532448
3532458
3532504
3532572
3532624
3532657
3532698
3532866
3532939
3532964
3533082
3533107
3533233
3533468
3533490
3533526
3533549
3533584
3533669
3533737
3533787
3533857
3533894
3533906
3534036
3534136
3534154
3534261
3534264
3534616
3534711
3534879
3534897
3535083
3535141
3535249
3535320
3535710
3535780
3535818
3535887
3535973
3536071
3536226
3536332
3536390
3536475
3536491
3536800
3536962
3537008
3537117
3537171
3537229
3537309
3537594
3537716
3537789
3537945
3538030
3538209
3538249
3538251
3538308
3538328
3538335
3538337
3538397
3538428
3538445
3538545
3538593
3538723
3538826
3538906
3538931
3539011
3539125
3539180
3539187
3539192
3539227
3539279
3539350
3539541
3539579
3539788
3540110
3540226
3540320
3540393
3540553
3540557
3540617
3540705
3540814
3540964
3540983
3540992
3541029
3541064
3541093
3541114
3541121
3541718
3541870
3541944
3542151
3542171
3542202
3542231
3542266
3542315
3542370
3542382
3542417
3542492
3542494
3542709
3542864
3543136
3543145
3543187
3543218
3543269
3543271
3543357
3543564
3543674
3543734
3543750
3543838
3544040
3544245
3544298
3544327
3544344
3544505
3544590
3544606
3544687
3544708
3544751
3544819
3544830
3544955
3545131
3545146
3545156
3545376
3545541
3545572
3545636
3545650
3545665
3545722
3545802
3545835
3545837
3545845
3545867
3545903
3546208
3546260
3546300
3546399
3546579
3546805
3546923
3547016
3547366
3547908
3547959
3547998
3548063
3548084
3548208
3548466
3548550
3548662
3548680
3548922
3549041
3549088
3549119
3549320
3549359
3549561
3549568
3549571
3549740
3549820
3550006
3550018
3550044
3550067
3550087
3550187
3550217
3550276
3550346
3550412
3550444
3550535
3550553
3550608
3550759
3550837
3551000
3551024
3551097
3551412
3551591
3551645
3551730
3551782
3551842
3551861
3551906
3551979
3552002
3552090
3552245
3552315
3552519
3552683
3552874
3552936
3553110
3553181
3553294
3553303
3553461
3553739
3553756
3554562
3554712
3554732
3554819
3554914
3555017
3555068
3555220
3555310
3555536
3555614
3555615
3555689
3555732
3555735
3555865
3555999
3556102
3556188
3556315
3556544
3556549
3556554
3556649
3556714
3557232
3557337
3557408
3557466
3557535
3557672
3557677
3557708
3557733
3557739
3557830
3557991
3558136
3558178
3558395
3558473
3558521
3558708
3558719
3558783
3558813
3559074
3559412
3559443
3559474
3559676
3559707
3559803
3559809
3560018
3560072
3560119
3560131
3560190
3560252
3560287
3560597
3560612
3560661
3560742
3560744
3560944
3560976
3561005
3561082
3561141
3561161
3561171
3561217
3561288
3561303
3561510
3561552
3561686
3561826
3561944
3562033
3562274
3562554
3562750
3562791
3562814
3562887
3562900
3562933
3563150
3563332
3563665
3563727
3563957
3564003
3564014
3564054
3564149
3564218
3564254
3564475
3564651
3564727
3565042
3565117
3565181
3565188
3565202
3565336
3565421
3565554
3565584
3565604
3565887
3565915
3565934
3566307
3566622
3566725
3566818
3566880
3566960
3566978
3567033
3567052
3567077
3567136
3567342
3567502
3567547
3567681
3568000
3568125
3568134
3568135
3568141
3568164
3568382
3568632
3569152
3569201
3569224
3569320
3569504
3569673
3569700
3569930
3569976
3570187
3570210
3570489
3570636
3570698
3570725
3570977
3571176
3571189
3571729
3571784
3571804
3571817
3571829
3571934
3572126
3572417
3572497
3572658
3572679
3572709
3573012
3573013
3573148
3573149
3573232
3573241
3573328
3573389
3573401
3573486
3573531
3573636
3573648
3573871
3573916
3573935
3573962
3574173
3574283
3574369
3574383
3574415
3574464
3574505
3574861
3575025
3575053
3575183
3575263
3575304
3575491
3575689
3575944
3576088
3576186
3576303
3576321
3576461
3576469
3576474
3576776
3576884
3576933
3576944
3576977
3577286
3577360
3577476
3577557
3577649
3577837
3578020
3578138
3578285
3578309
3578588
3578711
3578912
3579769
3579978
3580022
3580264
3580412
3580521
3580567
3580591
3580667
3580739
3580828
3580933
3580945
3581011
3581074
3581153
3581193
3581220
3581286
3581322
3581405
3581452
3581486
3581500
3581541
3581566
3581569
3581605
3581648
3581996
3582237
3582356
3582408
3582524
3582586
3582706
3582784
3582819
3582946
3582973
3583049
3583202
3583351
3583408
3583831
3583859
3583885
3584152
3584191
3584326
3584524
3584693
3584839
3584898
3585076
3585086
3585109
3585146
3585253
3585294
3585349
3585363
3585406
3585504
3585559
3585577
3585579
3585580
3585733
3585820
3585919
3585952
3586023
3586189
3586427
3586429
3586564
3586578
3586698
3586736
3586740
3586940
3586958
3586978
3587027
3587163
3587394
3587430
3587462
3587845
3587868
3587872
3587877
3588002
3588037
3588072
3588228
3588472
3588541
3588584
3588783
3588846
3588851
3589208
3589711
3589818
3589932
3589953
3589997
3590084
3590089
3590279
3590311
3590322
3590323
3590374
3590520
3590625
3590688
3590698
3590896
3591077
3591082
3591162
3591164
3591180
3591199
3591416
3591559
3591629
3591811
3591826
3591852
3591967
3592150
3592314
3592466
3592467
3592502
3592600
3592772
3592886
3592955
3592979
3593027
3593226
3593246
3593314
3593319
3593429
3593858
3593863
3593901
3593921
3593924
3594067
3594087
3594214
3594291
3594301
3594319
3594343
3594401
3594584
3594690
3594756
3594817
3594932
3594956
3595038
3595043
3595115
3595138
3595255
3595275
3595309
3595321
3595408
3595412
3595622
3595636
3595788
3595795
3595799
3595872
3595896
3595928
3596184
3596187
3596472
3596553
3596688
3596820
3597359
3597520
3597522
3597542
3597552
3597593
3598140
3598178
3598187
3598191
3598200
3598402
3598622
3598632
3598643
3598730
3598762
3598826
3599348
3599478
3599528
3599538
3599612
3599621
3599624
3599740
3599767
3599778
3599811
3599818
3599831
3600082
3600115
3600267
3600282
3600465
3600568
3600764
3600831
3600863
3601155
3601205
3601316
3601424
3601662
3601743
3601844
3601859
3601983
3602147
3602154
3602199
3602202
3602445
3602473
3602509
3602846
3602918
3603163
3603206
3603215
3603316
3603519
3603522
3603729
3603785
3603810
3603908
3603912
3603951
3603988
3604146
3604296
3604330
3604350
3604943
3605081
3605339
3605488
3605556
3605669
3606022
3606059
3606091
3606398
3606473
3606497
3606598
3606714
3606819
3606948
3607024
3607266
3607270
3607358
3607391
3607399
3607460
3607535
3607667
3607834
3607890
3607920
3607963
3608028
3608100
3608306
3608380
3609288
3609297
3609376
3609588
3609787
3610217
3610219
3610251
3610288
3610547
3610558
3610596
3610764
3610911
3611179
3611192
3611324
3611688
3611768
3611785
3611925
3611929
3611994
3612004
3612072
3612192
3612536
3612929
3613009
3613265
3613521
3613557
3613572
3613594
3613749
3613760
3613870
3614055
3614092
3614101
3614271
3614326
3614480
3614540
3614624
3614649
3614760
3614870
3614890
3614929
3615043
3615066
3615244
3615272
3615291
3615310
3615345
3615478
3615645
3615851
3615945
3616079
3616148
3616188
3616331
3616414
3616430
3616479
3616539
3616550
3616678
3616711
3616844
3616981
3616993
3617041
3617127
3617194
3617226
3617243
3617289
3617329
3617348
3617487
3617858
3617987
3617998
3618062
3618150
3618156
3618209
3618388
3618977
3619001
3619037
3619043
3619172
3619230
3619319
3619381
3619395
3619478
3619565
3619684
3619856
3619903
3620000
3620023
3620209
3620260
3620317
3620403
3620534
3620590
3620678
3620730
3620775
3620860
3620875
3621148
3621197
3621292
3621296
3621662
3621710
3621787
3621876
3621944
3622050
3622082
3622143
3622148
3622319
3622376
3622402
3622481
3622526
3622561
3622584
3622701
3622833
3622969
3623260
3623280
3623400
3623475
3623476
3623822
3623905
3623922
3624036
3624144
3624151
3624232
3624261
3624334
3624356
3624363
3624477
3624549
3624558
3624701
3625069
3625145
3625550
3625609
3625715
3625760
3625886
3625891
3626023
3626063
3626065
3626070
3626101
3626192
3626246
3626282
3626292
3626514
3626820
3626827
3626853
3626980
3627074
3627118
3627163
3627219
3627254
3627291
3627361
3627397
3627575
3627841
3627875
3628052
3628089
3628129
3628281
3628309
3628332
3628427
3628499
3628573
3628633
3628637
3628664
3628669
3628926
3629153
3629176
3629289
3629356
3629460
3629617
3629644
3629677
3629715
3629751
3629971
3630251
3630532
3630539
3630588
3630640
3630656
3630702
3630939
3630948
3631068
3631452
3631491
3631779
3631963
3631968
3631973
3632075
3632107
3632109
3632510
3632537
3632559
3632568
3632664
3632947
3632954
3633035
3633300
3633363
3633592
3633595
3633687
3633708
3633782
3633900
3634046
3634215
3634260
3634265
3634310
3634359
3634690
3634754
3634829
3634971
3634987
3634994
3635018
3635223
3635276
3635356
3635550
3635635
3636187
3636362
3636422
3636744
3636812
3636892
3636959
3636962
3637075
3637259
3637654
3637685
3637980
3638124
3638280
3638295
3638325
3638443
3638559
3638617
3638632
3638635
3638733
3638835
3638855
3638921
3639606
3639631
3639971
3640073
3640299
3640423
3640441
3640666
3641130
3641156
3641320
3641572
3641831
3641934
3642117
3642292
3642401
3642425
3642667
3642840
3642974
3642996
3643061
3643109
3643284
3643322
3643337
3643400
3643410
3643603
3643708
3643710
3643848
3643893
3644245
3644248
3644276
3644330
3644353
3644500
3644521
3644587
3644596
3644968
3644970
3645017
3645146
3645213
3645247
3645320
3645354
3645361
3645468
3645706
3645754
3645876
3646127
3646161
3646347
3646883
3646965
3646990
3647155
3647184
3647232
3647263
3647412
3647518
3647519
3647668
3647754
3647763
3647807
3647928
3648032
3648240
3648271
3648310
3648401
3648453
3648635
3648637
3648664
3648694
3648841
3648872
3649022
3649291
3649338
3649468
3649532
3649955
3650462
3650619
3650663
3650771
3650845
3651117
3651218
3651237
3651327
3651368
3651475
3651591
3651758
3651915
3651971
3652145
3652287
3652372
3652427
3652631
3652718
3652775
3652917
3653021
3653050
3653130
3653262
3653271
3653386
3653564
3653745
3653842
3653923
3653945
3654184
3654223
3654367
3654440
3654462
3654567
3654714
3654829
3654904
3655136
3655184
3655387
3655413
3655553
3655566
3655616
3655682
3655730
3655755
3655810
3656064
3656113
3656121
3656178
3656241
3656630
3656668
3656670
3656732
3656769
3657407
3657437
3657500
3657628
3657684
3657753
3657818
3657946
3658011
3658125
3658150
3658247
3658257
3658761
3658995
3659063
3659343
3659394
3659521
3659577
3659583
3659614
3659749
3659804
3659846
3659861
3659979
3660018
3660141
3660350
3660388
3660401
3660418
3660443
3660474
3660546
3660604
3660647
3660657
3660704
3660796
3660852
3660873
3660926
3660983
3661096
3661100
3661146
3661166
3661178
3661433
3661468
3661573
3661587
3661622
3661783
3662039
3662368
3662576
3662584
3662644
3662737
3662803
3663070
3663115
3663166
3663168
3663177
3663193
3663213
3663312
3663418
3663467
3663490
3663670
3663671
3663944
3664010
3664160
3664271
3664567
3664767
3664777
3665092
3665254
3665624
3665715
3665790
3665867
3666043
3666068
3666227
3666370
3666378
3666431
3666482
3666527
3666543
3666621
3666761
3666804
3666899
3666931
3666940
3667142
3667153
3667302
3667386
3667532
3667638
3667643
3667714
3667780
3667905
3667919
3667974
3668011
3668158
3668196
3668206
3668233
3668316
3668448
3668587
3668743
3668823
3668868
3668945
3669023
3669077
3669114
3669249
3669415
3669686
3669852
3669892
3669925
3669929
3670015
3670103
3670142
3670223
3670437
3670502
3670533
3670622
3670775
3670799
3670877
3670889
3670967
3671524
3671549
3671640
3671651
3671702
3671790
3671942
3672004
3672091
3672255
3672284
3672481
3672532
3672667
3672691
3672736
3672778
3672891
3672954
3672958
3672978
3673231
3673288
3673650
3673754
3673872
3673930
3674184
3674263
3674426
3674466
3674482
3674617
3674741
3674846
3674933
3674992
3675028
3675236
3675254
3675359
3675465
3675500
3675621
3675821
3675877
3675894
3676118
3676159
3676241
3676259
3676354
3676407
3676441
3676600
3676618
3676717
3676778
3676966
3676983
3677143
3677225
3677236
3677350
3677417
3677534
3677562
3677572
3677754
3677791
3677989
3678054
3678253
3678285
3678324
3678430
3678576
3678578
3678606
3678785
3678793
3678805
3678979
3679002
3679096
3679487
3679497
3679800
3679873
3679965
3680040
3680096
3680438
3680787
3680946
3681090
3681115
3681172
3681276
3681326
3681361
3681441
3681464
3681486
3681571
3681583
3681721
3681931
3682073
3682117
3682364
3682492
3682499
3682747
3682810
3682862
3682872
3682928
3682943
3683065
3683399
3683480
3683559
3683685
3683699
3683807
3684056
3684171
3684304
3684345
3684422
3684465
3684519
3684604
3684636
3684656
3684665
3684721
3684835
3684850
3684888
3684915
3684978
3685072
3685181
3685245
3685281
3685336
3685461
3685589
3685591
3685634
3685682
3685837
3685878
3685906
3685945
3685956
3686071
3686175
3686235
3686267
3686289
3686395
3686485
3686509
3686586
3686714
3686771
3686791
3686872
3686964
3687055
3687133
3687189
3687307
3687324
3687784
3687804
3687847
3688028
3688123
3688205
3688488
3688656
3688680
3688800
3688859
3688972
3689209
3689278
3689384
3689469
3689480
3689531
3689766
3689803
3689874
3689980
3690041
3690079
3690104
3690270
3690365
3690414
3690632
3690707
3690825
3690854
3690862
3691035
3691112
3691124
3691267
3691411
3691862
3691869
3691882
3692076
3692295
3692328
3692405
3692597
3692874
3692899
3692907
3693103
3693153
3693204
3693423
3693503
3693518
3693535
3693688
3693709
3693919
3693922
3693961
3693978
3694011
3694018
3694059
3694124
3694258
3694273
3694290
3694296
3694326
3694436
3694507
3694590
3694615
3694627
3694646
3694703
3694885
3695061
3695210
3695302
3695333
3695435
3695446
3695635
3695765
3696044
3696074
3696138
3696240
3696431
3696681
3696790
3697147
3697180
3697249
3697383
3697457
3697663
3697829
3697847
3697851
3698025
3698160
3698212
3698213
3698340
3698342
3698375
3698926
3698971
3698984
3699027
3699041
3699160
3699389
3699550
3699696
3699907
3699947
3700049
3700217
3700228
3700491
3700755
3700909
3700922
3700945
3700960
3700963
3701028
3701046
3701071
3701081
3701251
3701349
3701498
3701504
3701712
3701862
3701969
3701984
3702034
3702120
3702213
3702227
3702329
3702532
3702572
3702930
3703007
3703038
3703080
3703133
3703158
3703191
3703297
3703327
3703771
3703843
3703884
3704037
3704230
3704270
3704327
3704356
3704385
3704401
3704412
3704773
3704867
3705473
3705483
3705496
3705672
3705804
3705852
3705921
3706022
3706151
3706357
3706625
3706783
3706869
3707033
3707150
3707232
3707282
3707292
3707294
3707378
3707427
3707517
3707555
3707556
3707584
3707697
3707841
3707878
3707949
3708025
3708272
3708616
3708644
3708715
3708970
3709250
3709319
3709364
3709412
3709480
3709511
3709646
3709903
3709908
3710112
3710209
3710246
3710315
3710359
3710375
3710513
3710610
3710857
3710870
3710879
3710979
3710980
3711145
3711634
3711739
3711780
3711858
3712044
3712154
3712161
3712304
3712392
3712431
3712441
3712857
3713134
3713325
3713476
3713491
3713562
3713596
3713844
3713937
3713993
3714016
3714082
3714153
3714280
3714571
3714640
3714720
3714911
3714976
3714985
3715012
3715084
3715240
3715589
3715866
3715938
3716000
3716284
3716631
3716673
3716808
3717131
3717465
3717521
3717711
3717941
3717944
3718158
3718281
3718376
3718556
3718694
3718889
3719035
3719148
3719281
3719354
3719451
3719783
3719818
3719864
3719971
3720069
3720122
3720126
3720164
3720393
3720479
3720516
3720657
3720710
3720733
3720973
3721096
3721449
3721457
3721535
3721757
3721893
3721975
3722060
3722073
3722135
3722192
3722197
3722404
3722551
3722571
3722767
3722808
3723045
3723047
3723118
3723455
3723627
3723645
3723777
3723904
3723925
3723935
3723939
3723981
3724098
3724197
3724297
3724328
3724400
3724429
3724437
3724796
3724800
3724989
3725013
3725064
3725210
3725408
3725531
3725574
3725689
3725730
3725766
3725914
3725947
3726091
3726194
3726437
3726493
3726533
3726584
3726602
3726702
3726940
3726962
3727055
3727397
3727577
3727598
3727759
3727809
3727939
3728017
3728087
3728157
3728206
3728299
3728350
3728363
3728506
3728661
3728670
3728682
3728711
3728746
3728782
3729008
3729029
3729229
3729437
3729708
3729745
3729775
3730082
3730358
3730398
3730455
3730472
3730507
3730526
3730682
3730689
3730766
3730837
3730911
3731046
3731183
3731195
3731492
3731520
3731537
3731735
3731756
3731784
3731865
3732040
3732075
3732116
3732120
3732405
3732447
3732510
3732804
3732857
3733198
3733477
3733512
3733539
3733638
3733652
3733670
3733696
3733722
3733733
3733755
3733780
3733809
3733949
3734081
3734134
3734169
3734308
3734488
3734509
3734772
3734827
3734842
3734899
3734929
3734990
3735021
3735102
3735120
3735261
3735278
3735394
3735424
3735463
3735849
3735857
3736043
3736150
3736225
3736350
3736397
3736426
3736529
3736637
3736665
3736747
3736971
3736988
3737175
3737221
3737383
3737491
3737529
3737549
3737639
3737641
3737649
3737662
3737704
3737839
3737863
3737935
3738093
3738269
3738279
3738445
3738449
3738873
3738929
3738992
3739005
3739342
3739428
3739507
3739885
3739897
3740002
3740052
3740151
3740373
3740568
3740741
3740844
3740881
3740981
3741049
3741265
3741272
3741282
3741427
3741572
3741632
3741741
3741859
3742264
3742304
3742388
3742414
3742500
3742632
3742745
3743111
3743144
3743151
3743161
3743179
3743197
3743220
3743258
3743412
3743426
3743442
3743728
3743928
3744043
3744183
3744241
3744254
3744432
3744437
3744597
3744633
3744838
3745137
3745185
3745382
3745476
3745493
3745495
3745511
3745570
3745575
3745647
3745679
3745699
3745713
3746130
3746156
3746243
3746253
3746444
3746563
3746585
3746681
3746858
3747049
3747100
3747258
3747372
3747473
3747666
3747705
3747881
3747951
3748211
3748233
3748243
3748412
3748421
3748715
3748919
3749005
3749052
3749104
3749133
3749144
3749149
3749160
3749253
3749426
3749436
3749461
3749692
3749695
3749712
3749717
3749822
3749834
3749888
3749906
3749908
3749971
3749990
3750031
3750047
3750061
3750288
3750346
3750381
3750550
3750585
3750633
3750668
3750766
3750992
3751072
3751091
3751101
3751323
3751518
3751525
3751819
3751899
3751982
3752154
3752171
3752176
3752291
3752314
3752330
3752403
3752409
3752519
3752706
3752789
3752967
3753355
3753790
3753884
3753886
3754022
3754056
3754248
3754284
3754451
3754452
3754457
3754517
3754592
3754658
3754739
3754792
3754818
3754870
3754956
3755062
3755063
3755073
3755120
3755146
3755243
3755285
3755291
3755292
3755312
3755352
3755705
3756209
3756453
3756513
3756555
3756565
3756709
3756806
3756888
3756970
3757112
3757140
3757244
3757365
3757715
3757723
3757800
3757941
3758290
3758294
3758356
3758514
3758610
3758795
3758847
3759248
3759283
3759499
3759628
3759648
3759755
3760013
3760095
3760266
3760287
3760300
3760318
3760352
3760807
3760833
3761079
3761175
3761308
3761333
3761389
3761498
3761556
3761710
3761984
3762152
3762157
3762319
3762379
3762607
3762660
3762854
3762947
3763018
3763550
3763614
3763660
3763739
3763912
3763976
3763983
3763985
3764103
3764160
3764189
3764271
3764329
3764337
3764469
3764626
3764853
3764860
3764864
3764904
3764966
3765137
3765199
3765220
3765267
3765299
3765391
3765397
3765601
3765887
3765888
3765892
3765909
3765923
3765991
3766444
3766610
3766818
3766896
3767040
3767292
3767548
3767715
3767900
3767989
3768235
3768245
3768457
3768582
3768625
3768751
3768870
3768954
3769075
3769279
3769325
3769326
3769379
3769462
3769564
3769576
3769656
3769725
3769983
3770138
3770168
3770320
3770451
3770634
3770908
3770922
3770944
3771002
3771062
3771082
3771715
3771726
3771736
3771980
3771982
3772005
3772083
3772224
3772235
3772254
3772299
3772371
3772626
3772859
3773016
3773203
3773311
3773568
3773576
3773598
3773772
3773830
3773840
3773931
3774102
3774157
3774240
3774263
3774443
3774480
3774541
3774945
3774950
3775130
3775199
3775211
3775248
3775344
3775410
3775454
3775478
3775516
3775531
3775771
3776135
3776227
3776258
3776426
3776441
3776569
3776647
3776693
3776730
3776879
3776932
3776983
3777030
3777106
3777172
3777307
3777420
3777450
3777532
3777543
3777702
3778129
3778137
3778246
3778256
3778263
3778490
3778611
3778709
3778757
3778923
3778980
3778997
3779145
3779153
3779198
3779201
3779319
3779348
3779556
3779626
3779695
3779762
3779967
3780054
3780158
3780174
3780249
3780388
3780504
3780512
3781186
3781333
3781389
3781458
3781502
3781534
3781596
3781622
3781663
3781745
3781777
3781919
3782098
3782101
3782218
3782302
3782394
3782475
3782552
3782580
3782613
3782747
3782934
3782972
3782976
3783055
3783113
3783152
3783158
3783238
3783344
3783461
3783590
3783649
3783741
3783818
3783900
3783987
3784047
3784138
3784171
3784176
3784229
3784503
3784518
3784536
3784716
3784869
3784903
3785218
3785282
3785540
3785567
3785577
3785610
3785750
3785827
3785849
3786001
3786043
3786157
3786355
3786402
3786523
3786603
3786631
3786747
3786788
3786843
3786919
3786975
3787055
3787169
3787282
3787770
3787892
3787999
3788135
3788170
3788194
3788303
3788329
3788381
3788545
3788657
3788764
3788777
3788803
3788907
3789090
3789126
3789594
3789601
3789609
3789851
3789898
3789967
3790022
3790048
3790105
3790141
3790184
3790262
3790322
3790413
3790452
3790519
3790596
3790693
3790770
3790827
3790839
3790888
3790911
3790969
3791051
3791226
3791415
3791930
3792145
3792240
3792415
3792439
3792582
3792598
3792613
3792716
3792769
3792828
3792962
3793017
3793022
3793130
3793182
3793221
3793346
3793354
3793441
3793494
3793497
3793597
3793706
3793796
3793818
3793828
3793847
3793939
3793982
3794004
3794570
3794625
3794702
3794721
3794755
3795062
3795125
3795308
3795427
3795568
3795673
3796040
3796063
3796073
3796240
3796567
3796619
3796633
3796794
3796828
3797170
3797173
3797272
3797318
3797325
3797347
3797460
3797623
3797738
3797788
3797894
3797910
3798033
3798070
3798128
3798301
3798306
3798436
3798498
3798616
3798648
3798680
3798697
3798731
3798886
3798930
3798945
3798998
3799104
3799162
3799198
3799395
3799516
3799629
3799676
3799714
3799722
3799760
3799782
3800110
3800186
3800200
3800214
3800248
3800320
3800380
3800391
3800419
3800423
3800530
3800741
3800771
3800838
3800851
3800878
3800896
3801020
3801418
3801590
3801726
3801746
3801792
3801936
3802397
3802399
3802928
3803344
3803491
3803556
3803634
3803654
3803669
3804129
3804624
3804734
3804847
3804919
3804940
3805033
3805115
3805461
3805632
3805800
3805936
3805955
3806065
3806208
3806438
3806934
3807002
3807232
3807602
3807604
3807669
3807700
3807745
3807835
3807855
3807969
3807980
3808142
3808148
3808184
3808257
3808281
3808346
3808747
3808758
3808823
3809011
3809391
3809455
3809481
3809532
3809583
3809642
3809832
3809917
3809922
3810010
3810173
3810232
3810294
3810466
3810754
3810755
3810816
3810872
3810937
3811095
3811140
3811149
3811180
3811347
3811404
3811530
3811541
3811718
3811960
3812170
3812190
3812198
3812361
3812456
3812506
3812547
3812558
3812575
3812587
3812794
3813029
3813043
3813051
3813164
3813432
3813441
3813823
3813876
3814137
3814152
3814206
3814213
3814228
3814312
3814328
3814382
3814533
3814538
3814613
3814664
3814862
3814989
3815076
3815195
3815207
3815406
3815455
3815772
3815942
3816003
3816142
3816466
3816476
3816712
3816744
3816822
3816946
3816987
3816988
3817098
3817103
3817221
3817227
3817241
3817273
3817372
3817524
3817582
3817628
3817788
3817880
3817958
3818038
3818082
3818437
3818486
3818488
3818560
3818663
3818730
3818828
3818874
3818888
3818890
3818892
3818990
3819212
3819321
3819350
3819589
3819698
3819836
3819906
3819948
3820095
3820166
3820245
3820294
3820429
3820526
3820591
3820623
3820705
3820748
3820823
3820956
3821014
3821262
3821494
3821568
3821755
3821917
3821938
3821968
3822171
3822358
3822523
3822751
3822796
3822905
3822923
3823016
3823045
3823240
3823584
3823586
3823749
3823868
3823884
3823950
3824193
3824307
3824385
3824393
3824402
3824404
3824776
3824784
3824983
3825114
3825419
3825476
3825544
3825563
3825913
3826057
3826553
3826600
3826682
3826837
3826915
3827010
3827095
3827131
3827204
3827464
3827494
3827679
3827777
3827809
3827967
3828019
3828035
3828088
3828188
3828292
3828324
3828398
3828460
3828481
3828589
3828992
3829058
3829090
3829166
3829339
3829472
3829487
3829612
3829659
3829750
3829764
3830013
3830082
3830162
3830275
3830278
3830298
3830328
3830427
3830470
3830542
3830560
3830624
3830635
3830670
3830715
3830829
3831145
3831187
3831196
3831218
3831288
3831385
3831386
3831524
3831626
3831971
3832015
3832174
3832219
3832271
3832759
3832890
3833137
3833345
3833393
3833622
3833630
3833756
3833854
3834070
3834110
3834131
3834256
3834495
3834541
3834716
3834880
3834897
3835046
3835055
3835125
3835132
3835195
3835292
3835356
3835489
3835546
3835622
3835661
3835692
3835774
3835779
3835878
3835905
3835995
3836092
3836270
3836286
3836523
3836544
3836763
3836821
3836999
3837106
3837241
3837331
3837521
3837609
3837699
3837754
3837997
3838197
3838254
3838277
3838337
3838398
3838400
3838430
3838595
3838748
3838818
3839098
3839206
3839228
3839371
3839545
3839581
3839743
3839754
3839793
3840290
3840477
3840592
3840802
3841044
3841208
3841247
3841257
3841525
3841613
3841679
3841729
3841796
3841799
3841838
3841885
3841887
3841972
3842155
3842171
3842215
3842224
3842317
3842468
3842477
3842549
3842703
3842788
3842955
3843024
3843063
3843201
3843283
3843575
3843647
3843708
3843751
3843873
3843943
3843967
3844041
3844109
3844469
3844583
3844680
3844837
3844947
3845073
3845247
3845321
3845392
3845509
3845556
3845906
3846070
3846081
3846188
3846319
3846490
3846498
3846500
3846603
3846635
3846637
3847229
3847323
3847462
3847503
3847515
3847916
3847928
3847962
3847982
3848028
3848135
3848171
3848201
3848283
3848287
3848351
3848546
3848964
3849025
3849054
3849065
3849157
3849235
3849324
3849344
3849426
3849530
3849641
3849747
3849813
3849880
3849881
3849890
3849921
3849964
3850151
3850160
3850231
3850406
3850539
3850576
3850631
3851049
3851214
3851264
3851293
3851337
3851383
3851496
3851601
3851634
3851847
3851867
3851903
3852040
3852163
3852404
3852453
3852516
3852531
3852563
3852810
3852924
3852963
3853035
3853080
3853092
3853121
3853230
3853256
3853315
3853379
3853487
3853553
3853700
3853813
3853863
3853886
3853986
3854268
3854310
3854421
3854458
3854703
3854726
3854930
3854954
3854999
3855160
3855266
3855393
3855506
3855809
3855886
3855959
3856005
3856594
3856639
3856774
3856777
3856969
3856993
3857288
3857492
3857955
3858029
3858065
3858222
3858255
3858379
3858413
3858484
3858623
3858676
3858832
3858856
3858909
3858934
3859577
3859615
3859637
3859705
3859722
3859768
3859986
3860046
3860133
3860221
3860370
3860401
3860615
3860695
3860854
3860903
3861369
3861385
3861674
3861718
3861742
3861824
3861832
3861854
3861968
3862224
3862268
3862280
3862310
3862486
3862763
3862860
3862912
3862926
3863118
3863251
3863359
3863383
3863400
3863622
3863641
3863667
3864092
3864190
3864191
3864288
3864454
3864610
3864772
3864856
3864876
3865025
3865115
3865291
3865323
3865346
3865489
3865499
3865513
3865579
3865609
3865652
3865907
3865967
3866001
3866139
3866187
3866191
3866194
3866346
3866562
3866716
3866871
3866911
3866955
3867147
3867262
3867298
3867355
3867448
3867564
3867569
3867597
3867714
3867842
3867894
3868014
3868114
3868411
3868447
3868977
3868988
3869106
3869170
3869180
3869195
3869291
3869334
3869348
3869411
3869448
3869507
3869745
3869978
3870166
3870174
3870268
3870286
3870324
3870362
3870530
3870543
3870677
3870720
3870826
3870899
3871175
3871286
3871512
3871764
3871789
3871958
3871969
3872181
3872231
3872288
3872327
3872664
3872735
3872752
3873253
3873347
3873409
3873416
3873440
3873530
3873543
3873765
3873831
3873862
3873882
3874008
3874084
3874104
3874327
3874328
3874651
3874664
3874843
3875230
3875278
3875417
3875420
3875645
3875748
3875873
3875949
3876036
3876132
3876149
3876315
3876344
3876524
3876604
3876625
3876629
3876704
3876867
3876880
3876899
3876975
3876987
3877077
3877134
3877136
3877212
3877998
3878025
3878078
3878092
3878126
3878137
3878187
3878455
3878520
3878557
3878982
3878988
3879070
3879200
3879396
3879656
3879674
3879800
3879977
3880026
3880095
3880238
3880253
3880355
3880506
3880536
3880627
3880664
3880670
3880742
3880954
3881091
3881211
3881409
3881524
3881863
3881876
3882036
3882063
3882188
3882251
3882348
3882399
3882466
3882550
3882756
3882851
3882890
3883023
3883102
3883108
3883135
3883237
3883275
3883439
3883479
3883606
3883655
3883677
3883758
3883966
3883969
3883979
3883999
3884260
3884401
3884462
3884520
3884635
3884638
3884767
3885158
3885168
3885186
3885263
3885268
3885374
3885680
3885710
3885939
3885949
3885983
3886048
3886137
3886217
3886219
3886733
3886920
3887139
3887216
3887268
3887346
3887399
3887415
3887619
3887633
3887735
3887763
3887964
3887998
3888082
3888217
3888282
3888295
3888377
3888498
3888671
3888672
3888918
3889068
3889184
3889335
3889337
3889474
3889544
3889570
3889629
3889639
3889684
3889798
3889854
3889922
3890056
3890068
3890114
3890217
3890460
3890484
3890634
3890754
3890916
3891039
3891121
3891154
3891196
3891234
3891301
3891313
3891393
3891402
3891428
3891462
3891512
3891527
3891623
3891699
3891776
3891881
3891911
3891940
3892109
3892274
3892407
3892446
3892458
3892503
3892577
3892612
3892644
3892763
3892863
3892981
3893174
3893312
3893386
3893629
3893635
3893698
3893872
3893876
3893976
3893999
3894102
3894227
3894358
3894409
3894410
3894541
3894592
3894677
3894693
3894883
3894976
3895258
3895387
3895390
3895412
3895601
3895621
3895622
3896075
3896219
3896511
3896593
3896596
3896655
3896811
3896858
3896966
3896989
3897145
3897152
3897289
3897345
3897458
3897685
3897769
3897784
3897803
3897804
3897840
3897843
3897913
3898002
3898102
3898196
3898259
3898322
3898525
3898545
3898595
3898846
3898863
3899030
3899107
3899151
3899294
3899304
3899351
3899393
3899427
3899434
3899458
3899507
3899616
3899678
3899698
3899792
3899974
3900094
3900378
3900418
3900465
3900488
3900576
3900585
3900609
3900899
3900945
3901098
3901105
3901200
3901225
3901327
3901329
3901344
3901603
3901672
3901736
3901859
3901940
3902099
3902143
3902179
3902217
3902222
3902298
3902391
3902466
3902467
3902497
3902563
3902621
3902645
3902651
3902671
3902692
3902727
3902779
3902799
3902839
3902877
3903009
3903034
3903041
3903076
3903129
3903169
3903292
3903497
3903609
3903650
3903695
3903855
3903926
3903940
3904084
3904200
3904329
3904511
3904528
3904662
3904733
3904790
3904792
3904843
3904847
3905053
3905282
3905316
3905355
3905434
3905463
3905575
3905604
3905690
3905691
3905696
3905963
3906110
3906124
3906269
3906463
3906490
3906901
3906911
3906917
3907196
3907363
3907407
3907741
3907828
3907852
3907855
3907934
3908315
3908322
3908331
3908471
3908474
3908624
3908651
3908718
3908719
3908744
3908834
3908989
3909203
3909233
3909341
3909999
3910015
3910024
3910254
3910597
3910723
3910799
3910827
3910830
3910832
3910919
3910997
3911002
3911012
3911064
3911821
3911851
3911853
3912073
3912110
3912139
3912140
3912178
3912489
3912973
3912976
3913018
3913035
3913154
3913174
3913286
3913310
3913357
3913361
3913395
3913405
3913429
3913511
3913681
3913805
3913833
3913842
3914106
3914132
3914183
3914272
3914306
3914442
3914558
3914568
3914689
3914886
3914932
3915031
3915041
3915296
3915495
3915514
3915590
3915743
3915790
3915837
3915863
3915870
3915932
3915966
3916110
3916309
3916402
3916403
3916514
3916558
3916884
3916955
3917028
3917036
3917085
3917206
3917233
3917348
3917445
3917457
3917479
3917494
3917637
3917646
3917996
3918424
3918608
3918931
3918995
3919128
3919354
3919398
3919466
3919611
3919623
3919749
3919802
3919988
3920051
3920160
3920504
3920781
3920840
3920959
3921116
3921202
3921267
3921786
3921803
3921850
3921929
3922137
3922140
3922361
3922413
3922441
3922450
3922493
3922556
3922647
3922837
3922852
3922934
3923013
3923198
3923415
3923524
3923525
3923526
3923547
3923664
3923666
3923773
3923845
3923948
3923977
3924165
3924241
3924242
3924374
3924459
3924472
3924845
3925108
3925361
3925425
3925507
3925633
3925665
3925770
3925846
3925900
3926244
3926251
3926624
3926883
3926890
3927075
3927215
3927446
3927461
3927652
3927800
3927842
3927963
3928008
3928020
3928398
3928489
3928503
3928526
3928573
3928591
3928650
3928718
3928731
3928741
3928786
3928821
3928903
3929119
3929174
3929312
3929317
3929469
3929676
3929717
3930136
3930144
3930367
3930481
3930630
3930722
3930853
3930899
3931020
3931235
3931250
3931282
3931402
3931405
3931433
3931464
3931544
3931624
3931654
3931863
3932045
3932121
3932167
3932196
3932210
3932239
3932259
3932286
3932504
3932611
3932769
3932878
3932990
3933120
3933132
3933175
3933197
3933341
3933378
3933507
3933625
3933717
3933806
3933837
3933866
3933877
3934098
3934117
3934124
3934254
3934269
3934344
3934606
3934616
3934811
3935028
3935033
3935111
3935365
3935603
3935632
3935679
3935740
3935847
3935896
3935908
3935990
3936323
3936393
3936426
3936487
3936495
3936588
3936638
3936641
3936713
3936893
3936945
3937016
3937038
3937277
3937290
3937313
3937668
3937731
3937745
3937893
3937898
3937910
3938032
3938192
3938564
3938661
3938774
3939016
3939119
3939149
3939256
3939260
3939443
3939561
3939592
3939705
3939772
3939910
3939935
3939986
3940002
3940158
3940195
3940289
3940368
3940497
3940553
3940591
3940782
3940871
3940957
3940989
3941256
3941288
3941383
3941417
3941802
3941940
3942047
3942094
3942157
3942198
3942317
3942394
3942399
3942448
3942451
3942679
3942705
3942816
3942946
3943367
3943491
3943679
3943702
3943710
3943726
3944004
3944078
3944164
3944238
3944345
3944355
3944356
3944534
3944662
3944702
3944845
3944900
3944908
3945037
3945161
3945183
3945290
3945412
3945461
3945796
3945799
3945831
3945872
3945936
3945951
3946153
3946167
3946398
3946585
3946766
3946794
3947293
3947303
3947532
3947548
3947645
3947767
3947983
3947984
3948031
3948097
3948137
3948177
3948207
3948405
3948455
3948483
3948680
3948732
3948846
3948904
3948943
3949061
3949133
3949145
3949258
3949270
3949289
3949498
3949630
3949696
3949717
3950199
3950207
3950597
3950671
3950815
3950821
3950831
3950909
3950923
3951006
3951339
3951359
3951539
3951721
3952033
3952037
3952178
3952265
3952282
3952283
3952316
3952474
3952549
3952805
3952902
3952938
3953159
3953213
3953312
3953676
3953702
3953737
3953924
3954130
3954199
3954312
3954410
3954480
3954508
3954631
3954643
3954668
3955033
3955096
3955108
3955146
3955422
3955505
3955543
3955567
3955587
3955672
3955720
3955749
3955780
3956400
3956601
3956707
3956963
3957223
3957353
3957355
3957420
3957508
3957539
3957683
3957698
3957767
3957775
3957828
3957844
3957896
3958215
3958448
3958477
3958516
3958562
3958675
3958890
3958894
3958952
3958972
3959005
3959056
3959066
3959082
3959130
3959171
3959328
3959354
3959357
3959459
3959493
3959556
3959701
3959773
3959779
3959896
3959942
3960135
3960259
3960270
3960282
3960922
3961068
3961169
3961337
3961390
3961425
3961507
3961520
3961605
3961656
3961667
3961897
3961900
3961945
3962095
3962163
3962193
3962204
3962233
3962387
3962450
3962485
3962601
3962632
3962636
3962813
3962898
3962926
3963064
3963089
3963282
3963400
3963429
3963515
3963553
3963671
3963731
3964008
3964152
3964215
3964229
3964233
3964383
3964386
3964430
3964551
3964586
3964657
3964695
3964709
3964818
3964839
3964865
3964905
3964941
3964969
3965013
3965131
3965260
3965292
3965356
3965469
3965567
3965960
3965988
3966198
3966237
3966242
3966255
3966652
3967081
3967106
3967141
3967200
3967372
3967478
3967479
3967652
3967771
3967788
3967836
3967902
3967916
3967917
3968194
3968341
3968553
3968585
3968613
3968626
3968641
3968666
3968841
3969013
3969022
3969097
3969139
3969160
3969171
3969281
3969364
3969373
3969465
3969537
3969674
3969877
3970288
3970342
3970617
3970669
3971051
3971059
3971163
3971218
3971316
3971324
3971326
3971360
3971444
3971723
3971740
3971844
3971880
3971886
3971931
3972202
3972235
3972247
3972488
3972505
3972542
3972630
3972642
3972647
3972685
3972752
3972809
3972896
3973051
3973085
3973150
3973210
3973342
3973345
3973380
3973522
3973608
3973616
3973947
3974096
3974279
3974388
3974391
3974484
3974494
3974581
3974587
3974673
3974808
3974881
3975028
3975199
3975282
3975301
3975440
3975538
3975658
3975698
3975709
3975856
3975876
3976077
3976135
3976196
3976342
3976379
3976592
3976806
3976844
3976915
3977076
3977163
3977195
3977266
3977301
3977388
3977623
3977659
3977773
3977801
3977807
3977961
3978122
3978209
3978348
3978412
3978454
3978734
3979056
3979220
3979300
3979401
3979426
3979450
3979570
3979666
3979786
3979811
3979833
3979919
3980068
3980095
3980141
3980163
3980166
3980195
3980292
3980413
3980466
3980507
3980662
3980774
3980845
3981069
3981222
3981273
3981370
3981493
3981622
3981739
3982062
3982387
3982445
3982639
3982694
3982736
3982871
3982931
3983039
3983087
3983312
3983387
3983394
3983555
3983629
3983649
3983676
3983973
3984194
3984208
3984309
3984426
3984456
3984596
3984696
3984776
3985011
3985042
3985059
3985138
3985302
3985345
3985419
3985451
3985467
3985778
3985873
3985881
3985925
3986126
3986188
3986405
3986415
3986656
3986846
3986946
3987039
3987453
3987601
3987922
3988051
3988093
3988156
3988372
3988452
3988491
3988498
3988628
3988747
3988752
3988902
3988924
3988980
3989007
3989115
3989117
3989207
3989237
3989275
3989326
3989382
3989412
3989517
3989654
3989694
3989724
3989863
3989916
3989922
3989932
3990054
3990107
3990180
3990322
3990324
3990498
3990566
3990577
3990594
3990759
3990872
3991245
3991255
3991261
3991731
3991756
3991808
3991858
3991892
3991988
3992114
3992514
3992686
3992704
3992997
3993067
3993186
3993257
3993295
3993554
3993677
3993761
3993870
3993888
3994090
3994154
3994168
3994225
3994371
3994372
3994376
3994550
3994586
3994587
3994944
3995095
3995169
3995266
3995307
3995431
3995699
3995815
3996006
3996091
3996092
3996177
3996222
3996367
3996479
3996574
3996744
3996779
3996795
3996802
3997035
3997108
3997137
3997142
3997338
3997411
3997416
3997513
3997561
3997571
3997599
3997815
3997915
3997935
3998146
3998165
3998262
3998357
3998395
3998538
3998571
3998602
3998909
3998950
3998951
3998985
3999082
3999273
3999352
3999521
3999567
3999583
3999592
3999813
3999867
3999869
3999906
4000008
4000053
4000117
4000314
4000386
4000495
4000639
4000676
4000682
4000772
4000832
4000892
4001123
4001302
4001451
4001481
4001602
4001647
4001795
4001830
4001842
4001958
4002021
4002048
4002228
4002229
4002267
4002294
4002394
4002541
4002561
4002575
4002913
4003093
4003194
4003267
4003331
4003362
4003374
4003421
4003553
4003777
4003940
4004030
4004076
4004217
4004222
4004301
4004329
4004554
4004600
4004689
4004783
4004803
4004932
4005032
4005136
4005205
4005241
4005332
4005434
4005500
4005624
4005697
4005808
4005952
4005966
4005978
4006158
4006182
4006201
4006396
4006743
4006998
4006999
4007135
4007183
4007701
4007770
4007784
4007803
4007808
4007820
4007906
4007933
4008009
4008097
4008098
4008128
4008173
4008188
4008203
4008291
4008412
4008424
4008584
4008625
4008805
4008893
4009114
4009121
4009268
4009284
4009577
4009850
4009889
4010064
4010131
4010336
4010394
4010451
4010498
4010530
4010726
4010836
4010837
4010858
4010995
4011146
4011169
4011337
4011340
4011346
4011384
4011413
4011501
4011564
4011613
4011701
4011770
4011865
4011965
4012818
4012975
4013124
4013139
4013358
4013361
4013414
4013543
4013615
4013632
4013805
4013974
4014125
4014257
4014333
4014385
4014770
4014933
4014945
4015121
4015131
4015397
4015413
4015495
4015682
4015857
4015965
4016080
4016418
4016534
4016559
4016561
4016606
4016775
4016785
4016830
4016970
4016974
4016983
4017074
4017149
4017223
4017342
4017372
4017439
4017488
4017512
4017695
4017735
4017842
4017940
4017956
4017986
4018036
4018046
4018114
4018117
4018290
4018400
4018535
4018835
4018859
4018887
4019246
4019424
4019443
4019549
4019573
4019576
4019682
4020021
4020075
4020213
4020383
4020458
4020463
4020644
4020701
4020760
4020873
4020897
4021041
4021046
4021054
4021235
4021247
4021400
4021407
4021490
4021559
4021593
4021664
4021696
4021811
4021968
4021974
4021992
4022081
4022142
4022158
4022177
4022504
4022542
4022576
4022910
4022982
4023013
4023024
4023095
4023113
4023148
4023538
4023680
4023694
4023785
4023829
4023954
4024119
4024253
4024270
4024523
4024527
4024689
4024850
4024994
4025144
4025466
4025518
4025539
4025604
4025869
4025922
4025987
4026012
4026026
4026106
4026111
4026191
4026280
4026395
4026425
4026478
4026514
4026568
4026656
4026745
4026859
4026906
4027038
4027172
4027298
4027387
4027458
4027557
4027828
4027908
4027921
4028222
4028254
4028439
4028468
4028488
4028505
4028566
4028588
4028689
4028706
4028850
4029051
4029101
4029196
4029347
4029396
4029507
4029527
4029542
4029651
4029684
4029751
4029902
4030115
4030140
4030306
4030310
4030322
4030338
4030604
4030628
4030828
4030851
4030860
4030904
4031104
4031145
4031301
4031302
4031409
4031491
4031511
4031801
4031817
4031818
4031900
4031965
4031975
4031991
4032044
4032218
4032306
4032512
4032559
4032612
4032726
4032792
4032822
4033087
4033283
4033319
4033392
4033441
4033983
4034054
4034360
4034428
4034538
4034596
4034600
4034659
4034730
4035144
4035188
4035200
4035338
4035361
4035441
4035632
4035721
4035771
4035995
4036063
4036149
4036243
4036275
4036364
4036439
4036670
4036807
4036906
4037040
4037157
4037211
4037252
4037253
4037278
4037394
4037395
4037403
4037487
4037544
4037572
4037736
4037833
4037880
4037898
4037937
4037941
4037945
4037946
4037947
4037962
4038047
4038099
4038161
4038246
4038308
4038397
4038424
4038426
4038512
4038537
4038654
4038708
4038710
4038798
4038911
4039220
4039421
4039471
4039476
4039485
4039696
4039777
4039971
4040118
4040252
4040366
4040575
4040727
4041252
4041315
4041330
4041358
4041496
4041509
4041608
4041654
4041745
4042007
4042082
4042135
4042149
4042281
4042341
4042367
4042376
4042379
4042511
4042527
4042808
4042992
4043034
4043135
4043141
4043155
4043166
4043225
4043274
4043331
4043363
4043430
4043450
4043532
4043977
4044059
4044271
4044364
4044484
4044618
4044639
4044739
4044759
4044847
4044952
4045011
4045031
4045040
4045101
4045221
4045323
4045456
4045533
4045645
4045653
4045717
4045779
4045782
4045872
4046073
4046221
4046338
4046355
4046366
4046444
4046498
4046552
4046580
4046637
4046696
4046701
4046776
4046845
4047025
4047170
4047266
4047378
4047469
4047471
4047613
4047790
4048003
4048017
4048106
4048109
4048171
4048352
4048392
4048498
4048576
4048616
4048787
4048935
4049057
4049063
4049269
4049289
4049295
4049361
4049524
4049782
4049793
4049874
4049875
4049898
4049953
4049960
4050131
4050147
4050247
4050279
4050336
4050410
4050486
4050684
4050696
4050711
4050793
4050892
4050897
4051032
4051076
4051150
4051289
4051495
4051873
4051974
4052008
4052104
4052197
4052475
4052490
4052831
4052957
4053083
4053298
4053494
4053602
4053614
4053696
4053753
4053755
4053772
4053815
4053902
4054071
4054212
4054297
4054631
4054642
4054915
4055015
4055206
4055229
4055331
4055437
4055439
4055819
4055842
4056113
4056114
4056175
4056196
4056282
4056380
4056508
4056532
4056549
4056565
4056609
4056633
4056661
4056739
4056861
4056920
4057043
4057049
4057104
4057128
4057453
4057539
4057619
4057625
4057804
4057806
4057909
4057915
4057916
4058021
4058036
4058088
4058258
4058347
4058375
4058424
4058435
4058572
4058763
4058781
4058909
4058918
4058966
4059144
4059206
4059308
4059408
4059430
4059459
4059505
4059624
4059631
4059635
4059653
4059671
4059781
4059814
4060161
4060256
4060258
4060317
4060376
4060636
4060696
4061110
4061178
4061354
4061373
4061391
4061692
4061764
4061821
4061841
4061850
4061868
4061910
4062075
4062340
4062361
4062554
4062610
4062633
4062970
4063134
4063213
4063267
4063274
4063397
4063412
4063944
4063964
4063980
4064028
4064082
4064190
4064341
4064444
4064749
4064793
4064875
4064938
4065004
4065025
4065159
4065182
4065270
4065440
4065669
4065753
4065829
4065932
4065944
4066142
4066217
4066443
4066462
4066734
4066824
4066871
4066899
4066903
4067093
4067296
4067306
4067593
4067611
4067711
4067957
4067996
4068195
4068198
4068319
4068345
4068386
4068444
4068445
4068684
4068736
4068846
4068869
4068923
4068988
4069020
4069048
4069086
4069124
4069175
4069182
4069280
4069299
4069482
4069759
4069868
4069872
4069874
4070017
4070190
4070229
4070333
4070437
4070483
4070521
4070573
4070696
4070789
4070807
4070988
4071027
4071105
4071277
4071618
4071691
4071736
4071947
4072098
4072113
4072161
4072292
4072326
4072593
4072689
4072719
4072820
4072909
4072946
4072965
4072981
4073271
4073535
4073542
4073626
4073642
4073654
4073823
4074113
4074166
4074397
4074457
4074462
4074512
4074599
4074642
4074880
4075006
4075143
4075263
4075328
4075373
4075418
4075427
4075465
4075522
4075530
4075589
4075789
4075937
4076150
4076188
4076364
4076416
4076426
4077120
4077262
4077387
4077536
4077582
4077754
4077761
4077861
4077988
4078025
4078145
4078223
4078448
4078493
4078494
4079062
4079298
4079642
4079688
4079702
4079748
4079785
4079835
4079846
4079915
4080178
4080220
4080244
4080260
4080346
4080642
4080718
4080815
4080870
4080963
4081400
4081432
4081740
4081885
4082137
4082181
4082230
4082343
4082373
4082727
4082774
4082831
4082848
4082900
4082974
4083074
4083230
4083244
4083406
4083417
4083499
4083753
4083997
4084043
4084085
4084141
4084157
4084158
4084181
4084312
4084503
4084523
4084579
4084669
4084694
4085152
4085212
4085237
4085422
4085559
4085665
4085805
4085927
4085978
4086170
4086347
4086361
4086486
4086576
4086695
4086771
4086813
4086835
4086992
4087062
4087120
4087290
4087565
4087596
4087603
4087662
4087885
4088267
4088485
4088523
4088586
4088668
4088693
4088730
4088770
4088787
4088868
4089016
4089069
4089102
4089161
4089168
4089250
4089293
4089393
4089405
4089639
4089818
4089860
4089931
4090045
4090067
4090109
4090137
4090292
4090309
4090354
4090440
4090444
4090750
4090760
4091202
4091282
4091289
4091344
4091488
4091624
4091638
4092051
4092280
4092383
4092437
4092800
4092886
4092902
4092964
4093009
4093113
4093127
4093280
4093324
4093346
4093407
4093422
4093538
4093606
4093693
4093889
4094186
4094266
4094453
4094494
4094503
4094625
4094633
4094706
4094774
4094779
4094945
4094979
4095051
4095163
4095200
4095443
4095453
4095534
4095604
4095654
4095809
4095810
4095908
4096098
4096154
4096230
4096649
4096691
4096798
4096857
4096991
4097134
4097157
4097336
4097499
4097604
4097639
4097664
4097925
4098052
4098130
4098152
4098412
4098426
4098466
4098542
4098543
4098556
4098583
4098592
4098805
4098907
4099087
4099147
4099268
4099401
4099434
4099529
4099589
4099671
4099753
4099825
4099945
4099989
4100063
4100191
4100214
4100604
4100712
4100861
4100902
4100908
4101076
4101254
4101335
4101549
4101597
4101799
4101863
4101887
4101909
4101924
4102105
4102241
4102262
4102544
4102610
4102794
4102842
4102901
4102947
4103075
4103122
4103126
4103143
4103400
4103452
4103480
4103491
4103503
4103516
4103537
4103570
4103883
4103972
4104173
4104330
4104338
4104348
4104779
4104905
4105020
4105165
4105250
4105350
4105394
4105419
4105591
4105625
4105694
4105709
4105811
4105817
4105912
4105936
4105964
4106053
4106069
4106089
4106317
4106519
4106530
4106613
4106774
4107002
4107145
4107337
4107393
4107403
4107628
4107713
4107818
4107990
4108051
4108052
4108276
4108312
4108333
4108341
4108376
4108683
4108686
4108790
4108814
4108847
4108991
4109022
4109031
4109105
4109123
4109243
4109304
4109367
4109532
4109563
4109614
4109831
4109942
4110055
4110205
4110343
4110416
4110483
4110568
4110583
4110763
4110858
4110866
4111044
4111178
4111199
4111236
4111249
4111506
4111739
4111866
4111888
4111893
4111911
4112025
4112158
4112172
4112369
4112420
4112473
4112503
4112519
4112871
4113071
4113134
4113189
4113272
4113278
4113291
4113348
4113451
4113486
4113487
4113753
4113956
4113987
4114005
4114032
4114119
4114166
4114223
4114804
4115268
4115385
4115476
4115557
4115656
4115792
4115872
4115931
4115948
4115968
4116034
4116148
4116361
4116489
4116637
4116739
4116879
4117028
4117062
4117109
4117123
4117154
4117249
4117505
4117553
4117635
4117666
4117745
4117814
4117943
4117962
4118023
4118082
4118092
4118187
4118332
4118441
4118543
4118751
4118760
4118841
4118847
4118856
4118888
4119155
4119253
4119325
4119407
4119431
4119462
4119558
4119667
4119688
4119710
4120130
4120134
4120268
4120389
4120579
4120842
4120866
4120892
4120907
4120937
4121023
4121157
4121381
4121471
4121887
4121921
4122209
4122253
4122346
4122511
4122536
4122666
4122888
4122950
4122951
4122996
4123048
4123055
4123107
4123118
4123270
4123443
4123633
4123709
4123856
4123901
4124043
4124155
4124183
4124187
4124560
4124576
4124655
4124728
4124842
4124870
4124871
4124873
4124889
4124982
4125009
4125343
4125763
4125787
4125868
4125869
4125976
4126135
4126443
4126501
4126519
4126565
4126602
4126656
4126681
4126738
4126745
4126921
4127061
4127107
4127120
4127195
4127514
4127584
4127619
4127676
4127701
4127770
4127865
4127873
4127901
4128041
4128197
4128254
4128263
4128345
4128459
4128607
4128720
4128738
4128846
4129032
4129167
4129201
4129357
4129493
4129621
4129703
4129734
4129767
4129830
4129896
4130147
4130376
4130379
4130493
4130534
4130553
4130947
4130952
4131083
4131143
4131208
4131289
4131465
4131587
4131596
4131719
4132067
4132240
4132503
4132701
4132733
4132760
4133005
4133093
4133111
4133117
4133291
4133355
4133554
4133580
4133599
4133600
4133672
4133803
4134169
4134215
4134230
4134421
4134615
4134679
4134857
4134978
4135241
4135384
4135394
4135522
4135595
4135672
4135693
4135709
4135766
4136215
4136274
4136423
4136582
4136594
4136647
4136654
4136673
4136839
4136892
4137052
4137205
4137262
4137280
4137406
4137430
4137515
4137583
4137701
4137780
4137847
4138109
4138120
4138205
4138264
4138287
4138352
4138363
4138484
4138583
4138598
4138650
4138674
4138753
4138836
4138862
4139013
4139309
4139416
4139495
4139573
4139588
4139836
4139852
4139870
4139880
4140073
4140105
4140208
4140293
4140310
4140442
4140473
4140478
4140507
4140616
4140656
4140705
4140710
4140780
4140787
4140838
4140885
4140930
4140939
4140970
4140971
4141519
4141737
4141745
4142121
4142198
4142265
4142356
4142630
4142987
4143032
4143154
4143182
4143206
4143386
4143532
4143626
4143954
4144023
4144337
4144341
4144378
4144446
4144537
4144549
4144635
4144702
4144748
4144758
4144855
4144869
4144894
4145087
4145162
4145180
4145528
4145604
4145608
4145728
4145803
4145832
4145840
4145952
4146004
4146056
4146425
4146554
4146624
4146673
4146679
4146733
4146780
4146798
4146876
4147004
4147035
4147077
4147155
4147393
4147419
4147487
4147590
4147819
4148107
4148454
4148487
4148535
4148607
4148645
4148736
4148757
4148799
4149075
4149086
4149131
4149208
4149537
4149684
4149893
4149907
4150105
4150131
4150269
4150330
4150355
4150650
4150666
4150688
4150710
4150899
4151019
4151071
4151089
4151110
4151270
4151301
4151303
4151423
4151782
4151880
4151895
4151927
4151964
4151992
4151994
4152138
4152145
4152159
4152164
4152305
4152472
4152499
4152515
4152700
4152957
4153135
4153270
4153416
4153425
4153428
4153484
4153550
4153874
4154088
4154115
4154151
4154156
4154236
4154290
4154300
4154346
4154387
4154471
4154574
4154735
4154768
4154769
4154776
4154828
4155158
4155214
4155224
4155256
4155281
4155302
4155341
4155412
4155537
4155651
4155843
4156110
4156127
4156153
4156222
4156408
4156427
4156486
4156499
4156525
4156608
4156709
4156741
4156886
4156933
4157005
4157008
4157016
4157426
4157656
4157661
4157703
4157729
4157963
4157976
4158652
4158947
4158956
4159030
4159143
4159159
4159262
4159288
4159476
4159494
4159498
4159864
4159942
4159992
4160043
4160179
4160420
4160538
4160541
4160557
4160559
4160614
4160648
4160721
4160745
4160847
4160914
4160941
4160945
4160964
4161007
4161021
4161216
4161277
4161290
4161297
4161372
4161422
4161442
4161504
4161767
4161899
4161932
4162009
4162475
4162600
4162956
4163142
4163254
4163304
4163315
4163367
4163398
4163451
4163470
4163803
4163859
4163878
4163899
4163909
4163967
4164061
4164094
4164246
4164456
4164557
4164585
4164684
4164714
4164819
4164833
4164863
4164906
4164932
4165216
4165321
4165369
4165447
4165750
4165803
4165889
4165950
4165955
4166042
4166126
4166178
4166257
4166439
4166550
4166686
4166949
4167062
4167223
4167484
4167494
4167531
4167544
4167775
4167848
4167879
4167912
4168077
4168294
4168346
4168494
4168517
4168570
4168633
4168838
4169150
4169326
4169334
4169434
4169436
4169789
4169808
4169866
4169948
4170271
4170412
4170437
4170626
4170629
4170699
4170766
4170880
4170943
4171022
4171122
4171265
4171429
4171554
4171686
4171728
4171752
4172108
4172289
4172319
4172443
4172644
4172691
4172692
4172754
4172872
4173023
4173053
4173071
4173090
4173099
4173145
4173191
4173430
4173437
4173514
4173639
4174092
4174148
4174183
4174297
4174418
4174445
4174456
4174465
4174541
4174593
4174642
4174750
4174800
4174929
4174956
4174979
4175150
4175378
4175574
4175647
4175656
4175677
4175787
4176009
4176120
4176141
4176193
4176211
4176278
4176388
4176459
4176683
4176900
4176954
4176990
4177078
4177089
4177100
4177254
4177397
4177730
4177916
4178068
4178102
4178233
4178289
4178329
4178347
4178350
4178402
4178441
4178660
4178822
4178858
4178882
4179015
4179017
4179025
4179033
4179058
4179350
4179384
4179425
4179441
4179453
4179613
4179635
4179794
4179853
4179872
4180196
4180204
4180432
4180514
4180601
4180653
4180712
4180722
4180755
4180758
4180853
4180895
4181159
4181255
4181397
4181509
4181657
4181665
4181753
4181800
4182271
4182381
4182470
4182514
4182617
4182669
4182681
4182728
4182904
4182923
4182981
4183042
4183089
4183105
4183143
4183681
4183836
4183868
4183884
4183945
4183957
4183998
4184255
4184283
4184418
4184432
4184442
4184525
4184707
4184769
4184995
4185062
4185075
4185299
4185371
4185629
4185633
4185933
4185995
4186097
4186213
4186254
4186308
4186398
4186416
4186550
4186744
4186753
4186861
4186887
4186897
4186935
4187368
4187420
4187427
4187428
4187543
4187638
4187765
4188290
4188372
4188433
4188469
4188580
4188763
4188781
4188783
4188852
4188965
4189173
4189259
4189343
4189456
4189582
4189626
4189892
4189916
4189920
4190023
4190243
4190487
4190537
4190591
4190731
4190834
4190838
4190862
4190868
4191200
4191259
4191277
4191298
4191306
4191382
4191491
4191568
4191685
4191715
4191722
4191724
4191906
4192072
4192091
4192273
4192436
4192592
4192635
4192743
4192857
4192865
4192873
4192910
4193070
4193088
4193233
4193302
4193345
4193365
4193443
4193473
4193657
4193786
4193849
4193937
4193967
4194160
4194217
4194267
4194414
4194415
4194521
4194673
4194879
4195035
4195178
4195478
4195577
4195709
4195957
4196075
4196148
4196163
4196461
4196510
4196514
4196604
4196707
4196729
4196834
4196980
4196983
4197014
4197045
4197115
4197212
4197392
4197527
4197555
4197556
4197695
4197944
4198068
4198076
4198295
4198331
4198333
4198518
4198537
4198671
4198676
4198758
4198759
4198797
4198958
4199686
4199971
4199999
4200359
4200399
4200426
4200429
4200454
4200461
4200490
4200555
4200571
4200638
4200802
4200825
4200831
4200964
4201096
4201242
4201358
4201741
4201811
4201883
4201886
4201910
4202135
4202183
4202206
4202264
4202491
4202841
4203165
4203253
4203584
4203593
4203709
4203835
4203845
4203954
4204016
4204033
4204070
4204074
4204105
4204130
4204457
4204531
4204605
4204646
4205141
4205143
4205310
4205312
4205361
4205443
4205529
4205754
4205884
4205940
4205985
4206044
4206068
4206125
4206721
4207024
4207041
4207118
4207215
4207396
4207585
4207756
4207781
4207810
4207876
4208073
4208114
4208619
4208825
4208852
4208871
4208883
4208975
4209043
4209149
4209178
4209229
4209275
4209309
4209326
4209331
4209399
4209440
4209642
4209686
4209704
4209707
4209710
4209765
4209767
4209867
4209976
4210196
4210216
4210314
4210388
4210496
4210534
4210563
4210589
4210714
4210898
4210900
4211027
4211236
4211410
4211431
4211435
4211518
4211655
4211682
4211694
4211764
4211788
4211831
4211833
4211970
4212025
4212050
4212188
4212250
4212297
4212360
4212517
4212546
4212608
4212691
4212693
4212772
4212792
4212826
4212861
4212877
4212900
4212928
4212982
4213018
4213207
4213302
4213312
4213374
4213449
4213510
4213707
4213715
4213806
4214124
4214183
4214302
4214327
4214347
4214962
4215105
4215196
4215263
4215276
4215277
4215314
4215322
4215457
4215478
4215587
4215662
4215738
4215788
4215803
4215874
4216159
4216331
4216496
4216570
4216601
4216881
4216918
4217022
4217129
4217153
4217314
4217364
4217405
4217602
4217610
4217615
4217725
4218037
4218106
4218538
4218628
4218790
4219238
4219259
4219370
4219517
4219634
4219900
4219918
4219991
4220002
4220092
4220141
4220183
4220198
4220367
4220437
4220442
4220457
4220604
4220618
4220681
4220808
4220812
4220820
4220882
4221061
4221065
4221278
4221313
4221339
4221390
4221474
4221552
4221683
4221772
4221815
4221821
4222039
4222093
4222243
4222382
4222406
4222481
4222576
4222584
4222586
4222675
4222698
4222741
4222928
4223044
4223152
4223155
4223400
4223412
4223419
4223525
4223734
4223810
4223838
4223958
4224003
4224071
4224137
4224400
4224864
4225051
4225105
4225175
4225217
4225252
4225417
4225449
4225569
4225755
4225771
4225797
4225883
4226042
4226066
4226135
4226174
4226506
4226538
4226590
4226837
4226934
4227005
4227061
4227303
4227475
4227485
4227497
4227520
4227945
4228067
4228243
4228302
4228407
4228425
4228445
4228606
4228621
4228730
4228761
4228870
4229023
4229040
4229072
4229083
4229104
4229252
4229600
4229792
4230105
4230137
4230266
4230285
4230480
4230603
4230642
4230703
4230708
4230832
4230894
4230989
4231281
4231292
4231622
4231652
4231662
4231776
4231884
4232008
4232090
4232166
4232248
4232258
4232413
4232423
4232430
4232503
4232696
4232784
4232796
4232874
4232897
4232975
4233021
4233028
4233040
4233052
4233102
4233142
4233207
4233387
4233660
4233766
4233903
4234009
4234325
4234844
4234863
4235201
4235300
4235401
4235548
4235988
4236020
4236086
4236118
4236121
4236124
4236246
4236293
4236385
4236410
4236433
4236462
4236509
4236513
4236553
4236581
4236589
4236600
4236678
4236690
4237007
4237011
4237110
4237168
4237201
4237433
4237732
4237798
4237815
4237833
4237876
4237920
4237936
4238023
4238092
4238094
4238139
4238267
4238522
4238532
4238599
4238767
4238851
4238946
4239157
4239229
4239249
4239403
4239580
4239743
4239943
4240033
4240103
4240174
4240550
4240609
4240626
4240641
4240686
4240718
4240873
4240901
4241061
4241104
4241165
4241262
4241371
4241447
4241468
4241976
4242182
4242226
4242246
4242263
4242299
4242313
4242371
4242549
4242556
4242603
4242746
4242855
4242898
4242921
4242985
4243057
4243181
4243322
4243350
4243430
4243518
4243576
4243726
4243826
4243929
4243942
4244021
4244044
4244132
4244457
4244621
4244622
4244676
4244726
4244992
4245091
4245212
4245398
4245441
4245516
4245648
4245785
4245794
4245825
4245840
4245843
4246104
4246225
4246236
4246286
4246576
4246804
4247077
4247162
4247230
4247300
4247369
4247500
4247607
4247666
4247826
4247848
4247905
4248206
4248216
4248276
4248406
4248407
4248461
4248495
4248499
4248530
4248958
4249088
4249102
4249152
4249174
4249225
4249346
4249385
4249515
4249593
4249895
4249911
4250012
4250019
4250025
4250294
4250295
4250326
4250377
4250577
4250620
4250713
4250717
4250761
4250814
4251078
4251079
4251193
4251320
4251732
4251860
4251980
4252043
4252091
4252112
4252170
4252191
4252256
4252296
4252323
4252358
4252431
4252437
4252722
4252767
4252788
4252860
4252878
4252908
4253002
4253147
4253156
4253264
4253275
4253509
4253542
4253624
4253706
4253738
4253854
4253989
4254015
4254019
4254026
4254041
4254053
4254068
4254191
4254201
4254254
4254407
4254468
4254742
4254809
4254975
4255090
4255241
4255321
4255471
4255537
4255538
4255648
4255676
4255713
4255741
4255805
4255819
4255935
4256034
4256086
4256190
4256267
4256296
4256403
4256516
4256522
4256525
4256579
4256613
4256639
4256815
4257169
4257269
4257299
4257382
4257458
4257715
4257730
4257796
4257832
4257835
4257856
4258184
4258229
4258256
4258276
4258620
4258760
4258850
4258990
4259023
4259076
4259133
4259166
4259287
4259482
4259551
4259693
4259864
4259967
4260200
4260210
4260218
4260376
4260413
4260421
4260846
4260876
4260895
4260919
4261151
4261176
4261186
4261235
4261237
4261272
4261378
4261399
4261510
4261620
4261624
4261877
4261966
4261979
4262073
4262118
4262209
4262464
4262466
4262533
4262622
4262711
4262841
4262847
4262925
4263092
4263139
4263246
4263316
4263471
4263631
4263654
4263815
4263912
4263960
4264040
4264059
4264105
4264370
4264430
4264500
4264514
4264611
4264685
4264831
4264967
4265007
4265132
4265289
4265529
4265572
4265770
4265904
4266040
4266176
4266344
4266361
4266541
4266618
4266698
4266946
4266956
4266963
4266994
4267091
4267221
4267553
4267620
4267709
4267875
4268253
4268300
4268433
4268525
4268588
4268708
4268778
4268790
4268885
4268917
4268921
4269076
4269106
4269116
4269118
4269147
4269316
4269496
4269646
4269850
4269931
4269988
4270078
4270238
4270284
4270305
4270378
4270443
4270595
4270602
4270768
4270935
4270999
4271035
4271242
4271335
4271347
4271351
4271621
4271627
4271897
4271906
4271968
4272008
4272154
4272163
4272332
4272391
4272392
4272405
4272430
4272642
4272882
4272950
4273109
4273241
4273245
4273393
4273397
4273484
4273556
4273562
4273718
4273978
4274003
4274012
4274153
4274159
4274260
4274452
4274481
4274575
4274615
4275031
4275055
4275066
4275205
4275367
4275385
4275397
4275439
4275511
4275548
4275591
4275600
4275622
4275885
4275890
4275921
4276074
4276082
4276216
4276391
4276751
4276900
4276910
4277081
4277115
4277141
4277146
4277432
4277435
4277500
4277529
4277666
4277725
4277905
4277930
4277972
4277976
4277978
4278086
4278308
4278364
4278367
4278373
4278486
4278490
4278602
4278827
4278884
4278921
4279162
4279508
4279525
4279640
4279699
4279792
4279798
4279909
4280029
4280079
4280267
4280300
4280451
4280470
4280533
4280613
4280941
4281029
4281228
4281406
4281459
4281506
4281524
4281545
4281687
4281915
4281979
4282023
4282048
4282487
4282678
4282698
4282912
4282987
4282997
4283036
4283122
4283264
4283287
4283289
4283322
4283323
4283386
4283437
4283489
4283502
4283780
4283810
4283871
4283895
4284173
4284377
4284469
4284937
4285025
4285054
4285130
4285327
4285487
4285508
4285689
4285815
4285835
4286032
4286038
4286166
4286330
4286419
4286575
4286585
4286959
4287121
4287132
4287241
4287386
4287388
4287424
4287497
4287581
4287684
4287718
4287731
4287775
4288115
4288231
4288325
4288334
4288716
4288781
4288853
4288986
4289166
4289212
4289302
4289401
4289444
4289526
4289726
4289831
4290031
4290334
4290366
4290472
4290561
4290760
4290959
4291231
4291343
4291431
4291533
4291616
4291681
4291726
4291780
4291841
4291913
4291944
4291990
4292090
4292268
4292322
4292381
4292397
4292427
4292440
4292532
4292608
4292800
4292932
4293171
4293193
4293257
4293263
4293271
4293336
4293803
4293842
4293876
4293939
4294058
4294150
4294195
4294204
4294334
4294434
4294653
4294849
4295116
4295212
4295412
4295491
4295514
4295556
4295572
4295699
4295700
4295934
4295992
4296081
4296083
4296091
4296388
4296446
4296536
4296649
4296737
4296780
4296873
4296930
4297049
4297127
4297317
4297429
4297490
4297558
4297670
4297713
4297753
4297767
4297787
4297871
4298157
4298288
4298441
4298449
4298637
4298639
4299253
4299312
4300124
4300155
4300179
4300223
4300342
4300419
4300471
4300726
4300883
4300971
4300980
4301283
4301329
4301354
4301531
4301532
4301549
4301564
4301758
4301879
4302024
4302350
4302545
4302578
4302641
4303118
4303133
4303160
4303313
4303334
4303378
4303419
4303485
4303490
4303651
4303702
4303778
4303780
4304041
4304055
4304207
4304244
4304252
4304383
4304572
4304670
4304684
4304685
4304693
4304854
4305026
4305049
4305106
4305493
4305543
4305862
4306046
4306168
4306275
4306446
4306611
4306740
4306800
4306970
4306996
4307120
4307192
4307201
4307573
4307707
4308033
4308554
4308589
4308734
4308873
4308895
4308987
4309031
4309111
4309137
4309166
4309240
4309282
4309413
4309484
4309574
4309620
4309623
4309774
4309855
4310058
4310229
4310289
4310293
4310301
4310329
4310430
4310687
4310931
4310953
4311002
4311098
4311130
4311188
4311203
4311211
4311325
4311432
4311473
4311510
4311546
4311662
4311882
4311915
4311957
4312069
4312121
4312268
4312365
4312460
4312594
4312781
4312847
4313042
4313325
4313453
4313551
4313603
4313614
4313794
4314014
4314068
4314108
4314194
4314217
4314346
4314367
4314478
4314628
4314634
4314706
4314760
4314823
4314951
4315005
4315104
4315165
4315194
4315235
4315300
4315341
4315420
4315476
4315485
4315536
4315627
4315663
4315820
4315847
4316027
4316042
4316059
4316103
4316149
4316319
4316453
4316534
4316662
4316701
4316709
4316937
4317149
4317154
4317172
4317336
4317449
4317565
4317725
4317732
4317852
4317880
4317970
4318063
4318074
4318236
4318285
4318701
4319315
4319340
4319363
4319465
4319547
4319667
4319753
4319810
4319925
4320025
4320282
4320298
4320308
4320333
4320663
4320693
4320699
4320767
4320859
4320956
4320959
4321008
4321348
4321401
4321484
4321715
4321919
4321956
4321964
4322031
4322169
4322294
4322326
4322343
4322716
4322908
4322986
4323094
4323304
4323336
4323408
4323442
4323481
4323709
4323853
4323971
4323973
4324374
4324468
4324767
4324995
4325046
4325069
4325083
4325098
4325139
4325183
4325475
4325522
4325553
4325670
4325889
4326060
4326154
4326225
4326259
4326351
4326439
4326468
4326488
4326604
4326651
4327068
4327130
4327257
4327287
4327393
4327546
4327635
4327760
4327868
4328066
4328241
4328301
4328381
4328417
4328464
4328550
4328634
4328718
4328796
4328916
4328955
4328992
4329000
4329005
4329055
4329320
4329332
4329565
4329681
4329777
4330336
4330669
4331025
4331167
4331312
4331509
4331678
4331830
4331889
4331927
4332011
4332023
4332041
4332169
4332475
4332536
4332716
4332810
4332858
4332918
4333309
4333435
4333443
4333550
4333732
4333783
4333818
4333976
4334000
4334223
4334236
4334302
4334381
4334426
4334431
4334485
4334628
4334654
4334734
4334809
4334984
4335119
4335479
4335643
4335682
4335832
4335877
4335948
4336002
4336267
4336291
4336445
4336514
4336552
4336585
4336630
4336702
4336908
4336935
4337172
4337175
4337183
4337296
4337402
4337507
4337736
4337758
4337868
4337877
4337886
4338038
4338155
4338237
4338291
4338404
4338533
4338752
4338802
4338808
4339034
4339118
4339176
4339207
4339318
4339560
4339866
4339871
4340269
4340295
4340324
4340347
4340371
4340392
4340465
4340468
4340469
4340759
4340782
4340941
4340975
4341196
4341256
4341363
4341365
4341424
4341580
4341679
4341688
4341817
4341842
4341909
4341955
4342038
4342112
4342154
4342266
4342360
4342470
4342688
4342844
4343023
4343127
4343174
4343302
4343313
4343333
4343736
4343767
4343794
4343848
4343878
4343887
4344217
4344279
4344397
4344421
4344592
4344654
4344896
4344915
4344917
4344939
4345273
4345341
4345402
4345569
4345613
4345842
4345865
4346331
4346436
4346531
4346642
4346655
4346678
4346980
4347017
4347337
4347494
4347524
4347543
4347627
4347753
4347795
4347806
4347827
4347873
4347947
4348025
4348045
4348080
4348138
4348492
4348607
4348710
4348859
4348867
4349018
4349117
4349855
4350304
4350313
4350394
4350449
4350542
4350562
4350583
4350590
4350665
4350975
4350977
4351378
4351382
4351408
4351535
4351853
4352253
4352558
4352597
4352801
4353134
4353222
4353385
4353778
4353790
4353883
4353908
4354041
4354115
4354149
4354306
4354356
4354510
4354541
4354596
4354726
4355151
4355173
4355464
4355513
4355545
4355613
4355628
4355641
4355808
4355927
4356067
4356126
4356310
4356330
4356410
4356604
4356617
4356718
4356847
4356850
4356908
4356938
4357044
4357154
4357329
4357364
4357531
4357565
4357713
4357763
4357870
4357880
4357900
4358502
4358535
4358547
4358820
4358893
4359136
4359188
4359240
4359344
4359447
4359459
4359489
4359573
4359649
4359654
4359859
4359868
4359938
4360122
4360178
4360275
4360379
4360408
4360458
4360608
4360685
4360758
4360951
4360983
4361115
4361232
4361250
4361268
4361316
4361364
4361694
4361803
4361861
4361865
4361870
4361892
4361927
4361963
4362023
4362240
4362365
4362818
4362889
4363026
4363175
4363375
4363429
4363553
4363788
4363867
4364111
4364645
4364712
4364987
4364988
4364995
4365020
4365087
4365179
4365261
4365582
4365676
4365767
4366190
4366247
4366308
4366351
4366665
4366734
4367221
4367259
4367539
4367542
4367804
4367890
4368335
4368403
4368457
4368537
4368542
4368679
4368705
4368928
4368976
4369027
4369118
4369210
4369331
4369494
4369610
4369647
4369655
4369707
4369781
4369802
4369847
4369943
4370193
4370223
4370361
4370367
4370368
4370452
4370482
4370791
4370813
4370966
4370972
4371011
4371016
4371193
4371203
4371217
4371444
4371688
4371732
4371908
4371923
4371950
4372002
4372057
4372151
4372249
4372291
4372842
4373136
4373226
4373454
4373621
4373737
4373866
4373928
4374003
4374023
4374657
4374695
4374750
4374853
4375094
4375188
4375412
4375614
4375812
4375902
4375929
4375981
4376081
4376249
4376265
4376351
4376380
4376400
4376401
4376472
4376553
4376642
4376759
4376921
4376943
4376981
4377009
4377093
4377221
4377246
4377278
4377444
4377509
4377540
4377669
4377796
4377798
4377981
4377990
4378053
4378154
4378312
4378395
4378449
4378634
4378647
4378656
4378698
4378724
4378732
4378813
4378859
4379054
4379112
4379321
4379471
4379476
4379597
4379604
4379702
4379785
4380047
4380153
4380163
4380187
4380233
4380307
4380308
4380383
4380671
4380847
4380853
4380855
4380872
4380906
4380953
4381136
4381178
4381190
4381295
4381306
4381337
4381456
4381848
4381854
4381856
4381906
4381928
4381952
4382045
4382087
4382126
4382185
4382190
4382227
4382243
4382280
4382285
4382483
4382600
4382639
4382721
4382885
4382890
4382982
4383041
4383172
4383195
4383337
4383482
4383504
4383515
4383758
4383852
4384026
4384279
4384440
4384611
4384753
4384830
4384884
4384922
4384953
4384971
4385056
4385061
4385065
4385273
4385279
4385607
4385786
4385824
4385993
4386186
4386247
4386500
4386687
4386793
4387020
4387212
4387607
4387660
4387698
4387787
4387831
4387903
4387916
4387971
4388081
4388108
4388144
4388146
4388245
4388260
4388283
4388342
4388363
4388378
4388559
4388602
4388616
4388640
4389047
4389102
4389126
4389191
4389393
4389435
4389464
4389500
4389530
4389535
4389675
4389718
4389859
4389876
4390045
4390061
4390220
4390246
4390357
4390421
4390691
4390861
4391077
4391538
4391621
4391681
4391759
4391762
4391785
4391957
4392306
4392432
4392441
4392478
4392499
4392573
4392677
4392683
4392710
4392928
4392953
4392970
4393113
4393148
4393287
4393381
4393606
4393663
4393732
4393746
4393769
4393813
4393844
4393946
4394046
4394062
4394121
4394153
4394164
4394275
4394307
4394346
4394422
4394482
4394595
4394613
4394981
4395080
4395163
4395287
4395303
4395466
4395518
4395626
4395873
4395917
4395926
4396352
4396586
4396731
4396774
4396804
4397451
4397453
4397509
4397529
4397613
4397799
4397833
4397840
4397991
4398233
4398418
4398502
4398702
4398897
4398927
4399026
4399338
4399607
4399646
4399966
4400071
4400375
4400405
4400442
4400492
4400539
4400574
4400737
4400864
4400920
4401013
4401030
4401032
4401059
4401064
4401099
4401103
4401215
4401243
4401265
4401283
4401285
4401295
4401298
4401300
4401302
4401358
4401411
4401450
4401461
4401472
4401473
4401534
4401562
4401866
4401958
4402142
4402170
4402428
4402464
4402524
4402630
4402911
4403030
4403156
4403218
4403474
4403490
4403494
4403534
4403693
4403938
4403957
4403979
4404149
4404240
4404436
4404581
4404690
4405018
4405147
4405226
4405455
4405613
4405686
4405719
4405898
4405936
4406166
4406207
4406276
4406325
4406461
4406516
4406667
4406716
4406872
4406907
4407116
4407253
4407368
4407394
4407411
4408240
4408427
4408629
4408698
4408703
4408718
4408788
4408955
4409205
4409272
4409372
4409377
4409411
4409501
4409524
4409581
4409604
4409655
4409838
4409865
4409993
4410240
4410452
4410490
4410608
4410803
4410823
4410885
4410916
4410925
4411064
4411078
4411082
4411257
4411368
4411437
4411734
4411785
4411788
4412084
4412298
4412659
4412667
4412735
4412831
4412852
4412866
4412882
4412949
4413000
4413028
4413043
4413312
4413324
4413581
4413600
4413655
4414011
4414026
4414191
4414261
4414306
4414406
4414509
4414557
4414577
4414640
4414828
4414955
4415012
4415237
4415280
4415291
4415385
4415433
4415469
4415541
4415576
4415637
4415761
4415847
4416005
4416015
4416030
4416095
4416148
4416216
4416311
4416380
4416594
4416772
4417203
4417297
4417470
4417494
4417510
4417782
4417848
4417940
4417973
4418136
4418202
4418322
4418349
4418357
4418377
4418387
4418437
4418498
4418540
4418797
4418909
4419022
4419114
4419148
4419183
4419281
4419576
4419593
4419745
4419865
4420027
4420074
4420087
4420194
4420306
4420314
4420448
4420465
4420520
4420608
4420810
4420875
4420891
4420925
4420936
4421092
4421151
4421173
4421222
4421275
4421276
4421334
4421359
4421383
4421398
4421576
4421804
4421822
4421904
4422270
4422291
4422311
4422426
4422640
4422658
4422749
4422985
4423237
4423370
4423763
4423775
4423869
4423910
4424134
4424637
4424640
4424875
4424882
4424919
4425375
4425380
4425530
4425648
4425709
4425860
4425879
4426054
4426075
4426126
4426202
4426321
4426362
4426442
4426510
4426673
4426705
4426772
4426835
4426844
4426984
4426997
4427075
4427145
4427183
4427308
4427364
4427505
4427536
4427542
4427633
4427896
4427925
4427996
4428169
4428239
4428446
4428455
4428538
4428543
4428587
4428604
4428839
4428909
4428942
4428956
4429024
4429155
4429203
4429212
4429334
4429604
4429962
4430021
4430030
4430067
4430073
4430150
4430200
4430352
4430375
4430414
4430453
4430492
4430610
4430723
4430786
4430817
4430954
4430972
4431148
4431244
4431262
4431311
4431516
4431687
4431703
4431735
4431967
4432051
4432109
4432289
4432423
4432574
4432644
4432841
4432957
4433221
4433281
4433386
4433455
4433497
4433760
4434037
4434119
4434136
4434147
4434173
4434204
4434317
4434520
4434662
4434741
4434784
4434805
4434896
4435049
4435200
4435312
4435452
4435934
4436029
4436041
4436126
4436133
4436136
4436216
4436228
4436273
4436337
4436420
4436469
4436553
4436774
4436867
4436887
4437033
4437050
4437325
4437549
4437574
4437609
4437914
4438033
4438081
4438291
4438471
4438507
4438626
4438648
4438754
4438764
4438845
4438917
4438927
4439022
4439097
4439102
4439190
4439301
4439479
4439590
4439678
4439756
4439821
4439836
4439961
4440035
4440082
4440084
4440127
4440155
4440334
4440543
4440586
4440697
4440785
4440863
4441026
4441143
4441176
4441260
4441297
4441312
4441460
4441907
4441954
4441990
4442158
4442397
4442436
4442443
4442501
4442684
4442747
4442900
4442954
4443083
4443436
4443553
4443651
4443653
4443695
4443769
4443837
4443967
4444118
4444352
4444473
4444528
4444544
4444560
4444745
4444767
4444869
4444872
4444982
4445010
4445052
4445070
4445072
4445168
4445191
4445255
4445387
4445452
4445476
4445561
4445641
4445780
4445794
4445830
4445922
4445956
4446065
4446083
4446096
4446103
4446230
4446259
4446525
4446540
4446648
4446653
4446680
4446737
4446785
4446959
4447006
4447052
4447143
4447190
4447246
4447338
4447425
4447576
4447581
4447625
4447678
4447720
4447737
4447929
4448169
4448237
4448279
4448309
4448336
4448341
4448370
4448525
4448555
4448556
4448564
4448578
4448662
4448809
4448992
4449086
4449134
4449172
4449291
4449309
4449686
4449689
4449838
4449955
4449964
4449975
4450006
4450043
4450052
4450193
4450273
4450304
4450394
4450473
4450629
4450683
4450775
4450980
4451193
4451223
4451263
4451367
4451396
4451564
4451626
4451733
4451825
4452032
4452112
4452204
4452254
4452332
4452340
4452394
4452483
4452505
4452639
4452747
4452936
4453021
4453116
4453155
4453459
4453462
4453681
4453708
4453718
4454116
4454164
4454169
4454178
4454194
4454434
4454485
4454520
4454670
4454739
4454759
4454793
4454827
4454840
4454856
4454894
4455042
4455104
4455138
4455409
4455419
4455426
4455456
4455510
4455556
4455599
4455623
4455721
4455792
4456058
4456328
4456389
4456553
4456557
4456690
4456855
4456896
4457162
4457256
4457288
4457378
4457453
4457463
4457483
4457607
4457719
4457954
4457995
4458108
4458400
4458428
4458442
4458475
4458581
4458603
4458797
4459129
4459152
4459317
4459381
4459647
4459757
4459820
4459947
4460138
4460203
4460274
4460329
4460374
4460389
4460398
4460454
4460593
4460660
4460693
4460825
4460840
4460898
4460899
4461177
4461197
4461402
4461595
4461722
4461832
4461871
4462147
4462190
4462283
4462307
4462546
4462569
4462766
4462800
4462861
4462884
4462967
4463000
4463019
4463271
4463391
4463427
4463890
4463940
4463957
4464080
4464147
4464212
4464403
4464460
4464536
4464546
4464650
4464725
4464796
4464803
4464830
4464832
4464915
4464969
4465247
4465334
4465424
4465452
4465466
4465546
4465644
4465682
4465790
4465975
4466123
4466163
4466246
4466373
4466410
4466542
4466874
4467014
4467059
4467104
4467105
4467220
4467276
4467400
4467624
4467887
4468020
4468071
4468221
4468236
4468315
4468353
4468479
4468505
4468575
4468934
4469112
4469184
4469341
4470154
4470176
4470185
4470186
4470280
4470297
4470344
4470427
4470518
4470782
4470935
4471019
4471185
4471282
4471335
4471361
4471407
4471728
4471814
4471847
4471879
4472032
4472172
4472185
4472259
4472291
4472436
4472547
4472611
4472664
4472798
4472826
4472853
4473059
4473063
4473081
4473285
4473595
4473671
4473686
4473897
4473943
4473959
4473970
4473998
4474066
4474076
4474271
4474319
4474380
4474525
4474575
4474804
4474819
4474891
4475048
4475189
4475264
4475443
4475501
4475600
4475632
4475699
4475873
4475979
4476211
4476238
4476321
4476341
4476374
4476453
4476503
4476607
4476645
4476841
4476859
4476972
4477033
4477073
4477220
4477287
4477431
4477452
4477855
4477879
4477955
4478215
4478551
4478613
4478737
4478765
4478846
4478937
4479013
4479040
4479122
4479226
4479369
4479392
4479426
4479616
4479617
4479667
4479721
4479827
4479941
4479953
4480024
4480153
4480398
4480475
4480525
4480694
4480854
4480887
4480914
4480962
4480977
4481085
4481119
4481184
4481449
4481453
4481509
4481665
4482010
4482245
4482284
4482316
4482334
4482417
4482841
4482878
4483060
4483574
4483597
4483660
4483779
4484050
4484054
4484068
4484117
4484443
4484537
4484585
4484619
4484745
4484805
4484868
4484973
4485099
4485175
4485184
4485325
4485361
4485511
4485676
4485725
4485735
4485832
4485864
4485962
4485986
4486045
4486532
4486608
4486689
4486866
4487025
4487078
4487169
4487228
4487387
4487450
4487530
4487581
4487587
4487777
4487864
4487904
4487959
4487968
4488217
4488549
4488714
4488741
4488934
4489224
4489367
4489383
4489436
4489585
4489710
4489798
4489838
4489987
4490024
4490242
4490458
4490508
4490622
4490666
4490695
4490701
4490886
4490938
4490986
4491025
4491063
4491077
4491415
4491673
4491982
4491984
4492004
4492199
4492412
4492519
4492570
4492675
4492684
4492741
4492747
4492904
4492912
4492927
4492935
4492995
4493262
4493322
4493442
4493486
4493509
4493585
4493697
4493796
4494048
4494173
4494409
4494469
4494544
4494594
4494605
4494713
4494953
4495214
4495422
4495897
4496026
4496030
4496046
4496113
4496262
4496573
4496832
4496880
4496919
4497019
4497145
4497388
4497397
4497594
4497675
4497777
4497835
4497974
4498198
4498220
4498334
4498352
4498520
4498648
4498845
4498881
4498931
4498944
4498983
4499150
4499157
4499200
4499227
4499347
4499379
4499465
4499473
4499604
4499679
4499754
4499861
4499895
4499909
4500008
4500023
4500068
4500279
4500280
4500317
4500347
4500405
4500767
4500843
4500981
4500995
4501071
4501135
4501226
4501250
4501324
4501337
4501392
4501523
4501571
4501642
4501858
4501869
4502207
4502254
4502361
4502398
4502503
4502513
4502517
4502563
4502835
4502936
4502992
4503024
4503084
4503120
4503401
4503448
4503547
4503643
4503692
4503710
4503899
4503954
4504002
4504054
4504095
4504778
4504785
4504874
4504882
4504970
4505124
4505323
4505606
4505771
4505778
4505876
4505980
4505986
4506010
4506308
4506320
4506486
4506691
4506714
4506983
4506986
4507219
4507231
4507460
4507490
4507587
4507684
4507850
4508005
4508130
4508226
4508289
4508426
4508466
4508631
4508655
4508689
4508732
4509007
4509060
4509147
4509150
4509194
4509628
4509633
4509644
4509657
4509684
4510087
4510149
4510383
4510563
4510595
4510611
4510627
4510678
4510792
4510809
4511095
4511166
4511267
4511287
4511458
4511461
4511616
4511894
4511896
4511999
4512034
4512110
4512210
4512216
4512309
4512405
4512428
4512456
4512487
4512527
4512626
4512771
4512821
4512928
4513166
4513239
4513256
4513405
4513499
4514035
4514150
4514160
4514175
4514224
4514377
4514482
4514634
4514729
4514773
4514813
4514855
4514859
4514999
4515004
4515069
4515070
4515147
4515244
4515378
4515408
4515506
4515569
4515613
4515718
4515793
4516274
4516541
4516648
4516798
4517020
4517037
4517190
4517197
4517208
4517466
4517510
4517535
4517639
4518066
4518223
4518301
4518552
4518570
4518625
4518805
4518927
4518968
4519078
4519167
4519205
4519251
4519364
4519409
4519697
4519706
4519711
4519823
4519958
4519989
4520571
4520602
4520670
4520838
4520862
4520912
4521120
4521160
4521163
4521281
4521316
4521484
4521529
4521766
4521781
4521821
4522360
4522581
4522603
4522661
4522672
4522713
4522729
4522770
4522772
4522816
4522828
4522881
4522898
4523021
4523110
4523116
4523190
4523247
4523276
4523314
4523435
4523471
4523584
4523715
4523721
4524204
4524231
4524535
4524992
4525091
4525103
4525173
4525329
4525350
4525410
4525416
4525457
4525568
4525745
4525769
4525883
4526188
4526226
4526240
4526261
4526292
4526331
4526350
4526543
4526746
4526925
4526971
4527055
4527058
4527110
4527148
4527162
4527197
4527218
4527245
4527267
4527374
4527459
4527548
4527562
4527593
4527878
4527948
4528020
4528056
4528062
4528394
4528608
4528914
4529041
4529115
4529358
4529411
4529465
4529839
4530126
4530336
4530396
4530408
4530497
4530708
4530754
4530876
4530981
4531063
4531091
4531165
4531207
4531273
4531343
4531351
4531488
4531799
4531816
4531838
4531881
4531984
4532245
4532271
4532305
4532448
4532464
4532591
4532678
4532915
4532993
4532998
4533039
4533048
4533080
4533170
4533183
4533366
4533864
4533925
4533940
4534261
4534685
4534788
4534966
4535041
4535207
4535266
4535274
4535347
4535352
4535430
4535432
4535465
4535473
4535658
4535717
4535722
4535757
4535974
4535997
4536240
4536241
4536242
4536269
4536296
4536478
4536586
4536629
4536678
4536830
4536956
4537062
4537090
4537094
4537102
4537368
4537436
4537514
4537549
4537827
4537847
4537974
4538055
4538061
4538062
4538199
4538273
4538297
4538299
4538341
4538635
4538856
4539003
4539059
4539277
4539419
4539443
4539450
4539824
4539845
4539858
4539871
4540360
4540503
4540553
4540585
4540590
4540613
4540614
4540641
4540692
4540763
4540804
4540853
4540974
4540983
4540985
4541061
4541147
4541178
4541204
4541511
4541745
4542038
4542071
4542207
4542353
4542397
4542509
4542584
4542687
4542748
4542768
4542856
4542887
4543457
4543724
4543767
4543934
4544112
4544138
4544825
4544854
4544867
4545320
4545453
4545471
4545575
4545911
4545950
4546005
4546192
4546200
4546422
4546603
4546625
4546660
4546685
4546747
4546770
4547052
4547378
4547418
4547457
4547631
4547736
4547832
4547865
4548046
4548083
4548303
4548436
4548517
4548537
4549003
4549042
4549325
4549439
4549812
4549873
4550098
4550141
4550223
4550432
4550670
4550726
4550760
4550836
4550869
4550871
4550911
4550955
4551127
4551318
4551451
4551598
4551611
4551650
4551876
4552041
4552512
4552562
4552796
4552951
4553150
4553373
4553395
4553406
4553480
4553520
4553604
4553747
4553897
4553993
4554035
4554105
4554222
4554541
4554609
4554630
4554688
4554802
4555005
4555092
4555122
4555134
4555278
4555483
4555606
4555742
4556021
4556071
4556218
4556326
4556507
4556750
4556783
4556963
4557037
4557148
4557157
4557351
4557416
4557518
4557598
4557694
4558038
4558059
4558160
4558172
4558254
4558325
4558329
4558385
4558519
4558537
4558554
4558565
4558606
4558682
4558708
4558786
4558956
4558982
4559083
4559215
4559218
4559252
4559351
4559392
4559512
4559565
4559658
4559891
4559921
4560027
4560030
4560049
4560063
4560075
4560181
4560329
4560342
4560378
4560384
4560516
4560917
4560973
4560983
4561017
4561359
4561412
4561515
4561525
4561559
4561651
4561740
4561915
4561918
4562046
4562370
4562382
4562456
4562527
4562740
4562834
4562927
4562968
4563105
4563136
4563196
4563376
4563377
4563500
4563559
4563619
4563623
4563762
4563898
4563958
4563979
4563995
4564033
4564130
4564497
4564562
4564632
4564821
4564878
4564935
4564951
4564983
4565100
4565144
4565151
4565331
4565367
4565410
4565534
4565572
4565630
4565832
4565838
4565886
4566001
4566003
4566043
4566467
4566523
4566537
4566577
4566768
4566769
4566824
4566886
4566960
4567100
4567188
4567229
4567543
4567720
4567753
4567774
4567815
4567928
4568159
4568170
4568297
4568302
4568385
4568475
4568514
4568554
4568570
4568736
4568781
4568864
4568925
4568951
4569024
4569052
4569375
4569536
4569554
4570005
4570111
4570144
4570315
4570322
4570403
4570508
4570605
4570807
4571138
4571249
4571276
4571326
4571510
4571570
4571764
4571818
4571838
4571996
4572141
4572147
4572176
4572322
4572427
4572568
4572712
4572847
4572936
4573114
4573182
4573210
4573279
4573306
4573384
4573401
4573435
4573465
4573487
4573496
4573517
4573677
4573703
4573705
4573751
4573887
4573894
4573958
4573964
4573987
4574065
4574260
4574336
4574402
4574640
4574878
4574936
4575009
4575229
4575322
4575362
4575583
4575683
4576094
4576172
4576496
4576513
4576564
4576683
4576722
4577034
4577043
4577256
4577436
4577504
4577508
4577608
4577640
4577663
4577863
4577914
4577950
4577966
4578097
4578191
4578456
4578473
4578560
4578595
4578750
4578914
4579379
4579404
4579486
4579500
4579555
4579653
4579775
4579951
4580122
4580199
4580311
4580328
4580337
4580413
4580419
4580550
4580585
4580740
4580863
4580998
4581034
4581113
4581265
4581397
4581550
4581559
4581982
4582004
4582151
4582224
4582229
4582232
4582343
4582405
4582541
4582550
4582643
4582652
4582712
4582741
4582744
4582758
4582796
4582871
4582990
4583144
4583146
4583298
4583671
4583787
4583801
4583953
4584174
4584263
4584311
4584323
4584340
4584408
4584440
4584458
4584486
4584718
4584747
4584820
4584858
4584883
4585165
4585187
4585569
4585619
4585679
4585945
4586096
4586220
4586377
4586438
4586754
4586787
4586794
4586825
4586834
4586969
4587007
4587453
4587749
4587792
4588118
4588134
4588319
4588483
4588568
4588712
4588778
4588918
4589157
4589163
4589330
4589407
4589494
4589535
4589561
4589607
4589625
4589736
4589757
4589778
4589833
4589916
4589995
4590016
4590131
4590136
4590269
4590293
4590325
4590330
4590389
4590496
4590537
4590937
4591015
4591099
4591271
4591361
4591380
4591506
4591541
4591588
4591770
4591809
4591863
4591875
4591915
4591924
4592019
4592189
4592235
4592246
4592256
4592333
4592364
4592483
4592509
4592780
4592812
4592844
4592870
4592925
4593020
4593034
4593174
4593267
4593311
4593424
4593484
4593596
4593660
4593706
4593846
4593931
4594098
4594148
4594260
4594322
4594361
4594386
4594406
4594621
4594722
4594806
4594888
4594944
4594964
4595057
4595191
4595262
4595319
4595399
4595406
4595602
4595648
4596272
4596282
4596479
4596539
4596767
4596778
4596799
4596892
4596933
4597108
4597343
4597381
4597445
4597497
4597534
4597655
4597696
4597798
4597884
4597924
4598199
4598447
4598450
4598526
4598549
4598654
4598677
4598744
4598798
4598904
4598929
4599158
4599165
4599304
4599313
4599321
4599393
4599540
4599860
4599880
4600294
4600357
4600504
4600513
4600534
4600779
4600917
4601195
4601232
4601288
4601350
4601364
4601459
4601722
4601823
4601913
4601936
4601954
4602221
4602241
4602445
4602506
4602520
4602545
4602583
4602748
4603000
4603079
4603132
4603169
4603262
4603282
4603368
4603437
4603461
4603561
4603614
4603647
4603663
4603794
4603936
4604027
4604051
4604160
4604412
4604418
4604443
4604568
4604620
4604641
4604727
4604754
4604757
4604778
4604783
4604786
4604837
4605036
4605042
4605154
4605208
4605380
4605472
4605685
4605720
4605906
4605944
4606102
4606199
4606297
4606319
4606581
4606701
4607147
4607312
4607344
4607446
4607487
4607582
4607694
4607704
4607717
4607764
4608095
4608171
4608240
4608511
4608696
4608775
4609098
4609172
4609208
4609314
4609352
4609417
4609499
4609604
4609693
4609734
4609943
4610032
4610093
4610233
4610364
4610380
4610414
4610431
4610566
4610783
4610878
4610927
4611009
4611055
4611216
4611222
4611329
4611332
4611437
4611712
4611793
4611871
4611937
4611952
4612109
4612203
4612424
4612492
4612542
4612603
4612712
4612960
4613078
4613099
4613254
4613334
4613436
4613512
4613543
4613586
4613598
4613616
4613741
4613986
4614065
4614166
4614252
4614266
4614473
4614593
4614765
4615104
4615187
4615341
4615445
4615603
4615706
4615709
4615714
4615721
4616038
4616164
4616261
4616309
4616318
4616319
4616424
4616521
4616569
4617040
4617069
4617205
4617418
4617477
4617806
4618083
4618392
4618400
4618403
4618431
4618632
4618634
4618755
4618760
4618962
4619067
4619072
4619170
4619416
4619636
4619753
4619794
4619965
4619967
4619975
4620049
4620118
4620149
4620170
4620425
4620447
4620569
4620815
4621022
4621070
4621182
4621238
4621297
4621321
4621357
4621376
4621381
4621527
4621577
4622239
4622421
4622465
4622608
4622614
4622726
4622924
4623050
4623055
4623085
4623166
4623427
4623434
4623451
4623462
4623557
4623583
4623734
4623794
4623935
4623976
4623978
4624213
4624233
4624322
4624433
4624443
4624519
4624588
4624656
4624738
4624771
4624807
4624820
4624825
4624854
4624916
4624923
4625058
4625104
4625391
4625460
4625479
4625638
4625715
4625921
4625976
4626121
4626182
4626244
4626339
4626408
4626442
4626855
4626881
4626992
4627045
4627077
4627418
4627496
4627534
4627953
4628339
4628464
4628486
4628491
4628616
4628618
4628707
4628718
4628857
4628909
4628962
4628974
4628975
4629128
4629153
4629268
4629421
4629501
4629560
4629685
4629816
4629875
4630229
4630309
4630468
4630529
4630566
4631020
4631065
4631111
4631165
4631174
4631229
4631423
4631642
4631647
4631687
4631735
4631773
4631897
4632006
4632299
4632616
4632641
4632676
4632960
4633022
4633113
4633244
4633529
4633615
4633705
4634048
4634070
4634107
4634197
4634199
4634322
4634439
4634516
4634724
4634757
4634957
4635017
4635135
4635251
4635379
4635451
4636012
4636109
4636116
4636464
4636501
4636503
4636618
4636625
4636755
4636924
4636929
4637095
4637242
4637286
4637445
4637467
4637672
4637731
4637851
4637857
4637886
4637968
4638001
4638084
4638179
4638267
4638446
4638490
4638494
4638553
4638566
4638607
4638935
4639062
4639224
4639285
4639299
4639305
4639589
4639750
4639780
4640036
4640054
4640215
4640241
4640277
4640331
4640441
4640524
4640559
4640608
4640834
4641014
4641079
4641083
4641084
4641149
4641203
4641389
4641510
4642118
4642320
4642382
4642466
4642482
4642560
4642676
4642725
4643220
4643247
4643467
4643510
4643685
4643860
4644039
4644246
4644270
4644391
4644574
4644776
4644840
4644962
4644979
4645007
4645378
4645479
4645557
4645815
4645987
4646185
4646303
4646415
4646440
4646696
4646709
4647140
4647331
4647394
4647433
4647513
4647789
4647838
4647891
4647906
4647931
4647965
4648068
4648244
4648383
4648487
4648595
4648609
4648635
4648780
4648912
4649121
4649320
4649354
4649403
4649592
4649729
4649750
4649830
4649941
4650076
4650187
4650253
4650272
4650288
4650352
4650417
4650418
4650660
4650672
4650753
4650815
4651122
4651142
4651197
4651386
4651404
4651453
4651509
4651543
4651661
4651685
4651816
4651944
4652035
4652117
4652572
4652672
4652779
4652789
4652814
4652846
4652908
4652931
4653008
4653060
4653066
4653114
4653267
4653276
4653354
4653631
4653937
4654047
4654081
4654219
4654304
4654393
4654404
4654614
4654743
4655052
4655054
4655081
4655233
4655275
4655340
4655356
4655358
4655389
4655440
4655458
4655483
4655597
4655673
4655680
4655957
4656146
4656412
4656417
4656423
4656594
4657029
4657089
4657107
4657124
4657229
4657326
4657454
4657610
4657656
4657670
4657699
4657722
4657742
4657850
4657927
4657988
4658068
4658109
4658345
4658539
4658717
4658740
4658769
4658813
4658974
4659017
4659034
4659144
4659159
4659169
4659253
4659415
4659489
4659498
4659593
4659601
4659606
4659624
4659791
4660157
4660177
4660200
4660242
4660375
4660598
4660803
4660836
4660857
4660868
4661041
4661121
4661245
4661318
4661342
4661526
4661594
4661595
4661825
4661864
4661931
4661937
4661955
4662202
4662219
4662247
4662415
4662511
4662535
4662563
4662736
4662766
4662845
4662908
4662929
4663050
4663057
4663084
4663189
4663286
4663451
4663545
4663776
4663840
4663943
4663978
4664251
4664366
4664399
4664543
4664667
4664730
4664863
4664870
4664875
4664930
4664981
4665112
4665187
4665195
4665322
4665685
4665717
4665733
4665743
4665749
4666087
4666104
4666156
4666192
4666282
4666314
4666329
4666336
4666433
4666466
4666476
4666500
4666520
4666833
4666837
4666903
4666911
4667025
4667140
4667246
4667307
4667452
4667471
4667572
4667632
4667685
4667754
4667916
4668230
4668433
4668485
4668696
4669009
4669071
4669159
4669175
4669182
4669348
4669569
4669653
4669811
4669990
4670178
4670239
4670243
4670258
4670335
4670370
4670379
4670461
4670469
4670586
4670712
4670729
4671007
4671082
4671154
4671202
4671232
4671306
4671432
4671435
4671501
4671509
4671707
4671892
4672302
4672358
4672428
4672457
4672573
4672576
4672667
4672709
4672885
4672976
4673028
4673232
4673391
4673482
4673500
4673509
4673621
4674105
4674158
4674219
4674264
4674289
4674457
4674460
4674560
4674579
4674684
4674751
4674825
4674841
4674844
4675164
4675171
4675185
4675207
4675268
4675274
4675344
4675362
4675514
4675776
4675921
4675992
4676085
4676155
4676327
4676351
4676405
4676497
4676909
4677037
4677204
4677495
4677630
4677785
4677789
4677904
4677911
4677964
4678032
4678092
4678163
4678298
4678384
4678409
4678422
4678425
4678521
4678577
4678678
4678718
4678812
4678948
4679264
4679290
4679343
4679631
4679701
4679744
4679878
4680113
4680189
4680295
4680457
4680483
4680623
4680705
4680943
4680957
4681005
4681340
4681379
4681611
4681625
4681701
4681800
4681883
4682116
4682284
4682323
4682462
4682499
4682805
4682981
4683020
4683044
4683075
4683483
4683497
4683601
4683612
4683670
4683800
4683859
4683957
4684154
4684234
4684319
4684383
4684406
4684424
4684491
4684531
4684648
4684848
4684850
4684958
4684980
4685154
4685157
4685251
4685320
4685462
4685574
4685615
4685618
4685816
4685870
4686083
4686151
4686354
4686377
4686457
4686519
4686571
4686623
4686720
4686784
4686785
4686827
4686925
4686972
4687030
4687035
4687193
4687345
4687377
4687396
4687464
4687491
4687553
4687639
4687818
4687862
4687865
4687989
4688160
4688180
4688342
4688368
4688381
4688488
4688880
4689109
4689160
4689167
4689282
4689376
4689810
4689907
4690040
4690072
4690116
4690152
4690176
4690469
4690508
4690535
4690626
4690662
4690700
4690847
4690861
4690900
4691341
4691625
4691645
4691777
4691848
4691878
4691883
4692149
4692201
4692325
4692327
4692465
4692475
4692629
4692836
4692921
4692932
4692948
4693005
4693042
4693069
4693115
4693123
4693509
4693637
4693639
4693684
4693794
4694003
4694075
4694163
4694251
4694298
4694427
4694510
4694611
4694640
4694644
4694707
4694719
4694722
4694821
4694863
4694963
4695059
4695131
4695146
4695223
4695553
4695588
4695601
4695666
4695787
4695864
4695969
4696305
4696546
4696555
4696571
4696659
4696700
4696787
4696807
4696815
4696840
4696893
4696899
4696931
4697059
4697060
4697143
4697201
4697452
4697460
4697570
4697591
4697742
4697805
4697874
4697889
4698044
4698292
4698307
4698313
4698439
4698589
4698645
4698831
4698957
4699002
4699063
4699066
4699195
4699392
4699478
4699493
4699522
4699560
4699641
4699773
4699787
4699883
4699978
4700022
4700168
4700333
4700354
4700579
4700603
4700841
4700874
4701250
4701298
4701305
4701394
4701620
4701624
4701644
4701650
4701692
4701842
4701848
4701952
4701962
4702075
4702150
4702515
4702577
4702610
4702635
4702659
4702700
4702852
4702923
4703204
4703308
4703341
4703409
4703696
4703841
4703918
4703970
4703978
4704204
4704466
4704911
4704978
4705062
4705084
4705180
4705194
4705231
4705433
4705492
4705533
4705686
4705741
4705894
4705962
4706255
4706349
4706390
4706430
4706451
4706513
4706707
4706760
4707303
4707325
4707414
4707461
4707468
4707525
4707783
4707874
4708001
4708194
4708265
4708464
4708558
4708621
4708741
4708770
4708890
4708991
4709189
4709349
4709421
4709527
4709533
4709585
4709698
4709721
4709788
4709837
4710047
4710105
4710292
4710442
4710444
4710448
4710539
4710605
4710633
4710651
4710711
4710998
4711041
4711067
4711070
4711242
4711308
4711341
4711440
4711455
4711511
4711632
4711638
4711914
4712068
4712091
4712099
4712215
4712245
4712317
4712454
4712494
4712499
4712551
4712607
4712671
4712715
4712803
4712883
4712892
4712908
4713033
4713245
4713307
4713512
4713590
4713608
4713723
4713996
4714154
4714235
4714318
4714338
4714374
4714398
4714458
4714591
4714622
4714745
4714748
4714773
4715002
4715085
4715311
4715324
4715329
4715391
4715517
4715556
4715867
4716013
4716021
4716053
4716077
4716137
4716142
4716168
4716186
4716258
4716310
4716363
4716495
4716542
4716797
4716837
4716923
4717253
4717305
4717401
4717478
4717501
4717523
4717654
4717806
4717843
4717943
4718001
4718050
4718121
4718137
4718154
4718198
4718244
4718351
4718385
4718426
4718538
4718924
4719067
4719073
4719187
4719209
4719271
4719483
4719519
4719706
4719786
4719793
4719821
4719909
4720008
4720011
4720091
4720120
4720263
4720398
4720420
4720449
4720785
4720933
4720935
4720988
4721160
4721518
4721549
4721551
4721631
4721989
4722003
4722031
4722043
4722134
4722143
4722179
4722297
4722361
4722478
4722526
4722721
4722798
4722938
4723051
4723159
4723273
4723303
4723369
4723576
4723736
4723777
4723813
4723833
4723839
4723855
4724020
4724137
4724149
4724174
4724229
4724247
4724351
4724592
4724741
4724989
4725015
4725602
4725648
4725715
4725752
4725825
4725855
4726108
4726121
4726208
4726239
4726309
4726486
4726633
4726947
4727035
4727082
4727127
4727170
4727274
4727288
4727623
4727643
4727703
4727862
4727874
4727913
4728004
4728121
4728161
4728285
4728382
4728600
4728646
4728679
4728691
4728719
4728751
4728794
4728840
4728864
4728947
4729193
4729755
4729769
4729776
4729922
4729995
4730009
4730018
4730036
4730054
4730060
4730072
4730074
4730348
4730426
4730508
4730589
4730838
4731114
4731281
4731305
4731390
4731519
4731537
4731566
4731592
4731639
4731664
4731812
4731835
4731848
4732250
4732537
4732667
4732681
4732744
4732860
4733221
4733235
4733301
4733358
4733502
4733763
4733848
4733958
4733992
4734025
4734109
4734225
4734272
4734316
4734332
4734337
4734845
4734983
4735025
4735125
4735162
4735183
4735269
4735517
4735543
4735628
4735647
4735678
4736048
4736066
4736248
4736291
4736488
4736678
4736689
4736741
4736761
4736785
4736825
4737018
4737165
4737208
4737568
4737614
4737703
4737972
4737992
4738025
4738046
4738066
4738116
4738273
4738311
4738391
4738760
4738831
4738959
4739017
4739045
4739095
4739201
4739203
4739348
4739449
4739455
4739573
4739616
4739637
4739715
4739812
4740019
4740094
4740122
4740165
4740194
4740254
4740258
4740381
4740788
4740793
4740879
4740900
4741074
4741082
4741115
4741143
4741671
4741707
4741818
4741837
4741906
4742104
4742121
4742138
4742159
4742174
4742234
4742382
4742447
4742503
4742644
4742652
4742702
4742764
4742900
4742954
4743005
4743080
4743096
4743106
4743135
4743202
4743314
4743351
4743405
4743413
4743909
4744005
4744235
4744337
4744347
4744546
4744640
4744758
4744802
4744958
4744988
4745171
4745202
4745211
4745233
4745306
4745343
4745411
4745513
4745669
4745699
4745772
4745822
4745876
4745928
4745986
4746113
4746249
4746456
4746603
4746638
4746763
4746778
4746869
4747052
4747093
4747229
4747272
4747335
4747477
4747571
4747659
4747674
4748080
4748149
4748324
4748484
4748495
4748570
4748577
4748690
4748792
4748839
4748990
4749244
4749316
4749417
4749459
4749515
4749597
4749598
4749623
4750129
4750373
4750472
4750603
4750820
4750874
4750979
4751021
4751059
4751076
4751176
4751255
4751343
4751391
4751417
4751480
4751483
4751834
4752070
4752080
4752104
4752273
4752431
4752592
4752623
4752657
4752661
4752735
4752770
4752897
4752925
4752926
4753001
4753088
4753127
4753142
4753403
4753471
4753586
4753621
4753680
4753776
4753827
4753926
4754030
4754031
4754430
4754479
4754534
4754812
4754955
4754968
4755092
4755111
4755318
4755440
4755466
4755468
4755566
4755571
4755615
4755721
4755899
4755912
4756134
4756521
4756534
4756699
4756715
4756739
4756746
4756936
4757017
4757063
4757182
4757224
4757307
4757381
4757421
4757441
4757519
4757698
4757755
4757794
4757998
4758027
4758035
4758073
4758124
4758187
4758227
4758234
4758238
4758253
4758293
4758375
4758414
4758625
4758723
4758844
4758909
4758955
4759136
4759426
4759548
4759572
4759614
4759684
4759701
4759954
4760064
4760139
4760222
4760240
4760293
4760441
4760461
4760490
4760512
4760752
4760755
4760780
4760911
4760912
4761131
4761192
4761199
4761211
4761256
4761347
4761454
4761542
4761813
4761894
4761932
4762297
4762510
4762551
4762584
4762687
4762815
4762845
4762854
4762915
4762922
4763056
4763380
4763438
4763551
4763568
4763673
4763850
4763859
4763876
4763917
4763930
4764036
4764136
4764226
4764231
4764312
4764316
4764437
4764643
4764679
4764887
4764967
4765010
4765158
4765581
4765627
4765813
4765895
4765909
4766005
4766011
4766074
4766227
4766228
4766273
4766637
4766697
4766702
4766921
4767174
4767205
4767222
4767266
4767307
4767347
4767395
4767484
4767497
4767551
4767665
4767673
4767735
4767799
4767815
4767964
4768039
4768064
4768128
4768358
4768438
4768525
4768696
4768701
4768717
4768770
4768835
4768934
4768955
4768998
4769137
4769672
4769705
4769739
4769877
4769951
4770012
4770109
4770181
4770246
4770268
4770278
4770290
4770555
4770573
4770609
4770617
4770699
4770718
4770813
4770850
4770936
4771210
4771243
4771287
4771369
4771550
4771645
4771755
4771895
4771940
4772004
4772220
4772296
4772544
4772564
4772565
4772596
4772656
4772742
4772825
4772966
4773034
4773052
4773276
4773313
4773441
4773458
4773602
4773652
4773674
4773699
4773725
4773733
4773734
4773826
4773893
4773998
4774044
4774049
4774078
4774140
4774188
4774231
4774494
4774614
4774681
4774717
4774904
4775233
4775289
4775297
4775331
4775443
4775507
4775565
4775669
4775711
4776064
4776106
4776154
4776177
4776338
4776600
4776741
4776845
4776869
4777011
4777067
4777078
4777238
4777266
4777313
4777862
4777866
4777956
4778003
4778044
4778215
4778262
4778311
4778460
4778518
4778523
4778696
4778847
4779071
4779099
4779226
4779325
4779458
4779576
4779678
4779818
4779866
4779986
4780277
4780347
4780397
4780417
4780443
4780690
4780745
4780780
4780811
4780889
4780996
4781271
4781272
4781369
4781391
4781532
4781581
4781918
4781944
4781990
4782045
4782100
4782101
4782144
4782207
4782271
4782298
4782370
4782419
4782468
4782593
4782799
4782800
4782844
4782865
4782878
4782940
4783248
4783475
4783503
4783657
4783844
4783955
4783986
4783988
4784048
4784094
4784728
4785006
4785132
4785308
4785326
4785436
4785587
4785618
4785715
4786111
4786120
4786136
4786496
4786501
4786586
4786663
4786686
4786695
4786860
4786873
4786892
4786968
4787023
4787097
4787214
4787436
4787495
4787548
4787691
4787966
4788005
4788021
4788258
4788275
4788279
4788444
4788711
4788736
4788773
4788971
4789203
4789300
4789382
4789390
4789468
4789617
4789999
4790005
4790052
4790082
4790093
4790104
4790166
4790245
4790324
4790399
4790777
4790857
4791106
4791126
4791164
4791250
4791259
4791332
4791361
4791403
4791465
4791698
4791818
4792138
4792207
4792275
4792303
4792484
4792848
4792912
4793055
4793189
4793216
4793304
4793476
4793493
4793512
4793542
4793745
4793755
4793772
4793850
4794007
4794082
4794130
4794322
4794369
4794514
4794546
4794612
4794946
4794950
4794953
4795035
4795036
4795108
4795287
4795654
4795886
4795929
4796016
4796036
4796086
4796132
4796293
4796314
4796404
4796448
4796621
4796766
4796789
4796799
4797023
4797064
4797091
4797164
4797188
4797365
4797598
4797907
4797957
4797962
4798335
4798356
4798459
4798762
4798811
4798829
4798946
4799010
4799061
4799341
4799444
4799463
4799549
4799702
4799708
4799739
4799925
4800102
4800458
4800689
4800862
4801073
4801200
4801246
4801501
4801582
4801716
4801731
4801965
4802031
4802073
4802095
4802110
4802167
4802234
4802436
4802476
4802583
4802903
4802935
4803034
4803226
4803262
4803276
4803420
4803490
4803497
4803556
4803651
4803689
4803891
4804018
4804108
4804263
4804472
4804554
4804638
4804841
4804842
4804904
4804915
4805140
4805222
4805254
4805391
4805553
4805559
4805699
4805738
4805760
4805775
4805777
4805822
4805831
4805842
4805915
4805942
4806022
4806040
4806068
4806083
4806137
4806253
4806263
4806275
4806455
4806456
4806537
4806708
4806717
4806768
4806842
4806848
4807117
4807166
4807213
4807222
4807295
4807339
4807463
4807464
4807738
4807748
4807783
4807788
4807792
4807856
4808252
4808520
4808533
4808559
4808570
4808612
4809068
4809222
4809391
4809604
4809642
4809769
4809836
4809840
4809875
4809905
4809930
4810015
4810103
4810352
4810668
4810702
4810723
4810894
4811118
4811231
4811237
4811430
4811432
4811575
4811607
4811697
4811801
4811931
4811978
4812194
4812271
4812393
4812462
4812599
4813097
4813152
4813363
4813477
4813489
4813505
4813676
4813719
4813960
4814116
4814361
4814382
4814394
4814420
4814642
4814650
4814917
4814934
4815073
4815129
4815131
4815135
4815356
4815489
4815584
4815774
4816031
4816196
4816276
4816327
4816363
4816411
4816479
4816630
4816690
4816718
4816721
4816746
4816829
4816877
4816953
4817393
4817578
4817677
4817782
4818147
4818151
4818508
4818514
4818634
4818665
4818685
4818747
4818764
4818774
4818814
4819169
4819178
4819217
4819298
4819303
4819368
4819661
4819725
4819793
4819895
4819981
4820006
4820095
4820110
4820165
4820206
4820226
4820243
4820299
4820368
4820388
4820396
4820416
4820465
4820470
4820863
4820938
4821238
4821702
4821898
4822289
4822334
4822416
4822550
4822615
4822731
4822877
4822957
4823015
4823030
4823031
4823060
4823131
4823238
4823317
4823463
4823505
4823586
4823650
4823691
4823724
4823787
4824112
4824206
4824465
4824515
4824564
4824566
4824567
4824574
4824717
4824749
4824826
4825282
4825305
4825459
4825465
4825862
4825881
4825941
4825975
4826052
4826082
4826120
4826382
4826657
4826809
4826888
4826981
4827046
4827084
4827103
4827157
4827286
4827475
4827632
4827731
4827912
4828001
4828124
4828209
4828238
4828283
4828292
4828539
4828621
4828870
4828947
4828991
4829112
4829137
4829156
4829178
4829182
4829298
4829522
4829589
4829610
4829768
4829856
4829998
4830001
4830096
4830173
4830201
4830234
4830285
4830312
4830362
4830414
4830495
4830582
4830590
4830633
4830755
4830810
4830818
4830849
4830888
4830953
4830976
4831005
4831480
4831547
4831710
4831756
4831921
4832047
4832273
4832442
4832593
4832601
4832860
4833028
4833134
4833182
4833279
4833360
4833435
4833473
4833479
4833534
4833590
4833607
4833665
4833691
4833736
4833739
4833759
4833900
4833907
4834211
4834474
4834538
4834652
4834691
4834702
4834851
4834948
4835010
4835014
4835026
4835062
4835581
4835693
4835704
4835810
4835967
4836085
4836272
4836607
4836620
4836622
4836672
4836683
4836735
4836800
4836841
4836913
4836930
4837208
4837320
4837323
4837367
4837390
4837402
4837416
4837592
4837609
4837761
4837814
4837964
4838055
4838276
4838380
4838448
4838452
4838581
4838602
4838747
4838814
4838849
4838939
4839009
4839013
4839028
4839057
4839108
4839119
4839299
4839312
4839370
4839391
4839439
4839611
4839667
4839675
4839680
4839716
4839718
4839752
4839909
4840129
4840326
4840345
4840376
4840409
4840526
4840571
4840587
4840732
4840740
4840943
4840979
4841072
4841073
4841276
4841351
4841550
4841553
4841572
4841588
4841596
4841629
4841686
4841815
4841841
4842083
4842136
4842139
4842382
4842417
4842437
4842596
4842681
4842729
4842777
4842906
4843008
4843030
4843091
4843187
4843255
4843622
4843669
4843745
4843762
4843888
4844043
4844089
4844158
4844166
4844240
4844260
4844527
4845138
4845282
4845357
4845390
4845551
4845642
4845655
4845748
4845764
4845864
4846071
4846217
4846254
4846310
4846312
4846681
4846710
4846742
4846744
4846830
4846954
4847057
4847138
4847165
4847277
4847300
4847802
4847874
4847957
4848062
4848090
4848223
4848325
4848426
4848438
4848565
4848702
4848757
4848788
4848984
4849039
4849198
4849337
4849594
4849777
4849779
4849825
4849952
4850038
4850085
4850135
4850167
4850242
4850245
4850442
4850496
4850598
4850968
4851076
4851198
4851227
4851342
4851391
4851440
4851847
4851921
4851983
4851995
4852054
4852164
4852189
4852190
4852342
4852412
4852516
4852627
4852700
4852869
4852910
4852987
4853019
4853024
4853085
4853437
4853463
4853525
4853575
4853621
4853675
4853735
4853822
4853827
4854017
4854031
4854409
4854522
4854546
4854549
4854604
4854883
4855114
4855210
4855230
4855316
4855374
4855378
4855416
4855709
4855858
4855909
4856024
4856025
4856043
4856308
4856341
4856479
4856537
4856615
4856758
4856813
4856833
4856884
4857056
4857165
4857288
4857306
4857713
4857755
4857818
4857851
4857961
4858037
4858161
4858177
4858380
4858535
4858648
4858757
4858838
4858858
4858970
4859113
4859398
4859485
4859589
4859603
4859617
4860079
4860081
4860227
4860238
4860268
4860550
4860794
4860812
4860854
4860938
4860955
4861087
4861368
4861457
4861589
4861630
4861803
4861870
4862004
4862072
4862090
4862261
4862335
4862343
4862407
4862473
4862806
4862910
4863145
4863180
4863189
4863239
4863387
4863527
4863865
4863984
4864089
4864240
4864263
4864296
4864400
4864499
4864522
4864683
4864829
4864882
4865105
4865347
4865571
4865696
4865707
4865764
4865779
4865856
4865897
4865936
4865949
4865987
4866085
4866147
4866339
4866448
4866588
4866589
4866613
4866684
4866827
4866875
4867011
4867050
4867202
4867239
4867479
4867528
4867624
4867670
4867785
4867829
4868221
4868379
4868435
4868443
4868474
4868559
4868824
4868941
4868977
4869014
4869122
4869123
4869135
4869253
4869269
4869522
4869562
4869633
4869649
4869723
4869891
4869951
4869988
4869995
4870020
4870125
4870236
4870434
4870505
4870871
4870886
4870925
4871121
4871124
4871192
4871301
4871687
4872007
4872023
4872136
4872238
4872614
4872640
4872666
4872672
4872725
4872731
4872967
4873151
4873273
4873485
4873761
4873822
4873829
4873868
4873986
4874057
4874204
4874246
4874255
4874348
4874441
4874533
4874713
4874953
4874964
4875032
4875100
4875121
4875226
4875368
4875882
4876004
4876264
4876355
4876390
4876634
4876687
4876844
4877171
4877214
4877396
4877517
4877637
4877724
4877827
4878078
4878108
4878151
4878212
4878667
4878706
4878849
4878898
4878915
4879134
4879328
4879379
4879511
4879684
4879866
4879953
4880192
4880308
4880571
4880573
4880663
4880668
4880690
4880705
4881031
4881306
4881605
4881729
4881786
4881890
4881914
4881924
4881951
4881967
4882071
4882112
4882238
4882440
4882629
4882678
4882730
4882759
4882966
4882967
4883018
4883081
4883099
4883221
4883437
4883445
4883453
4883461
4883501
4883615
4883650
4883715
4883847
4883958
4884144
4884290
4884393
4884808
4884809
4884824
4884838
4884845
4884898
4884946
4884973
4884974
4885007
4885080
4885393
4885532
4885633
4885640
4885722
4885735
4885759
4885802
4885836
4885882
4885919
4885926
4886018
4886072
4886288
4886778
4886811
4886831
4886854
4887132
4887167
4887176
4887207
4887536
4887825
4887830
4887879
4888096
4888201
4888326
4888331
4888523
4888672
4888743
4888815
4888966
4889101
4889123
4889268
4889346
4889372
4889391
4889396
4889482
4889608
4889623
4889766
4889816
4889846
4889931
4890039
4890137
4890216
4890256
4890285
4890456
4890463
4890618
4890883
4890903
4891073
4891113
4891160
4891164
4891241
4891328
4891377
4891476
4891515
4891845
4891942
4891960
4892139
4892192
4892288
4892412
4892481
4892512
4892557
4892624
4892747
4893161
4893214
4893293
4893490
4893638
4893665
4893687
4893759
4893814
4893880
4894064
4894179
4894370
4894372
4894381
4894426
4894738
4894891
4894916
4894958
4894976
4894979
4895007
4895014
4895180
4895220
4895290
4895306
4895405
4895422
4895497
4895518
4895521
4895550
4895560
4895745
4895814
4895919
4896083
4896128
4896147
4896161
4896211
4896294
4896311
4896391
4896461
4896487
4896504
4896650
4896739
4896760
4896809
4897053
4897328
4897393
4897423
4897494
4897501
4897555
4898072
4898370
4898650
4898751
4898953
4898963
4898974
4899034
4899323
4899677
4899892
4899912
4900118
4900206
4900534
4900553
4900708
4900721
4900759
4900844
4900856
4900973
4900991
4901022
4901093
4901107
4901276
4901285
4901366
4901479
4901506
4901618
4901623
4901737
4901746
4901851
4901896
4902028
4902074
4902087
4902211
4902262
4902321
4902330
4902442
4902575
4902658
4902681
4902684
4902708
4902880
4903023
4903058
4903143
4903197
4903354
4903769
4903869
4903972
4903980
4904104
4904136
4904202
4904289
4904297
4904449
4904574
4904751
4904839
4905030
4905195
4905370
4905511
4905537
4905777
4905779
4905878
4905924
4905974
4906121
4906289
4906516
4906522
4906594
4906811
4907045
4907064
4907149
4907207
4907263
4907505
4907630
4907682
4907749
4907891
4907912
4907987
4908185
4908263
4908355
4908381
4908777
4908779
4908805
4908875
4909047
4909148
4909302
4909380
4909485
4909629
4909826
4910017
4910059
4910130
4910145
4910199
4910225
4910227
4910260
4910326
4910334
4910523
4910599
4910615
4910624
4910629
4910860
4910862
4910981
4911006
4911128
4911160
4911194
4911270
4911338
4911370
4911631
4911666
4911710
4911783
4911889
4911983
4912077
4912106
4912209
4912286
4912411
4912425
4912439
4912844
4912911
4913008
4913106
4913265
4913279
4913341
4913363
4913386
4913402
4913432
4913575
4913659
4913666
4913667
4913698
4913882
4914195
4914391
4914448
4914466
4914533
4914657
4914755
4914879
4914896
4914959
4914998
4915244
4915423
4915604
4915741
4915819
4915822
4915939
4916058
4916099
4916168
4916186
4916193
4916356
4916508
4916596
4916617
4916711
4916734
4916812
4916885
4917094
4917109
4917119
4917146
4917212
4917231
4917385
4917403
4917557
4917564
4917947
4918015
4918084
4918166
4918314
4918406
4918595
4918796
4918881
4918941
4919086
4919159
4919225
4919323
4919358
4919398
4919745
4920034
4920042
4920178
4920202
4920205
4920281
4920352
4920407
4920478
4920535
4920591
4920755
4920805
4920821
4920843
4920865
4921001
4921082
4921284
4921413
4921499
4921506
4921521
4921698
4921744
4921772
4921834
4921903
4922316
4922409
4922441
4922546
4922578
4922682
4922745
4922785
4922791
4922794
4923063
4923084
4923339
4923420
4923526
4923593
4923626
4923630
4923851
4923860
4923927
4924145
4924242
4924607
4924635
4924742
4924821
4924968
4925165
4925269
4925637
4925875
4926055
4926550
4926743
4926954
4926999
4927000
4927004
4927051
4927116
4927135
4927416
4927538
4927749
4927850
4927962
4928131
4928634
4928714
4928743
4928751
4928999
4929118
4929133
4929353
4929584
4929633
4929695
4929719
4929736
4930027
4930054
4930084
4930141
4930191
4930268
4930367
4930458
4930469
4930524
4930660
4930741
4930863
4930964
4931042
4931161
4931284
4931310
4931325
4931449
4931466
4931590
4931611
4931900
4931937
4932032
4932097
4932140
4932163
4932259
4932284
4932325
4932350
4932468
4932627
4932736
4932740
4932823
4932977
4933200
4933283
4933306
4933448
4933578
4933610
4933835
4933888
4934049
4934167
4934179
4934314
4934408
4934801
4934822
4934881
4934993
4935008
4935067
4935099
4935117
4935142
4935183
4935289
4935299
4935317
4935327
4935333
4935492
4935628
4935684
4935832
4935942
4936041
4936065
4936069
4936374
4936802
4936835
4936838
4937030
4937034
4937046
4937081
4937129
4937481
4937527
4937659
4937767
4937794
4938026
4938034
4938059
4938141
4938342
4938474
4938648
4938669
4938792
4938860
4938881
4938952
4938959
4938965
4938998
4939000
4939031
4939104
4939110
4939207
4939298
4939339
4939748
4939753
4939842
4940164
4940373
4940606
4940772
4940856
4940890
4940936
4940946
4940968
4941041
4941067
4941068
4941096
4941128
4941185
4941186
4941343
4941453
4941460
4941539
4941548
4941591
4941597
4941644
4941677
4941701
4941770
4942079
4942107
4942298
4942460
4942504
4942545
4942602
4942670
4942703
4942806
4942860
4942971
4942997
4943023
4943098
4943352
4943392
4943532
4943753
4943847
4943856
4943896
4943930
4943945
4943988
4944215
4944240
4944303
4944383
4944418
4944438
4944676
4944759
4944762
4944961
4945039
4945103
4945166
4945180
4945269
4945478
4945505
4945652
4945759
4945792
4945840
4946011
4946082
4946214
4946258
4946303
4946566
4946588
4946636
4946732
4946760
4946841
4946859
4946929
4947011
4947085
4947154
4947240
4947436
4947643
4947684
4947723
4947737
4947788
4947826
4947857
4948215
4948338
4948396
4948423
4948447
4948604
4948700
4948874
4949012
4949620
4949641
4949772
4949909
4949919
4950087
4950162
4950264
4950296
4950334
4950373
4950503
4950547
4950559
4950576
4950671
4950733
4950901
4951002
4951007
4951056
4951153
4951311
4951351
4951402
4951918
4951978
4952514
4952546
4952581
4952610
4952698
4952778
4952915
4953041
4953527
4953632
4953640
4953663
4953691
4953753
4953843
4953922
4954178
4954250
4954255
4954272
4954329
4954401
4954443
4954530
4955035
4955192
4955503
4955608
4955773
4955827
4955828
4955832
4955989
4956016
4956065
4956172
4956192
4956194
4956261
4956279
4956380
4956437
4956442
4956534
4956671
4956772
4956815
4956853
4956913
4957013
4957082
4957136
4957298
4957388
4957407
4957759
4957886
4958041
4958248
4958437
4958465
4958496
4958528
4958653
4958859
4959280
4959516
4959588
4959852
4960194
4960325
4960433
4960781
4961037
4961051
4961052
4961223
4961366
4961389
4961503
4961578
4961661
4961868
4962192
4962203
4962260
4962386
4962593
4962675
4962785
4962929
4962930
4962953
4962962
4963059
4963073
4963390
4963469
4963514
4963557
4963578
4963610
4963722
4963727
4963771
4964029
4964198
4964199
4964239
4964254
4964543
4964596
4964695
4964707
4964740
4964842
4964886
4964977
4965083
4965439
4965445
4965472
4965520
4965578
4965731
4965749
4965869
4966190
4966221
4966302
4966710
4966752
4966901
4967053
4967085
4967098
4967112
4967197
4967241
4967250
4967262
4967368
4967538
4967605
4967917
4968089
4968109
4968114
4968647
4968810
4968866
4968981
4969089
4969151
4969277
4969284
4969368
4969485
4969711
4969771
4969807
4969896
4970091
4970205
4970273
4970470
4971040
4971164
4971332
4971410
4971554
4971641
4971646
4971764
4971864
4971912
4972047
4972054
4972144
4972176
4972183
4972243
4972439
4972442
4972504
4972548
4972672
4973142
4973182
4973203
4973218
4973347
4973379
4973381
4973414
4973495
4973508
4973525
4973579
4973595
4973672
4973949
4974056
4974129
4974140
4974157
4974234
4974244
4974298
4974316
4974383
4974412
4974472
4974562
4974578
4974599
4974615
4974676
4974764
4974877
4975069
4975161
4975218
4975229
4975251
4975573
4976001
4976022
4976101
4976189
4976276
4976376
4976573
4976668
4976770
4976906
4977026
4977071
4977358
4977364
4977489
4977593
4977605
4977780
4977802
4977967
4978206
4978221
4978235
4978464
4978533
4978619
4978625
4978804
4979018
4979020
4979261
4979333
4979424
4979487
4979609
4979691
4979723
4979739
4979844
4980143
4980192
4980228
4980269
4980310
4980353
4980402
4980511
4980543
4980620
4980712
4980733
4980737
4980820
4980942
4980975
4981015
4981067
4981182
4981243
4981416
4981538
4981553
4981663
4981723
4981852
4982110
4982234
4982249
4982281
4982392
4982544
4982740
4982746
4983043
4983177
4983243
4983310
4983770
4983787
4983921
4983985
4984026
4984216
4984317
4984612
4984617
4984703
4984727
4984728
4984729
4984856
4985222
4985247
4985262
4985325
4985343
4985637
4985750
4985938
4985991
4986283
4986457
4986580
4986627
4986692
4986785
4986788
4986919
4986934
4987073
4987296
4987567
4987606
4987989
4988056
4988426
4988554
4988671
4988822
4988881
4989166
4989457
4989564
4989685
4989770
4989803
4989870
4989901
4989946
4990217
4990526
4990576
4990605
4990681
4990687
4990841
4990930
4990937
4990949
4991165
4991387
4991417
4991558
4991624
4991653
4991803
4991859
4991965
4992154
4992271
4992508
4992660
4992792
4992835
4993395
4993428
4993486
4993668
4993683
4993695
4993786
4993814
4993897
4994067
4994073
4994457
4994577
4994636
4994641
4994651
4994869
4994992
4995036
4995056
4995273
4995345
4995361
4995784
4995914
4996147
4996206
4996380
4996400
4996831
4997048
4997154
4997218
4997266
4997290
4997354
4997443
4997572
4997939
4997983
4998015
4998058
4998061
4998072
4998077
4998128
4998252
4998309
4998460
4998587
4998591
4998621
4998661
4998723
4998741
4998979
4999018
4999072
4999221
4999337
4999469
4999534
4999635
4999693
4999819
4999866