ID,Name,Score
100208,Student-1295,87
100786,Student-4822,88
101109,Student-0746,85
101185,Student-4567,96
101601,Student-4024,79
102006,Student-2234,96
102042,Student-3281,85
102087,Student-3892,83
102110,Student-1884,61
102251,Student-3275,96
102506,Student-2635,98
102529,Student-4743,70
103260,Student-1395,72
103325,Student-2717,74
103479,Student-1376,82
104199,Student-2284,72
104311,Student-2431,74
104627,Student-4034,60
104813,Student-4944,66
104841,Student-4776,68
104876,Student-3719,60
105119,Student-1914,67
105334,Student-3343,73
105337,Student-1040,96
105340,Student-3087,64
105494,Student-0471,75
105541,Student-1316,82
105543,Student-0912,92
105670,Student-3387,91
105832,Student-1372,95
105919,Student-2955,60
106032,Student-2345,78
106118,Student-0185,96
106264,Student-2862,70
106319,Student-4857,85
106419,Student-1267,93
106584,Student-4662,91
106594,Student-2531,70
106800,Student-1037,93
106863,Student-2729,64
107065,Student-4420,66
107134,Student-2353,67
107203,Student-0456,61
107306,Student-2661,72
107543,Student-0455,90
107922,Student-4787,74
107971,Student-3740,60
107978,Student-1840,82
108346,Student-3197,86
108353,Student-2085,75
108481,Student-2125,76
108583,Student-0823,97
108694,Student-4694,87
108916,Student-4121,82
109271,Student-0420,76
109325,Student-4900,79
109478,Student-0891,62
109940,Student-4054,87
110024,Student-1059,62
110041,Student-4578,100
110498,Student-2382,77
110714,Student-2276,98
110863,Student-1849,86
111071,Student-4273,71
111314,Student-4856,71
111383,Student-0485,92
111553,Student-0165,68
111859,Student-3531,63
111972,Student-4983,92
112071,Student-3557,84
112282,Student-1314,77
112380,Student-4920,94
112816,Student-1024,76
112973,Student-4375,80
113325,Student-1728,92
113497,Student-3758,99
113522,Student-0935,100
113930,Student-4495,68
114089,Student-0306,84
114252,Student-1832,70
114853,Student-0446,100
114947,Student-0295,67
114961,Student-2132,92
115188,Student-3782,100
115426,Student-2788,73
115473,Student-0019,81
115581,Student-4468,90
115583,Student-0901,96
115880,Student-2243,60
116027,Student-3085,66
116110,Student-1083,74
116151,Student-0328,100
116293,Student-4861,91
116359,Student-0261,62
116496,Student-1240,60
116521,Student-2563,99
116550,Student-0925,78
116645,Student-3725,63
116759,Student-2922,94
117102,Student-1925,75
117366,Student-1381,75
117392,Student-4421,96
117429,Student-0059,63
117493,Student-3512,82
118149,Student-2836,80
118151,Student-3661,98
118289,Student-4752,73
118340,Student-1521,82
118472,Student-4365,64
118621,Student-4169,80
118810,Student-1191,76
118901,Student-4246,95
119372,Student-4873,81
119681,Student-3594,93
119929,Student-2573,69
120044,Student-0056,75
120099,Student-0332,99
120106,Student-4801,72
120411,Student-0184,66
120530,Student-3255,87
120539,Student-0651,93
121309,Student-0652,90
121593,Student-2918,68
122011,Student-2153,98
122376,Student-1115,72
122395,Student-1432,80
122628,Student-1147,99
122688,Student-1056,79
122719,Student-4260,84
123094,Student-0999,92
123272,Student-4422,77
123493,Student-3056,72
123657,Student-2298,68
123676,Student-4312,88
124119,Student-4599,61
124285,Student-2550,87
124315,Student-0730,65
124362,Student-1420,75
124532,Student-0498,87
124701,Student-1821,88
124804,Student-0634,84
124988,Student-4812,60
125112,Student-1436,98
125116,Student-1674,75
125119,Student-1943,89
125144,Student-4016,81
125263,Student-2299,86
125549,Student-2310,69
125900,Student-2062,95
126225,Student-2472,98
126351,Student-2520,84
126399,Student-0870,77
126485,Student-1854,65
126489,Student-2169,76
126855,Student-0417,65
126882,Student-3685,98
127020,Student-1292,65
127115,Student-2438,89
127418,Student-2804,99
127620,Student-0699,100
127817,Student-1106,96
127923,Student-3198,81
128403,Student-3770,95
128912,Student-1974,74
128950,Student-2581,88
129290,Student-4266,88
129410,Student-3889,75
129421,Student-2817,76
129424,Student-1720,73
129596,Student-4794,99
129623,Student-4527,73
129747,Student-2657,60
129791,Student-3290,96
129822,Student-3664,96
129828,Student-4715,86
129943,Student-4619,61
130065,Student-2709,70
130076,Student-3596,61
131089,Student-2500,94
131346,Student-1294,79
131441,Student-2092,74
131772,Student-4091,73
131778,Student-3045,91
132537,Student-2337,89
132896,Student-1894,82
132897,Student-3747,69
133971,Student-0134,79
134264,Student-1142,96
134541,Student-2646,78
134844,Student-0684,80
135002,Student-3121,60
135004,Student-0908,74
135064,Student-2741,71
135154,Student-0225,74
135251,Student-2643,83
135326,Student-2652,60
135350,Student-3404,87
135392,Student-3375,83
135629,Student-4946,90
135759,Student-0896,95
136119,Student-2811,93
136144,Student-1219,87
136325,Student-1879,62
136452,Student-3547,93
136724,Student-0911,74
136948,Student-0266,82
137106,Student-3837,63
137125,Student-4271,75
137245,Student-0152,100
137606,Student-1319,63
137698,Student-0239,65
137776,Student-3667,65
137825,Student-4910,88
137877,Student-4824,85
137895,Student-1488,65
137966,Student-4269,63
138185,Student-2793,74
138517,Student-4235,66
138709,Student-0206,98
138870,Student-0885,62
138962,Student-2229,86
139088,Student-1341,74
139235,Student-2139,75
139731,Student-3893,82
139829,Student-1185,92
140251,Student-0274,78
140669,Student-4774,60
140790,Student-0085,72
140823,Student-4589,88
140947,Student-3190,84
140952,Student-1895,67
141060,Student-3769,65
141236,Student-1877,84
141377,Student-1387,83
141622,Student-2979,75
141798,Student-3425,96
141803,Student-4994,72
141875,Student-3834,71
141877,Student-4046,81
142025,Student-1071,75
142217,Student-4078,88
142853,Student-1747,96
143096,Student-2027,88
143175,Student-2899,94
143733,Student-4570,100
144003,Student-3155,93
144162,Student-4158,73
144221,Student-1796,68
144229,Student-3112,69
144528,Student-4760,98
144607,Student-4358,74
144890,Student-3951,75
145094,Student-3646,96
145169,Student-4021,92
145308,Student-0335,74
145405,Student-4789,72
145673,Student-1671,64
145760,Student-4539,66
145817,Student-0881,73
145862,Student-2761,87
145889,Student-3619,94
146008,Student-0721,61
146260,Student-4506,77
146343,Student-4440,64
146419,Student-3239,94
146590,Student-3806,61
147015,Student-3300,70
147217,Student-1257,80
147237,Student-3175,62
147241,Student-2271,92
147265,Student-4772,97
147378,Student-1107,81
147478,Student-4538,67
147857,Student-3698,72
147865,Student-4911,100
148173,Student-2457,76
148214,Student-0628,86
148452,Student-0463,91
148625,Student-3385,72
148736,Student-3937,78
148785,Student-1296,78
148793,Student-2501,96
148881,Student-3021,66
149001,Student-0907,67
149340,Student-0632,75
149546,Student-1026,87
149771,Student-3261,71
149921,Student-4023,92
150028,Student-1843,65
150076,Student-2851,77
150145,Student-1611,69
150343,Student-0942,88
150462,Student-1646,60
150514,Student-0210,78
151180,Student-2907,87
151368,Student-0511,66
151543,Student-2396,85
151613,Student-1123,90
151619,Student-1681,78
151745,Student-3474,71
151871,Student-4582,68
152597,Student-3078,82
152771,Student-2607,63
153084,Student-0088,70
153192,Student-4937,62
153448,Student-1867,70
153458,Student-4664,60
153906,Student-2054,89
153914,Student-2569,93
153992,Student-0771,67
154029,Student-0324,62
154504,Student-0018,95
154665,Student-0279,72
154725,Student-3364,85
154752,Student-3176,88
154771,Student-1523,85
154937,Student-3475,98
154999,Student-3009,98
155025,Student-1184,76
155038,Student-1146,65
155123,Student-2854,84
155468,Student-3357,81
155781,Student-2711,65
155853,Student-3322,85
155904,Student-0965,90
156123,Student-2855,80
156202,Student-3316,67
156450,Student-4400,60
156469,Student-4156,76
156506,Student-0708,76
156614,Student-4971,81
156688,Student-1937,66
156844,Student-2530,62
157075,Student-4600,84
157129,Student-0071,62
157220,Student-4751,87
157241,Student-0404,86
157440,Student-0081,97
157639,Student-4117,71
157986,Student-4693,84
158198,Student-1398,98
158333,Student-4395,66
158371,Student-3157,92
158813,Student-0821,86
158862,Student-3907,61
159459,Student-1949,72
159660,Student-3345,75
159663,Student-3276,63
160057,Student-0443,60
160074,Student-0495,79
160208,Student-1577,81
160270,Student-2453,88
160286,Student-1767,61
160295,Student-1812,68
160539,Student-1791,60
160623,Student-0236,99
160926,Student-2308,80
161015,Student-2898,67
161022,Student-4285,87
161089,Student-4788,84
161117,Student-4057,71
161347,Student-3067,66
161888,Student-3752,71
161892,Student-0048,83
161957,Student-0846,98
162045,Student-4566,85
162155,Student-2049,100
162160,Student-3934,90
162263,Student-3586,93
162737,Student-4615,79
162758,Student-1773,97
162791,Student-0356,93
163072,Student-1140,65
163483,Student-4274,71
163589,Student-0892,80
163894,Student-4356,64
164027,Student-4939,67
164309,Student-1288,80
164626,Student-3859,75
164918,Student-2953,67
164941,Student-2235,69
165489,Student-0991,91
165737,Student-4211,78
165798,Student-4130,87
165825,Student-3813,63
165899,Student-4100,97
165923,Student-2186,65
166086,Student-2403,70
166200,Student-2780,77
166473,Student-0061,73
166611,Student-1845,80
167160,Student-1317,68
167803,Student-1624,89
167977,Student-2987,78
168101,Student-1391,71
168611,Student-4221,62
168633,Student-0345,63
168715,Student-3799,81
168729,Student-0772,83
168772,Student-0798,68
168912,Student-2701,63
169049,Student-3771,69
169056,Student-3444,61
169062,Student-4899,88
169188,Student-2939,78
169199,Student-4869,74
169255,Student-2972,63
169335,Student-3712,95
169626,Student-0309,74
169681,Student-1423,88
169705,Student-0240,88
170096,Student-0671,91
170104,Student-0607,99
170345,Student-2574,86
170493,Student-3326,72
170546,Student-4738,78
170769,Student-2834,76
170977,Student-2467,64
170984,Student-4405,63
170996,Student-0082,94
171219,Student-0743,94
171277,Student-2543,76
171594,Student-4922,67
171926,Student-2527,68
172271,Student-2028,70
172288,Student-4678,88
172343,Student-3342,86
172380,Student-1731,81
172558,Student-2402,84
172629,Student-4895,63
172790,Student-2790,68
172938,Student-0614,96
172940,Student-0199,80
173403,Student-0294,94
173434,Student-0676,98
173531,Student-3234,87
173698,Student-4343,96
174065,Student-3294,98
174163,Student-1698,68
174197,Student-1001,82
174320,Student-0613,96
174568,Student-1060,69
174674,Student-3251,66
174931,Student-1642,89
174964,Student-2471,66
175158,Student-0245,86
175169,Student-2070,95
175264,Student-4367,96
175360,Student-1589,72
175521,Student-1693,90
175605,Student-0646,97
175775,Student-3796,60
176009,Student-3487,93
176658,Student-1620,85
176901,Student-4077,60
177159,Student-2042,92
177449,Student-1384,93
177495,Student-3606,67
177571,Student-4320,71
177650,Student-2389,81
177813,Student-2363,87
177871,Student-0817,84
177886,Student-1049,67
178074,Student-4500,88
178214,Student-1689,78
178249,Student-3360,86
179516,Student-0146,70
179612,Student-1214,72
180030,Student-1783,70
180324,Student-3957,75
180366,Student-0281,80
180635,Student-1407,75
181017,Student-4841,61
181408,Student-3828,99
181455,Student-0045,93
181695,Student-2736,88
181736,Student-3450,100
181826,Student-1356,99
181934,Student-0028,71
182258,Student-2612,60
182301,Student-2113,72
182342,Student-0366,74
182425,Student-2746,68
182456,Student-4223,96
182511,Student-1171,63
182626,Student-1007,88
182656,Student-2932,67
182706,Student-1727,94
182790,Student-1170,84
183011,Student-1872,92
183094,Student-3105,81
183243,Student-0478,89
183743,Student-4955,68
184094,Student-4720,86
184218,Student-4428,78
184264,Student-4562,76
184758,Student-0716,76
184982,Student-0869,63
184990,Student-1711,68
185524,Student-2547,72
185581,Student-2599,87
185590,Student-1769,87
185669,Student-0978,82
185780,Student-4847,70
185912,Student-1978,83
185916,Student-3919,65
186229,Student-4284,98
186380,Student-3938,78
186391,Student-0102,75
186509,Student-4097,82
186858,Student-0811,95
186927,Student-1388,77
187327,Student-1458,97
187383,Student-2401,99
187561,Student-4044,64
187691,Student-0641,66
187754,Student-0238,91
187759,Student-3312,68
187780,Student-4797,88
187844,Student-0121,91
188172,Student-1779,83
188201,Student-4827,92
188367,Student-4867,64
188478,Student-1269,75
188585,Student-3844,86
188644,Student-4256,97
188660,Student-2648,69
188677,Student-0497,99
188763,Student-0203,94
189298,Student-1128,95
189304,Student-2740,60
189396,Student-2365,94
189465,Student-2097,98
189485,Student-0469,62
189611,Student-4050,94
189876,Student-2359,66
190153,Student-3748,80
190315,Student-0537,75
190548,Student-3632,75
190572,Student-4391,84
190586,Student-3956,62
190716,Student-3285,72
190728,Student-2306,76
190897,Student-3614,76
191058,Student-2815,77
191344,Student-2260,80
191387,Student-2361,92
192040,Student-4460,84
192136,Student-0952,69
192405,Student-1595,84
192539,Student-4275,73
192572,Student-2853,64
192693,Student-1735,62
192795,Student-3784,85
192965,Student-3216,100
193669,Student-0745,82
193676,Student-3546,73
193715,Student-1152,71
193873,Student-0616,61
193922,Student-2675,93
194154,Student-2378,97
194372,Student-2807,90
194392,Student-4294,79
194459,Student-3548,94
194569,Student-2188,97
194951,Student-0461,71
194957,Student-0871,96
194965,Student-2232,64
195182,Student-0308,70
195328,Student-2215,99
195386,Student-4525,84
195461,Student-3539,63
195474,Student-4749,92
195634,Student-3419,98
195638,Student-4919,60
196048,Student-0386,88
196212,Student-4555,91
196760,Student-1809,100
196793,Student-1876,67
196872,Student-3145,71
197066,Student-2690,62
197600,Student-4056,63
197976,Student-2493,61
198365,Student-2908,93
198379,Student-1271,98
198496,Student-4102,79
198617,Student-4985,94
199171,Student-2996,75
199216,Student-1080,90
199342,Student-0145,73
199409,Student-1412,63
199560,Student-3971,81
199794,Student-3484,99
199856,Student-2204,62
199914,Student-1868,81
199918,Student-2716,74
200147,Student-2289,78
200163,Student-2342,63
200319,Student-4308,87
200370,Student-1947,65
200432,Student-4954,91
200562,Student-1996,66
200586,Student-4737,71
200909,Student-4635,65
201240,Student-2476,90
201254,Student-1105,86
201264,Student-3111,63
201394,Student-3049,96
201454,Student-3075,82
201474,Student-1713,70
201680,Student-0968,67
201724,Student-3734,77
202261,Student-4153,79
202547,Student-0205,69
202582,Student-4297,60
202920,Student-4585,89
203229,Student-3615,64
203389,Student-0474,87
203485,Student-3008,80
203895,Student-3222,99
204107,Student-4800,100
204197,Student-3625,100
204507,Student-1742,64
205274,Student-2837,91
205315,Student-3119,67
205513,Student-1486,76
205978,Student-3849,90
206216,Student-2451,66
206249,Student-0940,64
206286,Student-1778,64
206434,Student-3836,95
206527,Student-3763,97
206901,Student-2458,84
207027,Student-3107,98
207214,Student-2410,98
207307,Student-4366,90
207521,Student-3417,97
207613,Student-3309,96
207914,Student-4584,90
208644,Student-3362,90
208756,Student-2051,60
208825,Student-2455,94
209211,Student-2662,61
209363,Student-4099,95
209463,Student-3794,88
209980,Student-2173,75
210038,Student-0030,85
210188,Student-4574,61
210305,Student-2218,96
210395,Student-4349,70
210581,Student-4083,95
210750,Student-4549,86
210950,Student-0851,82
211253,Student-3398,95
211425,Student-1090,61
211858,Student-1281,87
211871,Student-3798,62
211886,Student-1244,83
211961,Student-2012,79
212027,Student-2489,89
212080,Student-1338,63
212187,Student-0252,95
212552,Student-0375,65
212669,Student-1651,81
213179,Student-0263,87
213340,Student-4089,98
213373,Student-0866,84
213385,Student-2713,95
213779,Student-1337,89
213931,Student-4766,89
213956,Student-4712,91
214084,Student-3213,87
214086,Student-4876,91
214221,Student-1508,82
214333,Student-1266,62
214428,Student-1397,70
214468,Student-0073,94
214574,Student-3305,75
214681,Student-2969,95
215023,Student-4990,86
215377,Student-4116,80
215518,Student-0592,100
215583,Student-3954,96
215598,Student-4086,94
215675,Student-3738,63
215834,Student-2221,60
216053,Student-4342,77
216140,Student-1805,90
216261,Student-2511,86
216284,Student-3244,81
216332,Student-2562,67
216673,Student-0407,85
216734,Student-3347,81
217146,Student-0414,92
217227,Student-3891,73
217286,Student-1661,65
217295,Student-4612,73
217527,Student-2335,60
217603,Student-3814,64
218202,Student-1957,92
218448,Student-2433,85
218689,Student-0340,69
218739,Student-1903,66
218851,Student-1524,66
218878,Student-1016,84
218959,Student-3039,61
219201,Student-3863,66
219345,Student-3413,93
219350,Student-4339,78
219667,Student-4327,92
219962,Student-1264,92
220089,Student-1553,62
220349,Student-4432,82
221251,Student-0950,80
221576,Student-3400,98
221602,Student-1603,74
221827,Student-1770,70
221841,Student-3616,84
222197,Student-3299,77
222235,Student-0161,88
222405,Student-3460,99
222573,Student-3733,97
222642,Student-1494,72
222648,Student-3311,93
222709,Student-4162,76
222742,Student-2579,91
222863,Student-1806,99
223211,Student-1139,82
223530,Student-0550,72
223651,Student-1586,60
224017,Student-0890,66
224207,Student-4587,63
224291,Student-1644,76
224408,Student-1465,82
224655,Student-0690,68
224686,Student-4155,78
224800,Student-0861,79
225031,Student-0853,89
225289,Student-0397,74
225402,Student-3136,65
225514,Student-1380,96
225607,Student-1906,92
225760,Student-3214,68
225943,Student-2273,97
225957,Student-2819,71
226413,Student-2742,87
226785,Student-0507,73
226814,Student-2810,73
227284,Student-1382,64
227686,Student-4227,91
228057,Student-3897,71
228077,Student-2456,91
228089,Student-0832,76
228402,Student-0512,98
228531,Student-4670,62
229060,Student-3059,74
229120,Student-0906,85
229217,Student-2087,78
229240,Student-4764,62
229336,Student-0364,67
229341,Student-2561,68
229359,Student-2095,88
229575,Student-2010,62
229716,Student-3583,79
229899,Student-2121,63
230246,Student-3913,90
230312,Student-2167,80
230656,Student-2718,90
230776,Student-4916,90
230828,Student-2975,95
231057,Student-2369,76
231785,Student-2620,70
231840,Student-4739,78
232632,Student-0536,60
232662,Student-2484,70
232698,Student-1277,64
232807,Student-2897,64
233060,Student-0526,94
233089,Student-2738,95
233110,Student-4212,81
233903,Student-4051,82
233908,Student-0727,89
234185,Student-3879,89
234257,Student-3464,90
234461,Student-1273,94
234771,Student-4645,63
234903,Student-0711,87
234910,Student-4928,79
235116,Student-0282,88
235185,Student-1545,70
235388,Student-3185,64
235428,Student-1285,63
235474,Student-2343,76
235571,Student-3864,75
235746,Student-0707,70
235876,Student-1938,60
236093,Student-2127,90
236492,Student-2553,96
237170,Student-0177,85
237674,Student-2009,61
237883,Student-3939,88
237943,Student-4232,86
237946,Student-3391,74
238103,Student-0577,77
238175,Student-0847,80
238563,Student-4853,72
238703,Student-0761,93
238999,Student-2082,72
239187,Student-1122,62
239429,Student-0977,83
239522,Student-3713,87
239559,Student-3571,72
240011,Student-2096,64
240179,Student-4345,80
240191,Student-3714,94
240291,Student-1958,84
240386,Student-0075,91
240535,Student-1792,98
240550,Student-1999,65
240638,Student-4659,61
240764,Student-0626,96
240871,Student-4402,60
241298,Student-3994,60
241422,Student-0254,71
241690,Student-3220,91
242011,Student-1836,100
242032,Student-3340,86
242239,Student-1198,67
243027,Student-0606,99
243284,Student-3852,72
243507,Student-0948,74
243807,Student-1561,72
243855,Student-1239,94
243964,Student-0479,88
244308,Student-3182,91
244655,Student-1312,84
244660,Student-3670,69
244883,Student-2014,60
245005,Student-0069,89
245435,Student-0715,89
245982,Student-1243,75
246208,Student-3254,66
246220,Student-2694,67
246241,Student-0585,89
246440,Student-3018,83
246463,Student-4806,68
246482,Student-1102,69
246601,Student-4914,67
246622,Student-4254,94
246669,Student-2300,92
246755,Student-3467,81
246894,Student-2011,92
247084,Student-4103,73
247558,Student-1173,66
247781,Student-3329,64
248068,Student-4306,97
248590,Student-3689,76
248731,Student-2726,78
248867,Student-3074,88
249074,Student-4516,69
249112,Student-1885,96
249375,Student-0297,99
249656,Student-1032,67
250284,Student-2700,66
250326,Student-2428,89
250460,Student-4786,69
250521,Student-2594,73
250675,Student-2578,67
250746,Student-3410,61
251005,Student-0172,96
251035,Student-0437,86
251213,Student-2536,65
251459,Student-1942,66
251836,Student-3478,99
251977,Student-1520,95
252095,Student-2352,98
252487,Student-4128,85
253034,Student-3247,61
253280,Student-4319,65
253642,Student-0775,81
253824,Student-3739,82
253954,Student-0042,82
254036,Student-2202,68
254069,Student-2499,65
254137,Student-1653,73
254140,Student-2805,80
254244,Student-2422,97
254262,Student-2266,92
254307,Student-4597,92
254704,Student-4396,70
255022,Student-0465,90
255135,Student-3120,65
255146,Student-0050,92
255222,Student-2633,90
255291,Student-0757,81
255455,Student-0894,93
255494,Student-2286,75
255846,Student-0525,68
255933,Student-4802,96
256489,Student-1078,82
256593,Student-2297,92
256821,Student-4505,92
256930,Student-2065,64
257081,Student-4913,85
257098,Student-4961,80
257548,Student-2816,76
257605,Student-0943,94
257774,Student-1259,92
258755,Student-4385,68
258939,Student-2556,73
259194,Student-2706,60
259223,Student-4957,82
259278,Student-0175,88
259586,Student-2580,96
259696,Student-0219,99
259711,Student-0985,68
259839,Student-4754,90
259921,Student-3000,98
260027,Student-1639,74
260265,Student-2786,87
260439,Student-4159,90
260758,Student-2678,74
260866,Student-2080,80
261038,Student-2133,69
261431,Student-1763,79
261584,Student-0373,74
261598,Student-3399,89
261731,Student-2608,62
261839,Student-4419,74
262210,Student-1970,71
262273,Student-0620,73
262274,Student-0540,95
262376,Student-2122,89
262407,Student-0807,69
262751,Student-3103,91
262860,Student-2175,88
263388,Student-1550,72
263527,Student-4340,71
263706,Student-0849,72
263766,Student-1831,74
264047,Student-4138,82
264265,Student-1490,85
264325,Student-3652,69
264480,Student-3553,88
264827,Student-4443,78
265215,Student-1301,93
265634,Student-4276,87
265850,Student-3289,65
266035,Student-3975,89
266257,Student-1365,71
266282,Student-4461,61
266358,Student-1670,97
266402,Student-1584,94
266834,Student-0125,90
267117,Student-0174,73
267199,Student-3057,65
267498,Student-1093,87
267754,Student-2576,66
267792,Student-4953,75
267794,Student-3692,60
267954,Student-4407,61
268118,Student-3355,61
268119,Student-0066,76
268259,Student-3693,80
268313,Student-2870,83
268367,Student-1870,96
268386,Student-2784,76
268395,Student-0984,84
268572,Student-1410,68
268715,Student-3432,70
268732,Student-2559,93
268766,Student-3068,86
268907,Student-3310,67
268985,Student-2265,87
269093,Student-1027,76
269267,Student-0136,86
269332,Student-0826,88
269520,Student-0692,98
269675,Student-0270,100
270064,Student-0505,71
270142,Student-0127,95
270423,Student-4756,74
270476,Student-1029,64
270649,Student-2931,61
270912,Student-1370,75
270966,Student-0610,63
271139,Student-1303,100
271235,Student-0895,60
271335,Student-4203,62
271439,Student-4279,63
271498,Student-2293,86
271611,Student-0322,60
271710,Student-3842,79
271744,Student-3519,99
271809,Student-3822,92
271855,Student-1874,76
271988,Student-0787,76
272233,Student-1913,76
272539,Student-4537,93
272579,Student-2722,70
272769,Student-1887,84
273069,Student-1429,90
273520,Student-0458,76
274018,Student-0599,67
274160,Student-4886,86
274458,Student-4202,99
274489,Student-2469,64
274859,Student-1525,90
275033,Student-0623,92
275499,Student-4408,77
275544,Student-1749,94
275576,Student-2390,66
275613,Student-4871,75
275870,Student-1097,79
276117,Student-2631,97
276325,Student-0668,68
276392,Student-1223,97
276654,Student-1830,60
276733,Student-4045,71
277058,Student-3582,86
277282,Student-3983,85
277330,Student-0425,85
277378,Student-1920,62
277457,Student-2165,65
277461,Student-2199,63
277527,Student-0575,88
277758,Student-2730,80
278091,Student-1156,96
278143,Student-0809,60
278208,Student-1983,62
278329,Student-1011,86
278479,Student-1452,70
278692,Student-2624,60
278752,Student-3033,63
278770,Student-4843,72
279484,Student-3624,65
280066,Student-4815,68
280116,Student-0360,78
280328,Student-4370,95
280371,Student-4894,97
280432,Student-3097,74
280446,Student-3188,62
280504,Student-4932,68
280658,Student-1048,75
280680,Student-0533,78
280744,Student-3963,90
280917,Student-1623,99
280981,Student-4383,99
281280,Student-3587,69
281331,Student-1936,63
281442,Student-4008,86
281575,Student-0944,60
281835,Student-1196,60
282179,Student-2248,77
282317,Student-2309,77
282337,Student-4151,89
282473,Student-2986,100
282490,Student-2443,74
282928,Student-4174,71
283167,Student-1950,98
283210,Student-2281,79
283287,Student-0664,61
283319,Student-4328,77
283325,Student-0672,61
283536,Student-0246,67
283607,Student-1415,69
283627,Student-0041,71
283797,Student-3208,91
284199,Student-4665,64
284201,Student-4633,64
284444,Student-3165,65
284670,Student-4446,83
284681,Student-4722,86
285396,Student-2610,76
285448,Student-3866,92
285455,Student-4515,94
285499,Student-2857,80
285806,Student-4888,75
285897,Student-3808,66
285967,Student-3122,76
286220,Student-1930,81
286282,Student-0298,94
286434,Student-2304,62
286439,Student-1852,82
286459,Student-1256,100
286534,Student-1707,74
286899,Student-2417,83
287079,Student-2077,64
287317,Student-3304,93
287519,Student-2674,82
287622,Student-0460,67
287922,Student-0967,88
288474,Student-1734,78
288694,Student-4205,77
288777,Student-3972,66
288823,Student-0292,69
289165,Student-2081,70
289352,Student-1888,75
289748,Student-1559,63
289889,Student-1096,83
290025,Student-0657,79
290422,Student-1157,69
290451,Student-2965,82
290529,Student-2783,94
290593,Student-4632,90
290775,Student-0790,99
290845,Student-4299,64
290914,Student-4341,84
291021,Student-1630,76
291320,Student-2418,76
291347,Student-1912,75
291496,Student-1657,89
291557,Student-4409,93
291591,Student-1155,95
291660,Student-2041,94
291709,Student-3428,67
291763,Student-2488,73
292216,Student-4942,82
292371,Student-4617,92
292390,Student-0576,86
292524,Student-4488,100
292698,Student-3303,93
292810,Student-1633,88
293085,Student-3354,73
293231,Student-4444,99
293400,Student-4148,91
293583,Student-4573,94
294152,Student-3295,63
294409,Student-4020,69
294517,Student-2223,88
294574,Student-4242,86
295445,Student-0736,80
295665,Student-1601,83
296084,Student-0291,93
296223,Student-1794,63
296257,Student-4289,89
296298,Student-2303,90
296403,Student-4781,82
296405,Student-2680,64
296417,Student-1385,93
296418,Student-4307,87
296604,Student-1658,92
296691,Student-2827,99
296724,Student-4042,84
296794,Student-1579,100
296952,Student-3092,68
296987,Student-2634,75
297182,Student-0788,75
297616,Student-0828,83
297749,Student-1164,66
297807,Student-2565,82
297938,Student-2950,68
298521,Student-2236,77
298524,Student-0235,98
298966,Student-2150,68
299021,Student-3426,71
299258,Student-2189,75
299344,Student-4336,93
299540,Student-4047,98
299698,Student-0275,86
299718,Student-3095,81
299757,Student-2945,77
300052,Student-1323,91
300351,Student-2924,95
300593,Student-0072,63
300665,Student-0320,84
300670,Student-4026,95
300895,Student-1705,95
301553,Student-4377,60
301569,Student-3515,90
301608,Student-1103,93
301803,Student-1939,94
301949,Student-2302,62
302079,Student-4780,71
302593,Student-0153,61
303090,Student-0013,66
303671,Student-3470,67
303854,Student-0277,62
304032,Student-2255,78
304187,Student-3549,67
304195,Student-1784,63
304285,Student-1951,88
304289,Student-0038,77
304418,Student-0327,92
304918,Student-2242,90
304928,Student-2020,84
304960,Student-3931,72
305102,Student-3253,95
305226,Student-4499,64
305626,Student-2354,84
305705,Student-1560,60
306022,Student-1181,95
306152,Student-1364,95
306542,Student-1585,89
306587,Student-0571,67
306698,Student-0384,93
307033,Student-0611,87
307097,Student-1997,89
307274,Student-0670,66
307501,Student-1005,91
307524,Student-1866,75
307585,Student-1151,78
307763,Student-3331,90
307894,Student-0115,61
307982,Student-3291,61
307983,Student-1697,68
308586,Student-0974,78
308659,Student-1804,70
308704,Student-3786,65
308716,Student-4237,72
309259,Student-0680,84
309320,Student-1922,100
309344,Student-2196,88
309394,Student-4719,71
309660,Student-1948,90
309962,Student-2193,70
310145,Student-1534,69
310311,Student-0696,71
310318,Student-4818,95
310337,Student-2388,99
310595,Student-2364,60
311574,Student-0388,85
311593,Student-1760,93
312080,Student-1230,65
312442,Student-1117,87
312460,Student-4457,87
312873,Student-0100,99
312950,Student-0259,99
313189,Student-1283,77
313205,Student-2323,65
313262,Student-0346,88
313339,Student-4732,77
313340,Student-2800,87
313342,Student-4558,62
313889,Student-0415,67
313988,Student-3418,68
314040,Student-2806,72
314118,Student-3455,87
314232,Student-1759,70
314330,Student-3629,66
314515,Student-2889,100
314546,Student-2321,91
314714,Student-0764,80
314977,Student-1890,74
314983,Student-2399,72
315116,Student-3125,65
315210,Student-2055,78
315230,Student-3933,80
315248,Student-1464,75
315277,Student-3083,64
315301,Student-2522,62
315482,Student-1329,69
315763,Student-1546,72
316034,Student-2452,77
316216,Student-2089,96
316248,Student-1354,74
316733,Student-4059,87
316829,Student-4804,68
317892,Student-3827,88
317939,Student-2812,67
318116,Student-2703,82
318216,Student-4410,93
318294,Student-3801,68
318654,Student-3131,89
318753,Student-3318,75
318850,Student-2277,65
318978,Student-0333,87
319396,Student-0242,97
319800,Student-2283,89
320018,Student-4901,60
320227,Student-1004,87
320281,Student-0293,85
320656,Student-2640,92
321105,Student-1355,67
321403,Student-2605,76
321586,Student-0262,66
321607,Student-1908,81
321659,Student-3481,85
322117,Student-0581,80
322304,Student-4759,84
322453,Student-0232,100
322649,Student-0401,60
322772,Student-4070,89
323094,Student-3710,82
323444,Student-2526,83
323470,Student-1008,67
323569,Student-0913,63
323666,Student-1591,92
323746,Student-2824,98
323866,Student-2385,99
324214,Student-3252,76
324270,Student-3998,70
324552,Student-4771,68
324562,Student-2554,87
324615,Student-4952,94
324617,Student-4647,82
324697,Student-0819,92
324769,Student-0065,64
325436,Student-3422,70
325458,Student-3903,72
325590,Student-1072,74
325924,Student-2963,62
325946,Student-4970,64
326250,Student-3480,88
326440,Student-3323,94
326664,Student-2210,77
326852,Student-4860,85
327327,Student-1112,92
327772,Student-4934,94
327979,Student-4679,88
328239,Student-1030,99
328408,Student-3529,69
328728,Student-4744,80
328972,Student-0622,86
329126,Student-0986,60
329156,Student-0747,91
330020,Student-0095,91
330043,Student-4896,95
330121,Student-1306,75
330292,Student-4998,98
330807,Student-4565,89
330950,Student-1132,68
330977,Student-3789,89
331116,Student-4581,64
331352,Student-3337,95
331630,Student-0633,74
332550,Student-2375,82
332572,Student-2059,96
332619,Student-1765,69
332669,Student-1540,63
332680,Student-0487,85
333070,Student-1166,60
333362,Student-2625,83
333410,Student-3982,73
333789,Student-2360,89
334001,Student-1010,98
334189,Student-3977,97
334211,Student-1019,61
334294,Student-1837,63
334304,Student-2622,97
334365,Student-1023,90
334605,Student-3494,75
334780,Student-0020,64
335172,Student-4140,79
335661,Student-0154,92
335756,Student-3016,73
336005,Student-3336,66
336011,Student-1086,89
336515,Student-3109,64
336642,Student-1025,60
336826,Student-1000,91
336954,Student-3861,63
337188,Student-3453,85
337273,Student-3226,74
337292,Student-2079,72
337333,Student-1454,100
337438,Student-2440,85
337563,Student-4142,66
337730,Student-0876,87
337744,Student-0658,65
337824,Student-0932,95
337907,Student-1673,76
338156,Student-2035,82
338172,Student-3430,82
338174,Student-3280,69
338727,Student-3348,78
338811,Student-3405,83
339032,Student-4849,78
339382,Student-3228,85
339383,Student-4837,83
339717,Student-1924,81
339879,Student-3928,72
340144,Student-4253,98
340615,Student-4113,73
340652,Student-2194,76
340712,Student-0813,80
340791,Student-0450,61
340846,Student-2182,67
340929,Student-1369,82
341147,Student-2347,73
341192,Student-1361,91
341226,Student-4357,87
341728,Student-3514,96
342090,Student-0729,71
342213,Student-1645,88
342344,Student-2025,100
342421,Student-1229,89
342555,Student-4832,99
342659,Student-2860,67
343230,Student-0453,74
343699,Student-0718,74
343757,Student-3700,95
343997,Student-0363,96
344707,Student-3896,100
344928,Student-1475,91
345025,Student-3050,93
345729,Student-3618,87
346216,Student-2002,67
346595,Student-0541,73
346604,Student-0520,94
346732,Student-4992,84
346784,Student-1149,84
346820,Student-1268,75
346860,Student-4692,62
346874,Student-2934,83
346954,Student-1580,88
347405,Student-4466,77
347569,Student-3920,68
347622,Student-3668,80
347666,Student-3997,63
348196,Student-1567,96
348242,Student-0337,84
348343,Student-2023,81
348644,Student-2873,74
348932,Student-2863,64
349261,Student-4545,68
349335,Student-2069,85
349472,Student-0647,81
349762,Student-0180,78
349981,Student-2233,100
350086,Student-0858,77
350100,Student-4947,61
350198,Student-2214,65
350266,Student-2753,77
350299,Student-4577,81
350306,Student-1468,78
350316,Student-4859,83
350938,Student-1192,69
351150,Student-3010,99
351173,Student-4993,87
351194,Student-1683,79
351338,Student-1111,79
351528,Student-3081,60
352178,Student-3149,78
352476,Student-2708,73
352605,Student-1641,76
352621,Student-3133,99
352968,Student-3379,81
353079,Student-0521,71
353459,Student-3443,78
353473,Student-0573,71
354242,Student-1851,91
354329,Student-4699,90
354413,Student-3454,92
354497,Student-3204,73
355139,Student-2825,86
355271,Student-4196,84
355342,Student-4007,84
355396,Student-3388,63
355637,Student-1293,73
355686,Student-2894,78
355761,Student-4921,97
355822,Student-2176,89
355984,Student-4605,83
356022,Student-1466,68
356515,Student-4427,77
356553,Student-3599,87
356687,Student-3894,93
356882,Student-1225,76
356919,Student-0040,93
357237,Student-2759,87
357241,Student-2427,79
357454,Student-3764,76
358164,Student-4031,66
358218,Student-1666,71
358581,Student-3867,96
358621,Student-0731,63
358674,Student-0260,77
358717,Student-1975,92
358766,Student-2061,84
359061,Student-0669,96
359287,Student-1062,75
359472,Student-4950,67
359831,Student-1087,77
359955,Student-4988,64
360080,Student-1015,76
360188,Student-3004,68
360875,Student-3684,84
360948,Student-0286,77
360949,Student-3922,95
361355,Student-4463,85
361389,Student-3225,96
361887,Student-1480,89
361927,Student-4228,95
361932,Student-2333,92
361946,Student-1153,89
362213,Student-2985,99
362259,Student-2263,93
362451,Student-0900,86
362605,Student-1099,68
362730,Student-1910,83
362804,Student-0144,70
362869,Student-1566,95
363044,Student-0612,82
363144,Student-2463,97
363911,Student-1003,63
363945,Student-0765,60
364070,Student-4062,82
364263,Student-0627,61
364270,Student-4779,83
364360,Student-4073,71
364715,Student-4522,63
364897,Student-2171,75
365053,Student-1694,81
365183,Student-2747,64
365226,Student-0349,69
365424,Student-1708,78
365463,Student-1700,69
365886,Student-2929,82
366369,Student-2128,78
366422,Student-2205,78
366727,Student-4792,80
366848,Student-0358,85
367375,Student-4676,83
367655,Student-0693,99
367769,Student-1349,87
367781,Student-2964,91
367947,Student-2067,91
368107,Student-3500,89
368319,Student-1226,77
368350,Student-0044,73
368356,Student-0884,74
368504,Student-0704,92
368536,Student-3180,77
368572,Student-3446,68
368583,Student-1348,81
368897,Student-3750,99
369085,Student-2663,60
369493,Student-1210,94
370262,Student-3030,97
370561,Student-4381,79
370604,Student-1203,70
370642,Student-1044,92
370698,Student-3079,91
370806,Student-4795,89
371001,Student-0621,95
371209,Student-1396,63
371506,Student-1061,67
371774,Student-4848,63
371832,Student-1143,62
372110,Student-1527,77
372224,Student-1457,85
372309,Student-2731,75
372922,Student-3783,62
373567,Student-3118,88
374497,Student-0500,93
374599,Student-3573,68
374815,Student-0230,64
375274,Student-1036,97
375326,Student-1182,84
375526,Student-4333,77
375740,Student-0377,98
375851,Student-4111,95
376031,Student-3568,100
376418,Student-2764,87
376595,Student-3911,90
376754,Student-3393,65
376808,Student-2876,70
377059,Student-4455,98
377110,Student-2090,63
377320,Student-3278,79
377522,Student-3179,90
377599,Student-0503,62
377667,Student-3536,86
377795,Student-2506,64
377887,Student-3916,91
378042,Student-3821,69
378085,Student-2211,90
378737,Student-3046,100
378812,Student-2066,62
378866,Student-0347,81
378890,Student-3283,96
379224,Student-1594,73
379588,Student-3967,88
379589,Student-2136,93
379901,Student-1535,99
380055,Student-1665,69
380822,Student-2602,63
381118,Student-2842,73
381193,Student-2497,61
381278,Student-2892,74
381342,Student-2609,67
381377,Student-4135,81
381738,Student-2838,67
381747,Student-4084,67
381904,Student-4397,64
382059,Student-1928,63
382260,Student-2597,80
382463,Student-2203,61
382471,Student-3350,67
382487,Student-0486,84
382805,Student-0516,82
382918,Student-4903,80
383132,Student-3485,79
383240,Student-0619,75
383495,Student-0783,61
383555,Student-3147,75
383795,Student-2618,66
383987,Student-1860,83
384334,Student-0654,84
384460,Student-4324,69
384765,Student-3015,75
384847,Student-4556,72
384852,Student-2823,72
385010,Student-2779,97
385235,Student-0744,71
385356,Student-1104,81
385571,Student-0067,72
385936,Student-2947,76
386142,Student-0656,90
386218,Student-1357,63
386916,Student-2628,66
386936,Student-4303,73
387300,Student-0399,96
387302,Student-4607,71
387500,Student-3114,69
387761,Student-2348,64
387871,Student-4126,94
387887,Student-3024,97
387960,Student-0227,97
388020,Student-2928,100
388311,Student-4048,87
388375,Student-0909,77
388387,Student-3106,81
388416,Student-2019,82
388538,Student-2521,69
388575,Student-1324,86
388815,Student-3940,67
389027,Student-4401,78
389302,Student-1768,67
389344,Student-1215,61
390622,Student-2118,62
390702,Student-1615,90
390786,Student-1662,74
390798,Student-3268,81
390811,Student-4426,85
390822,Student-4682,93
390947,Student-2498,72
391191,Student-3772,86
391579,Student-4513,91
391760,Student-2409,90
391880,Student-2158,75
391927,Student-1084,89
391970,Student-3194,69
391986,Student-4250,85
392070,Student-1857,70
392074,Student-0371,79
392461,Student-3838,75
392560,Student-3608,99
392833,Student-3687,81
392856,Student-1176,97
392866,Student-2785,95
392954,Student-1882,73
393019,Student-4118,74
393050,Student-1518,84
393076,Student-4442,97
393745,Student-4594,79
393776,Student-2801,85
393801,Student-0794,86
393916,Student-4231,86
394251,Student-3065,71
394287,Student-1206,78
394638,Student-4262,61
394689,Student-3607,60
394744,Student-0574,85
395067,Student-1401,76
395111,Student-3282,81
395159,Student-4325,69
395295,Student-4430,73
395697,Student-2666,100
395769,Student-2392,61
395988,Student-0543,78
395996,Student-1135,93
396387,Student-3825,77
396447,Student-2100,85
396577,Student-1754,82
396627,Student-2627,88
396716,Student-0009,69
396738,Student-3690,93
396989,Student-3476,94
397147,Student-0267,83
397151,Student-1900,92
397436,Student-2691,96
397569,Student-1737,89
397860,Student-1392,99
397903,Student-4796,75
398668,Student-2384,60
398711,Student-0667,97
398739,Student-4696,89
398784,Student-1600,89
398822,Student-4508,82
398963,Student-3256,94
399533,Student-4435,71
399905,Student-1125,97
400475,Student-0150,63
400555,Student-1400,72
400761,Student-3563,64
400854,Student-1647,76
401038,Student-2978,92
401118,Student-4656,89
401137,Student-2473,77
401166,Student-4868,85
401832,Student-1162,86
402054,Student-0330,81
402131,Student-3944,76
402158,Student-0970,83
402159,Student-0530,89
402291,Student-3633,82
402436,Student-1835,85
402700,Student-2874,66
402958,Student-1328,70
402961,Student-3590,61
402993,Student-0903,72
403041,Student-4344,85
403148,Student-4125,71
403177,Student-4943,99
403283,Student-4826,64
403968,Student-4372,72
404482,Student-1320,60
404689,Student-4199,64
404828,Student-4239,92
405005,Student-4226,71
405006,Student-3691,87
405016,Student-0113,94
405165,Student-4583,62
405169,Student-1822,100
405540,Student-2063,71
405810,Student-0162,60
405823,Student-1891,60
406091,Student-0076,78
406449,Student-4019,63
406699,Student-4753,66
406718,Student-2702,70
406742,Student-1621,83
406749,Student-0284,61
406942,Student-1304,71
407045,Student-0542,96
407129,Student-2688,76
407260,Student-3099,68
407308,Student-1358,70
407535,Student-0078,66
407579,Student-4603,83
407581,Student-3044,92
407862,Student-0222,96
408347,Student-2672,90
408648,Student-2814,80
408683,Student-1209,67
408739,Student-4120,86
408823,Student-4131,71
409414,Student-4382,80
409649,Student-3257,91
409654,Student-3200,89
409819,Student-1280,87
409878,Student-1262,69
410097,Student-2050,93
410172,Student-1953,79
410381,Student-2231,92
410483,Student-1421,66
410601,Student-4533,99
410923,Student-4247,76
410962,Student-4893,82
411160,Student-2687,62
411259,Student-1046,100
411641,Student-1628,99
411661,Student-1861,93
411733,Student-2585,86
412158,Student-2376,70
412513,Student-0753,99
412536,Student-4680,65
412712,Student-1819,93
412770,Student-1549,62
412823,Student-0563,87
412988,Student-1685,66
413055,Student-1342,87
413375,Student-0529,66
413618,Student-1108,89
413663,Student-0493,86
413832,Student-2030,84
413880,Student-3017,95
414076,Student-4883,84
414365,Student-0092,93
414534,Student-4688,96
414674,Student-1582,99
414700,Student-1092,74
414986,Student-4093,78
415087,Student-2131,75
415229,Student-3353,65
415354,Student-3943,91
415527,Student-0289,96
415537,Student-0374,69
415756,Student-2073,92
415887,Student-0959,74
415954,Student-2047,76
416078,Student-2053,77
416098,Student-3955,85
416206,Student-2833,71
416825,Student-0591,99
416873,Student-0566,97
417272,Student-3900,75
417310,Student-2285,79
417338,Student-1556,67
417490,Student-1509,97
417810,Student-3666,72
417935,Student-3027,84
417989,Student-3054,70
418118,Student-0565,71
418160,Student-0874,64
418257,Student-0568,84
418523,Student-4200,80
418549,Student-4606,99
418674,Student-1217,98
418952,Student-4060,84
419136,Student-2134,100
419209,Student-0007,94
419382,Student-4833,63
419519,Student-4398,64
419627,Student-1638,84
419744,Student-2404,97
419933,Student-4450,81
420019,Student-4434,78
420267,Student-0732,81
420328,Student-1543,83
420337,Student-4783,86
420388,Student-2919,82
420636,Student-1340,67
420770,Student-4746,96
420771,Student-2509,74
420964,Student-0776,65
421116,Student-1493,85
421154,Student-4109,87
421292,Student-0780,96
421645,Student-0661,89
421931,Student-2721,88
421953,Student-3070,93
422018,Student-1889,64
422047,Student-4165,74
422283,Student-2155,79
422375,Student-0560,90
422894,Student-3491,78
422996,Student-1408,97
423406,Student-0383,65
423542,Student-3369,86
424333,Student-0580,83
424653,Student-0796,73
424663,Student-1163,84
425182,Student-1326,72
425288,Student-4208,68
425402,Student-2982,93
426063,Student-1927,92
426084,Student-1411,93
426126,Student-0097,100
426236,Student-3622,64
426911,Student-4864,92
426938,Student-3202,61
427092,Student-4479,65
427152,Student-2034,70
427285,Student-1220,94
427521,Student-0163,62
427911,Student-1422,76
428293,Student-2903,77
428304,Student-3462,98
428633,Student-3543,61
428676,Student-1202,88
428901,Student-1969,67
428952,Student-1839,94
429056,Student-1758,87
429150,Student-4519,87
429195,Student-0104,61
429669,Student-4107,74
429758,Student-2513,71
429769,Student-0740,73
429895,Student-0655,72
429992,Student-0625,78
430175,Student-3699,63
430308,Student-0186,80
430401,Student-4540,87
430531,Student-3414,69
430605,Student-0534,66
430853,Student-3486,75
430924,Student-4974,88
430946,Student-2920,71
431178,Student-2916,75
431248,Student-0031,88
431336,Student-1864,100
431384,Student-3701,83
431652,Student-3135,60
431690,Student-3384,62
431751,Student-3141,69
431886,Student-3306,79
432023,Student-4386,97
432027,Student-0011,85
432535,Student-3232,65
432814,Student-0098,67
433490,Student-2032,91
433528,Student-4106,77
433879,Student-2124,96
434064,Student-1709,68
434119,Student-3970,90
434209,Student-4462,98
434691,Student-3167,61
434763,Student-3506,97
435051,Student-3610,86
435250,Student-0689,99
435543,Student-4793,84
435642,Student-3895,76
435646,Student-0934,79
435952,Student-2757,99
436095,Student-1187,97
436106,Student-0778,95
436189,Student-2567,64
436254,Student-2160,66
436379,Student-4630,83
436696,Student-4322,69
436767,Student-2966,71
436823,Student-1706,63
437321,Student-2461,67
437540,Student-2906,65
437597,Student-3751,67
437707,Student-1245,92
437995,Student-4844,82
438080,Student-4842,92
438144,Student-2995,67
438221,Student-2116,83
438453,Student-0049,72
438609,Student-3463,93
438804,Student-0052,60
439065,Student-0713,85
439136,Student-3108,99
439362,Student-4734,61
439383,Student-3173,79
439421,Student-1085,85
439709,Student-0759,86
439755,Student-4755,66
439785,Student-4967,87
439809,Student-3501,94
439816,Student-4373,65
439904,Student-3709,67
440007,Student-0452,85
440326,Student-4302,94
440929,Student-3482,65
441031,Student-4891,94
441311,Student-2914,73
441988,Student-3780,69
442083,Student-0303,70
442343,Student-0368,87
442366,Student-0025,75
442439,Student-0488,94
442717,Student-0090,60
442979,Student-4809,71
443278,Student-2948,61
443492,Student-1318,73
443872,Student-2915,99
443874,Student-1124,96
444553,Student-0845,65
444733,Student-3124,67
444835,Student-3581,84
444906,Student-1968,86
444919,Student-3077,100
445396,Student-1516,95
445419,Student-2676,73
445596,Student-2613,62
445719,Student-2743,65
445868,Student-0224,63
445991,Student-3159,99
446969,Student-4115,91
447166,Student-3358,86
447267,Student-0556,74
447380,Student-2295,92
447549,Student-3237,80
448001,Student-3564,66
448016,Student-1959,73
448126,Student-1932,88
448396,Student-2523,84
449803,Student-3351,94
449830,Student-4310,71
450050,Student-1746,64
450369,Student-0504,66
450839,Student-4750,69
451326,Student-0344,81
451495,Student-4043,61
451713,Student-4610,82
451803,Student-4987,62
452176,Student-0035,63
452186,Student-2679,66
452448,Student-0264,86
452580,Student-1440,64
452757,Student-2516,61
452802,Student-4547,84
452831,Student-2108,92
453220,Student-3356,66
453231,Student-3883,79
453380,Student-4908,92
453423,Student-0194,67
453848,Student-1222,64
453895,Student-0091,94
454017,Student-2114,78
454185,Student-1233,95
454519,Student-1235,69
455380,Student-4143,67
455385,Student-2566,91
455670,Student-1168,91
455828,Student-0191,76
456340,Student-0429,95
456524,Student-1394,83
456788,Student-1261,87
456864,Student-1679,95
456979,Student-3544,91
457263,Student-0431,79
457710,Student-4245,89
457954,Student-0957,85
458402,Student-3022,72
458451,Student-1902,97
458584,Student-3241,69
458664,Student-3530,90
458969,Student-4071,93
459010,Student-4604,65
459016,Student-0395,66
459251,Student-2539,77
459342,Student-0653,97
459923,Student-1130,83
460023,Student-2901,99
460356,Student-2866,68
460376,Student-1736,69
460387,Student-0430,81
460696,Student-4892,95
460717,Student-2867,93
460856,Student-0421,82
460939,Student-0618,94
461061,Student-0818,89
461147,Student-4497,76
461298,Student-0074,67
461324,Student-2426,87
461384,Student-3631,70
461439,Student-2269,72
461512,Student-2656,70
461874,Student-0313,63
461919,Student-1762,63
462280,Student-0864,99
462930,Student-2751,61
462971,Student-0032,82
462984,Student-1929,94
463436,Student-0182,100
463637,Student-4268,84
464182,Student-2003,67
464183,Student-0842,95
464351,Student-2503,100
464352,Student-3578,62
464355,Student-2835,60
464616,Student-4690,76
464668,Student-0440,89
464742,Student-4705,63
464891,Student-1414,67
464911,Student-2249,86
465117,Student-4889,84
465309,Student-1501,65
465399,Student-2846,78
465703,Student-4931,96
465712,Student-2868,65
465729,Student-2724,97
466180,Student-0126,68
466284,Student-1596,82
466414,Student-2864,69
466623,Student-1453,77
466631,Student-0385,98
466989,Student-0644,66
467068,Student-4040,61
467174,Student-3505,77
467179,Student-2110,60
467452,Student-2212,91
467577,Student-0380,100
468732,Student-4204,77
468880,Student-4209,66
469102,Student-1251,70
469323,Student-3910,71
469682,Student-4350,70
469904,Student-1752,77
469964,Student-2332,69
470346,Student-4292,100
470397,Student-3702,90
470508,Student-1743,87
470581,Student-4001,76
470906,Student-2264,63
470927,Student-0117,70
471083,Student-3346,79
471127,Student-1472,61
471749,Student-1729,95
471785,Student-0990,80
472908,Student-1234,93
473010,Student-4613,66
473323,Student-1174,99
473326,Student-1504,66
473365,Student-1022,72
473524,Student-2766,78
473839,Student-1110,94
473926,Student-4956,99
474063,Student-2220,96
474554,Student-4305,75
474833,Student-1330,70
474851,Student-4926,75
474981,Student-1299,73
475184,Student-0888,84
475508,Student-0899,70
475643,Student-2246,82
475647,Student-0904,92
475767,Student-0338,100
475810,Student-1808,71
475893,Student-2881,65
475986,Student-1291,71
476014,Student-3001,84
476094,Student-4403,98
476328,Student-1883,62
476609,Student-0217,88
476947,Student-3876,69
477028,Student-4360,79
477101,Student-4123,86
477206,Student-2626,69
477239,Student-1208,61
477277,Student-4748,63
477562,Student-2750,71
477616,Student-2744,76
477737,Student-4092,88
477974,Student-3735,75
478046,Student-1289,69
478075,Student-1442,99
478376,Student-3677,95
478421,Student-0392,77
478766,Student-0882,97
478935,Student-2645,71
479222,Student-1573,72
479395,Student-1551,68
480284,Student-3776,82
480613,Student-0860,93
480799,Student-4485,76
480975,Student-1659,64
481021,Student-4831,71
481029,Student-4642,74
481214,Student-1612,65
481477,Student-0285,83
481600,Student-0480,77
481621,Student-2163,71
481917,Student-4999,86
482005,Student-2292,76
482066,Student-4181,85
482143,Student-0398,74
482184,Student-3140,69
482277,Student-4984,99
482543,Student-3936,76
482544,Student-0726,86
482819,Student-4775,84
483034,Student-0195,62
483123,Student-3773,72
483443,Student-3574,86
483562,Student-2198,84
483616,Student-1428,94
483639,Student-1569,95
483871,Student-4667,100
484032,Student-1279,100
484446,Student-2682,86
484648,Student-2719,64
484680,Student-4897,89
484722,Student-4528,77
484874,Student-0336,76
485143,Student-2237,96
485377,Student-3728,89
485441,Student-0054,79
485523,Student-3493,79
485788,Student-2170,64
485926,Student-0873,85
486035,Student-4376,83
486387,Student-1114,75
486411,Student-0557,83
486990,Student-3774,78
487003,Student-2641,93
487035,Student-2191,96
487542,Student-1803,98
487559,Student-2465,80
487665,Student-2018,84
487914,Student-2282,94
487919,Student-2887,67
488027,Student-0402,63
488356,Student-2104,81
488384,Student-4178,84
488598,Student-0643,83
489017,Student-1892,67
489210,Student-4825,71
489229,Student-3025,92
489604,Student-4575,91
489627,Student-4286,80
489862,Student-2331,85
490151,Student-3090,74
490229,Student-3886,90
490317,Student-4063,77
490654,Student-3628,64
490753,Student-0694,88
491269,Student-3503,88
491275,Student-4865,79
491289,Student-0451,67
491294,Student-1165,67
491333,Student-0781,77
491576,Student-0087,76
491622,Student-2334,61
491773,Student-1145,76
492266,Student-3052,90
492515,Student-3816,93
492711,Student-2727,90
493111,Student-3800,98
493114,Student-0053,72
493330,Student-3611,77
493819,Student-2762,92
493990,Student-1081,63
494014,Student-3231,86
494122,Student-1448,92
494220,Student-4580,88
494686,Student-4480,68
494705,Student-0255,85
494729,Student-2470,63
494870,Student-0084,92
495106,Student-4363,90
495310,Student-3742,83
495455,Student-0554,99
495689,Student-4198,85
496019,Student-1952,68
496139,Student-4147,94
496199,Student-3492,84
496207,Student-2595,95
496356,Student-1265,81
496549,Student-4194,90
496676,Student-0640,100
497165,Student-2518,72
497351,Student-3591,83
497488,Student-2083,86
497520,Student-3259,91
497599,Student-1331,65
497600,Student-2366,75
497886,Student-4557,98
497973,Student-2911,67
498281,Student-0698,91
498291,Student-0080,84
498355,Student-2925,68
498402,Student-3542,68
498529,Student-0036,90
498555,Student-4689,79
499012,Student-3274,96
499376,Student-3178,72
499635,Student-2535,90
499713,Student-0316,86
499723,Student-1255,90
500152,Student-3727,98
500179,Student-0470,66
500255,Student-2586,64
500902,Student-3277,69
501299,Student-4902,91
501658,Student-1855,94
501691,Student-1447,95
501701,Student-1669,98
501764,Student-0737,72
502011,Student-1373,62
502293,Student-1532,97
502495,Student-1807,68
502665,Student-1469,83
502839,Student-4904,90
502960,Student-3545,60
503221,Student-3334,62
503391,Student-3640,78
503502,Student-4918,65
504283,Student-2135,77
504345,Student-1581,87
504586,Student-2183,98
504634,Student-3847,94
504687,Student-0379,63
504729,Student-4478,95
504855,Student-0187,80
505182,Student-4935,87
505206,Student-1842,81
505311,Student-0584,83
505383,Student-3508,76
505434,Student-2715,66
505602,Student-0212,95
505680,Student-1238,71
505815,Student-3767,99
505898,Student-4065,62
505995,Student-2391,88
506144,Student-4930,80
506154,Student-2832,80
506268,Student-0046,83
506976,Student-1599,94
507119,Student-3887,92
507217,Student-1616,62
507564,Student-4777,60
507721,Student-4187,64
507888,Student-3884,70
507948,Student-1989,98
507996,Student-1485,91
508392,Student-3019,92
508404,Student-1578,80
508491,Student-0216,67
508639,Student-2611,98
508689,Student-4846,94
508823,Student-0887,70
508839,Student-3627,91
508850,Student-4568,77
508950,Student-3230,68
509071,Student-3924,79
509097,Student-4649,90
509631,Student-3279,77
509890,Student-1818,98
509901,Student-1542,97
510274,Student-4257,76
510378,Student-2508,84
510832,Student-0662,64
510941,Student-0920,73
510953,Student-0193,61
511090,Student-0108,89
511650,Student-2349,81
511777,Student-0022,82
511934,Student-4160,72
511945,Student-2882,92
512040,Student-1810,93
512232,Student-1035,71
512337,Student-1459,91
512490,Student-3002,97
512745,Student-2154,89
512802,Student-4163,74
512807,Student-1212,80
512959,Student-2038,98
512997,Student-0758,76
513190,Student-4740,93
513392,Student-0173,71
513541,Student-3403,77
513674,Student-2601,68
513907,Student-2181,88
514635,Student-0475,88
514954,Student-1416,77
515008,Student-3817,66
515041,Student-2486,92
515172,Student-2737,71
515267,Student-0850,88
515644,Student-4346,95
516259,Student-2512,94
516265,Student-1282,60
516451,Student-0411,67
516587,Student-3102,70
516604,Student-1332,75
516627,Student-0010,82
516820,Student-1076,94
516894,Student-0799,86
517236,Student-0273,97
517272,Student-1717,100
517283,Student-4452,93
517303,Student-0792,93
517715,Student-0129,82
517761,Student-2552,65
518117,Student-1552,62
518249,Student-3848,87
518288,Student-0135,74
518403,Student-3333,96
519223,Student-3993,91
519348,Student-1751,82
519403,Student-2144,99
519564,Student-4909,67
519747,Student-0691,68
520104,Student-2519,66
520172,Student-1626,97
520321,Student-1455,96
520461,Student-2538,70
520656,Student-1270,60
520814,Student-0413,77
520918,Student-4013,71
520976,Student-0839,95
521057,Student-1823,65
521157,Student-3527,96
521263,Student-3014,84
521716,Student-0631,78
521761,Student-1088,88
522121,Student-3723,80
522284,Student-2935,72
522354,Student-1701,67
522625,Student-4733,85
522949,Student-4437,70
523032,Student-4814,83
523057,Student-0724,100
523225,Student-0683,78
523536,Student-4087,60
524257,Student-1730,100
524320,Student-1583,63
524700,Student-4176,92
524889,Student-1467,67
524896,Student-3383,60
525282,Student-4241,67
525346,Student-1300,72
525404,Student-2076,77
525461,Student-2858,74
525778,Student-4112,85
525990,Student-4004,88
526011,Student-3377,78
526332,Student-0955,73
526397,Student-3020,65
526601,Student-3872,100
527022,Student-0586,86
527124,Student-1359,69
527149,Student-3116,73
527217,Student-1564,81
527256,Student-3541,86
527942,Student-1205,74
527993,Student-0522,90
528098,Student-2997,72
528264,Student-4175,98
528303,Student-1741,76
528335,Student-2704,64
528405,Student-1042,67
528425,Student-3818,96
528546,Student-3042,90
528745,Student-3104,92
528990,Student-3804,88
529102,Student-4526,67
529239,Student-2288,85
529264,Student-3013,77
529288,Student-3990,83
529432,Student-3885,99
529463,Student-0941,75
529480,Student-2974,74
529558,Student-4129,77
529577,Student-1722,94
529631,Student-4248,88
529672,Student-0886,96
530102,Student-0816,83
530230,Student-4646,99
530359,Student-1367,62
530462,Student-0124,99
530589,Student-1829,83
530735,Student-3160,94
530757,Student-3829,60
530853,Student-2318,78
531097,Student-0996,90
531459,Student-2840,80
531620,Student-3221,61
531723,Student-3729,97
531836,Student-0133,77
532653,Student-0714,79
532715,Student-0947,89
533300,Student-3510,61
533341,Student-3824,83
533352,Student-3902,63
533494,Student-4012,92
533661,Student-0047,61
533713,Student-0808,85
533767,Student-4282,87
533895,Student-3588,61
533960,Student-2551,70
534207,Student-3262,79
534238,Student-0812,80
534896,Student-4830,88
534898,Student-3233,64
534914,Student-0782,62
535391,Student-0410,80
535565,Student-4017,70
536043,Student-2446,71
536381,Student-1787,85
536502,Student-3674,79
536599,Student-2056,68
536700,Student-2301,96
536715,Student-1650,84
536866,Student-0663,99
537033,Student-1167,69
537393,Student-0499,79
537570,Student-1719,78
537576,Student-3962,89
537861,Student-4222,69
537915,Student-4234,93
538338,Student-3613,68
538526,Student-3860,99
538628,Student-1278,67
538646,Student-1934,79
538691,Student-2482,91
539151,Student-3678,74
539550,Student-3602,96
539587,Student-0014,71
539706,Student-2161,94
539708,Student-4700,62
539729,Student-1441,69
540205,Student-4622,77
540315,Student-1089,79
540526,Student-3271,64
540603,Student-1664,93
540847,Student-2013,96
541056,Student-2311,62
541348,Student-1607,87
541388,Student-2952,78
541732,Student-0593,69
541871,Student-3839,72
541951,Student-0645,85
542099,Student-2998,74
542259,Student-2008,95
542584,Student-0476,67
542610,Student-2683,100
542829,Student-2492,69
543032,Student-1144,93
543101,Student-4714,83
543189,Student-2339,69
543461,Student-2262,94
543528,Student-0223,61
543556,Student-4492,86
543615,Student-4684,80
543803,Student-4225,78
544409,Student-2328,68
544582,Student-1814,82
544772,Student-1077,74
544957,Student-0784,61
545339,Student-4839,60
545371,Student-1916,63
545465,Student-1487,66
545517,Student-0027,63
545995,Student-4948,69
546226,Student-3169,69
546529,Student-4623,80
546842,Student-0889,90
546881,Student-4905,86
547011,Student-2940,92
547098,Student-2992,92
547315,Student-2879,86
547346,Student-0064,79
547457,Student-3040,77
547517,Student-3777,88
547552,Student-4823,60
547637,Student-3407,93
547707,Student-3055,78
547761,Student-3373,98
548752,Student-4114,100
548878,Student-3754,60
548952,Student-4490,88
549549,Student-2043,97
549746,Student-4520,87
550141,Student-1917,89
550245,Student-1744,95
550315,Student-2312,99
550363,Student-4475,89
550468,Student-0969,85
550501,Student-3871,93
550706,Student-0111,94
550748,Student-0319,83
550840,Student-1315,99
551081,Student-2290,74
551163,Student-1051,88
551277,Student-3488,96
551608,Student-0057,74
551647,Student-2238,83
552412,Student-0449,83
552752,Student-1776,100
553186,Student-4702,68
553200,Student-3995,94
553240,Student-2537,80
553294,Student-4465,92
553603,Student-4765,87
553723,Student-1393,74
553807,Student-2615,74
554066,Student-1478,99
554111,Student-3857,99
554234,Student-1690,71
554291,Student-0638,75
554500,Student-3681,99
554609,Student-0523,97
554696,Student-1200,83
554757,Student-0211,74
555248,Student-3831,67
555413,Student-2754,60
555433,Student-0921,83
555789,Student-0287,97
555833,Student-1154,97
555887,Student-1537,75
556089,Student-4190,90
556904,Student-1335,70
556923,Student-0492,77
557382,Student-4011,83
557651,Student-0820,79
557849,Student-0357,96
557954,Student-1505,96
557986,Student-1865,60
558252,Student-0677,65
558474,Student-3809,97
558587,Student-2425,98
558830,Student-1648,64
559044,Student-3132,77
559226,Student-0147,93
560242,Student-2419,67
560332,Student-0004,72
560455,Student-0983,93
560921,Student-1802,60
560942,Student-4884,97
561355,Student-0815,89
561922,Student-1345,90
561960,Student-4962,97
561999,Student-1079,71
562080,Student-4210,98
562239,Student-3038,80
562518,Student-0635,76
562793,Student-0755,84
562937,Student-2933,95
563063,Student-2617,93
563753,Student-4697,100
563833,Student-4980,92
564094,Student-2216,88
564525,Student-4449,85
564852,Student-1031,73
564949,Student-3746,98
565008,Student-4621,99
565016,Student-2777,69
565112,Student-3504,76
565723,Student-0917,90
565753,Student-0712,78
565843,Student-3707,75
565885,Student-1918,79
566112,Student-3722,70
566343,Student-4489,70
566552,Student-0988,84
566613,Student-1608,67
566625,Student-0545,93
567130,Student-4154,62
567288,Student-4104,79
567332,Student-3308,60
567568,Student-2813,91
567839,Student-2421,80
567969,Student-0131,93
568458,Student-0484,70
568676,Student-4206,81
568922,Student-4898,94
568932,Student-3721,97
569136,Student-3905,82
569297,Student-0343,61
569523,Student-3650,92
569821,Student-4029,70
570045,Student-1263,91
570426,Student-0546,76
570671,Student-4080,100
570770,Student-3223,94
570843,Student-1456,67
570916,Student-1433,62
570958,Student-2317,97
571267,Student-0197,61
571338,Student-0837,81
571437,Student-2241,74
571810,Student-0423,68
572279,Student-4543,81
572319,Student-2441,61
572385,Student-2961,86
572459,Student-3005,92
572478,Student-3117,69
572524,Student-2004,63
572921,Student-4598,61
572958,Student-1797,74
572972,Student-1474,82
573088,Student-1905,98
573699,Student-0548,81
574251,Student-4726,87
574996,Student-3964,68
575098,Student-0602,83
575279,Student-4541,65
575918,Student-2776,66
576102,Student-0963,68
576314,Student-2200,91
576957,Student-1207,86
576958,Student-3301,83
577271,Student-3899,70
577413,Student-0673,73
577959,Student-1302,91
578203,Student-3737,75
578476,Student-1405,72
578490,Student-4614,87
578775,Student-3741,81
578971,Student-3210,82
579256,Student-2649,90
579536,Student-0370,79
579699,Student-4022,67
579787,Student-4747,72
580108,Student-3532,81
580414,Student-4399,89
580580,Student-0354,96
580691,Student-3171,73
581286,Student-1712,96
581723,Student-3603,94
582057,Student-2141,72
582100,Student-0868,84
582457,Student-1640,67
582661,Student-2781,73
582758,Student-3686,67
582993,Student-2880,99
583341,Student-2941,93
583498,Student-3675,64
583697,Student-4166,99
583868,Student-4298,73
583956,Student-3088,97
583968,Student-1006,70
584195,Student-3929,65
584287,Student-4472,87
584551,Student-3270,86
584748,Student-4361,96
584796,Student-0973,81
585038,Student-3850,65
585428,Student-2967,86
585447,Student-4389,67
585634,Student-3421,100
585916,Student-0341,88
586259,Student-2075,91
586689,Student-2239,62
586944,Student-0679,78
587154,Student-3392,68
587428,Student-1067,71
587436,Student-3181,69
587574,Student-4053,86
587688,Student-3408,68
587777,Student-1137,87
587782,Student-0376,63
587902,Student-1039,87
587964,Student-1284,61
588066,Student-1593,82
588073,Student-3595,97
588077,Student-1684,87
588141,Student-4068,86
588447,Student-2587,71
588468,Student-1687,92
588569,Student-0033,60
588636,Student-1311,66
588648,Student-4929,96
588741,Student-4032,73
588838,Student-1211,62
588893,Student-3151,75
589028,Student-2820,77
589051,Student-1871,87
589556,Student-4663,93
589653,Student-3390,61
589922,Student-3833,85
590073,Student-0510,74
590273,Student-0419,85
590358,Student-3575,64
590533,Student-3909,65
590568,Student-3694,95
590827,Student-0519,62
590865,Student-1236,97
590959,Student-1605,83
591054,Student-0299,65
591282,Student-4564,60
591324,Student-3708,71
591414,Student-0008,97
591515,Student-2839,85
591523,Student-0253,94
591739,Student-1514,61
591763,Student-4745,69
591796,Student-1798,66
591932,Student-0378,71
592635,Student-2993,80
592726,Student-3341,97
592886,Student-3080,63
593074,Student-0137,87
593099,Student-3743,79
593548,Student-4681,89
593631,Student-4710,72
593634,Student-4157,73
593712,Student-2630,73
593792,Student-0207,99
594109,Student-4982,60
594155,Student-1057,66
594852,Student-4018,88
595456,Student-2226,83
595490,Student-1325,98
595549,Student-1614,81
596054,Student-1390,83
596257,Student-1034,79
596371,Student-0564,94
596410,Student-2654,78
596506,Student-3129,64
596569,Student-4094,91
596781,Student-3296,60
597378,Student-3292,76
597621,Student-2195,79
597875,Student-2251,99
597889,Student-3372,76
597891,Student-3875,85
598043,Student-1990,91
598112,Student-2875,77
598375,Student-3654,74
598510,Student-4626,61
598520,Student-3992,93
598727,Student-4717,100
598847,Student-4542,99
598895,Student-3669,82
599004,Student-4586,65
599212,Student-4287,90
599311,Student-1221,82
599655,Student-4364,72
599970,Student-2197,82
600081,Student-0089,71
600267,Student-3072,82
600407,Student-2439,94
600837,Student-0508,95
601316,Student-1321,78
601507,Student-1353,85
601513,Student-1014,98
601579,Student-4878,95
601625,Student-4218,86
601735,Student-1896,96
601831,Student-4778,82
601854,Student-3034,77
602174,Student-4189,80
602230,Student-2603,82
602770,Student-2138,68
602916,Student-0976,63
602995,Student-3898,77
603026,Student-0226,93
603059,Student-2669,82
603497,Student-1844,79
603605,Student-1772,85
603688,Student-1682,97
603803,Student-0149,100
604000,Student-0735,100
604118,Student-0359,96
604216,Student-0176,72
604274,Student-1497,64
604542,Student-4683,62
604635,Student-1446,81
605096,Student-2338,83
605345,Student-2261,74
605629,Student-2647,88
605632,Student-2696,77
605919,Student-1133,100
606240,Student-4355,60
606321,Student-4975,94
606437,Student-2278,97
606448,Student-2414,72
606572,Student-4496,77
607018,Student-3820,90
607206,Student-4561,79
607390,Student-0827,85
607467,Student-0473,79
607632,Student-0852,88
607674,Student-0183,78
607764,Student-3272,79
607814,Student-4945,60
608219,Student-2052,67
608389,Student-2896,92
608490,Student-0773,92
608698,Student-0588,95
608788,Student-1825,76
608802,Student-4810,88
609055,Student-0372,81
609235,Student-4172,75
609886,Student-1826,86
610527,Student-0630,71
610551,Student-2350,92
610715,Student-0637,88
610726,Student-2487,93
611032,Student-2673,69
611048,Student-0200,78
611165,Student-1424,73
611336,Student-0023,95
611416,Student-1237,71
611440,Student-2254,69
611498,Student-0221,98
611950,Student-1180,65
612139,Student-3663,85
612317,Student-2071,81
612377,Student-2670,78
612561,Student-3877,74
612709,Student-2140,96
612981,Student-4938,77
613228,Student-1402,99
613421,Student-3577,65
613537,Student-1703,97
613710,Student-0077,81
613785,Student-0250,98
613867,Student-0015,89
613882,Student-0665,93
613954,Student-3688,71
614222,Student-2749,85
614392,Student-1875,69
614440,Student-3064,68
614610,Student-0834,93
614656,Student-3639,60
614994,Student-4906,78
615218,Student-1688,80
615245,Student-2629,61
615589,Student-1343,69
615640,Student-4055,96
615786,Student-3396,75
615803,Student-3554,75
615827,Student-4368,74
615869,Student-1602,61
615996,Student-0439,96
616008,Student-1774,76
616122,Student-1961,79
616140,Student-0321,77
616619,Student-4224,87
616692,Student-1120,69
617146,Student-0600,69
617254,Student-3461,66
617291,Student-3873,88
617337,Student-5000,98
617518,Student-1346,73
617735,Student-1816,73
618232,Student-1780,70
618577,Student-1013,62
618617,Student-3205,63
618723,Student-4650,75
618745,Student-3522,69
619077,Student-4027,84
619148,Student-2126,90
619201,Student-2954,79
619415,Student-2268,61
619434,Student-3217,99
619672,Student-2101,76
620073,Student-2544,76
620167,Student-1033,96
620297,Student-4108,88
620326,Student-2930,77
620412,Student-2821,85
620447,Student-0192,78
620766,Student-0290,81
621151,Student-0785,87
621166,Student-4447,97
621186,Student-4641,62
621471,Student-3006,88
621601,Student-1862,77
621837,Student-1846,91
622176,Student-0919,68
622581,Student-3768,93
622770,Student-0857,72
622844,Student-2728,76
622968,Student-2006,78
623269,Student-2782,70
623452,Student-4066,62
623504,Student-0608,85
623696,Student-3071,79
623958,Student-0878,90
624031,Student-4701,95
624094,Student-3395,60
624144,Student-4658,85
624245,Student-2988,67
624692,Student-4009,95
624847,Student-1513,84
624919,Student-0754,73
625176,Student-0209,77
625500,Student-1053,99
625945,Student-4216,96
626196,Student-3781,64
626226,Student-4858,69
626288,Student-3298,80
626351,Student-3439,69
626360,Student-3636,71
626384,Student-0132,82
626899,Student-4184,87
626964,Student-1199,69
627480,Student-0151,76
627657,Student-1718,94
627734,Student-2117,73
627816,Student-3378,89
628075,Student-4666,89
628437,Student-4767,85
628614,Student-2546,66
628636,Student-0538,98
628681,Student-0249,75
628780,Student-0567,82
628949,Student-1231,84
628999,Student-1100,77
629138,Student-3258,82
629201,Student-2872,88
629564,Student-2109,78
629643,Student-4996,61
629787,Student-2772,81
629803,Student-4359,97
630061,Student-4161,60
630136,Student-3209,61
630506,Student-4469,100
631043,Student-2829,80
631362,Student-4136,79
631429,Student-3150,88
631520,Student-3142,88
631570,Student-4816,86
631577,Student-4186,70
631762,Student-0598,89
631984,Student-0107,96
632156,Student-0257,82
632167,Student-3066,80
632360,Student-2990,92
632418,Student-0594,74
632760,Student-3489,99
632954,Student-2219,90
633382,Student-4708,76
633512,Student-1470,63
633618,Student-1618,71
634055,Student-0572,60
634096,Student-4415,89
634275,Student-3442,70
634690,Student-0026,79
634817,Student-4215,79
634930,Student-3711,71
634934,Student-2763,86
634990,Student-3941,61
636042,Student-2424,69
636186,Student-3593,78
636199,Student-0639,95
636253,Student-3206,84
636285,Student-1714,64
636583,Student-1637,82
636597,Student-0777,84
636734,Student-0835,68
637122,Student-2895,72
637408,Student-1175,96
637421,Student-4609,65
637669,Student-3524,99
637868,Student-1378,89
637911,Student-3448,81
638634,Student-0649,64
638647,Student-4311,84
639120,Student-2024,71
639719,Student-3335,97
639943,Student-3011,83
640137,Student-1322,93
640144,Student-3635,98
640185,Student-4741,69
640197,Student-1276,95
640467,Student-0830,80
640481,Student-2164,62
640765,Student-2180,97
640988,Student-4723,84
641124,Student-2434,62
641255,Student-0391,67
641356,Student-3028,98
641756,Student-4551,74
641762,Student-2938,93
641814,Student-4880,68
641839,Student-2936,94
641842,Student-3960,61
642349,Student-3302,60
642904,Student-3201,88
643004,Student-1098,84
643111,Student-2584,92
643150,Student-4191,89
643714,Student-4978,94
643786,Student-4763,64
643910,Student-4691,84
643953,Student-2280,89
644310,Student-4677,78
644494,Student-4240,65
644946,Student-1479,85
645876,Student-2803,84
645961,Student-0956,78
646048,Student-1613,91
646127,Student-3643,98
646350,Student-4374,72
646590,Student-4353,94
646598,Student-4263,100
646639,Student-1172,77
646815,Student-2692,81
646843,Student-4082,69
646899,Student-0768,78
647044,Student-4448,83
647116,Student-3315,93
647233,Student-2795,80
647591,Student-4504,85
647659,Student-2078,97
647730,Student-4798,62
648056,Student-4835,92
648182,Student-2036,97
648943,Student-0578,63
649215,Student-1399,84
649240,Student-4321,99
649401,Student-0034,81
649446,Student-2818,99
649616,Student-0709,86
649676,Student-2968,82
649717,Student-1065,73
649868,Student-2245,89
649917,Student-4601,86
649955,Student-2809,78
649965,Student-3537,84
650352,Student-3434,93
650456,Student-2464,93
650469,Student-0442,86
650553,Student-1619,100
650597,Student-0304,67
650804,Student-3620,79
650851,Student-0774,61
650863,Student-1817,65
650949,Student-2977,100
651177,Student-4965,62
651410,Student-0103,65
651419,Student-4431,61
651566,Student-1075,82
651573,Student-3060,90
651753,Student-4030,82
651770,Student-0276,99
652047,Student-2247,70
652168,Student-3621,63
652242,Student-3438,76
652266,Student-1782,100
652598,Student-0094,81
652696,Student-1242,74
652701,Student-1716,94
652832,Student-1473,90
653052,Student-2745,70
653313,Student-4423,69
653544,Student-4618,81
653784,Student-3589,61
653993,Student-2861,69
654127,Student-1921,65
654429,Student-2275,61
654635,Student-2797,78
654798,Student-3401,84
654881,Student-0929,72
654943,Student-0189,83
654960,Student-3509,97
654978,Student-2769,96
655124,Student-4620,76
655181,Student-2946,89
655205,Student-2274,70
655334,Student-3265,96
655478,Student-1907,73
656185,Student-2883,87
656432,Student-2340,68
656511,Student-1985,63
656649,Student-4392,72
656914,Student-1793,61
657190,Student-1351,75
657216,Student-3471,92
657305,Student-4915,76
657458,Student-4281,96
657691,Student-2329,91
657944,Student-4459,66
658144,Student-1443,67
658215,Student-4439,80
658472,Student-1218,94
658570,Student-0043,78
658626,Student-4133,78
658756,Student-4429,86
658778,Student-2228,99
658927,Student-4293,60
658996,Student-4362,60
659210,Student-2217,96
659314,Student-0394,67
659450,Student-3788,60
659641,Student-2794,85
659655,Student-1506,63
660044,Student-2112,74
660222,Student-2913,96
660266,Student-0315,98
660673,Student-3815,64
660707,Student-1043,92
660786,Student-4958,84
660955,Student-0265,82
661257,Student-2327,100
661263,Student-0883,97
661323,Student-0750,100
661423,Student-4686,88
662109,Student-3162,69
662112,Student-4418,86
662551,Student-0589,84
663171,Student-1568,68
663296,Student-2412,70
663628,Student-4167,81
664042,Student-2596,61
664067,Student-0462,72
664180,Student-0803,64
664366,Student-0922,78
664401,Student-4369,93
664736,Student-0766,72
665109,Student-1715,99
665297,Student-2505,70
665433,Student-2029,91
665883,Student-2859,93
666119,Student-3319,79
666344,Student-3985,88
666648,Student-4406,79
666660,Student-0697,100
666712,Student-1956,85
666945,Student-2942,81
667014,Student-0982,97
667415,Student-1856,60
667504,Student-3424,83
667567,Student-0717,98
667583,Student-1740,74
667594,Student-2394,91
667664,Student-4481,70
667819,Student-1194,75
668098,Student-1933,61
668283,Student-2904,97
668306,Student-3367,99
668552,Student-4061,96
668662,Student-2147,80
668809,Student-0590,71
669142,Student-3163,65
669311,Student-1232,77
669326,Student-3720,100
669385,Student-0271,83
669775,Student-1972,79
669846,Student-2445,62
670197,Student-4517,85
670303,Student-3186,82
670368,Student-4171,76
670442,Student-1667,94
670499,Student-2850,86
670506,Student-3612,72
670958,Student-2093,97
671272,Student-2689,71
671422,Student-2831,89
671829,Student-0705,77
672023,Student-4079,89
672401,Student-2923,94
672454,Student-0434,62
672849,Student-3830,76
673068,Student-3648,100
673190,Student-4845,94
673234,Student-0231,88
673456,Student-0170,85
674002,Student-3477,95
674100,Student-3600,71
674114,Student-4096,69
674504,Student-3819,83
674679,Student-0558,97
674690,Student-4571,79
674725,Student-3207,68
675020,Student-1445,99
675343,Student-0877,80
675448,Student-4261,77
675617,Student-3479,98
675669,Student-2619,93
676375,Student-2707,77
676668,Student-4185,88
676810,Student-3923,64
676995,Student-3534,94
677203,Student-2653,98
677240,Student-1788,62
677414,Student-3134,90
677475,Student-1631,97
677945,Student-0233,90
678074,Student-3218,97
678354,Student-4052,75
678405,Student-3236,81
678450,Student-4064,97
678479,Student-1649,96
678540,Student-3881,81
678587,Student-1940,70
678837,Student-0169,64
679168,Student-3128,98
679402,Student-3797,89
679563,Student-4351,83
679587,Student-1435,93
679655,Student-2330,82
680032,Student-2474,69
680107,Student-3623,91
680238,Student-1656,98
680382,Student-0477,83
680575,Student-4074,88
680965,Student-3517,99
681022,Student-2984,88
681094,Student-1680,72
681135,Student-2655,82
681518,Student-0642,95
681918,Student-3012,63
682061,Student-4854,86
682275,Student-2174,66
682466,Student-3084,60
682662,Student-1193,61
682670,Student-4230,95
682672,Student-4122,100
682770,Student-2852,71
682910,Student-2058,63
683001,Student-3703,80
683201,Student-4195,60
683216,Student-0312,76
683277,Student-0960,100
683310,Student-4309,81
683454,Student-0403,78
683877,Student-1054,67
683942,Student-1764,96
684030,Student-1425,67
684296,Student-3035,70
685196,Student-4470,75
685452,Student-4553,62
685523,Student-2119,91
685543,Student-3123,89
685590,Student-4624,63
685607,Student-1068,82
685918,Student-4464,79
685997,Student-0789,90
686046,Student-4105,83
686056,Student-3795,96
686394,Student-2213,73
686415,Student-2767,89
686443,Student-3436,86
686444,Student-2755,75
686681,Student-3447,71
687094,Student-4986,76
687288,Student-0513,60
687390,Student-3576,66
687409,Student-0039,75
687438,Student-3540,83
687519,Student-0561,73
687678,Student-2406,71
687774,Student-2712,94
687854,Student-1101,88
688013,Student-1406,66
688113,Student-2871,81
688135,Student-0389,92
688255,Student-2973,72
688341,Student-0527,74
688927,Student-2496,82
689461,Student-2209,63
689551,Student-2665,75
689748,Student-4150,68
690241,Student-0872,82
690462,Student-2240,78
690519,Student-1898,99
690637,Student-0251,61
690674,Student-3528,88
690706,Student-4933,68
690863,Student-3402,69
690952,Student-2614,71
691299,Student-4193,74
691528,Student-0229,86
691924,Student-2037,77
692093,Student-0489,66
692178,Student-4890,74
692185,Student-1021,83
692261,Student-0752,100
692467,Student-3235,93
692757,Student-3642,61
692985,Student-4951,61
693385,Student-2341,71
693483,Student-4727,75
693572,Student-2843,94
693637,Student-1419,66
693722,Student-2912,99
693891,Student-1250,86
694070,Student-4673,64
694188,Student-0719,84
694207,Student-4590,99
694233,Student-3374,75
694358,Student-1859,92
694487,Student-2725,98
694490,Student-1881,83
694528,Student-0674,81
694911,Student-2444,72
695174,Student-3264,69
695188,Student-2693,75
695194,Student-2449,62
695260,Student-1327,76
695467,Student-4514,92
695546,Student-4973,66
695582,Student-0355,91
695715,Student-3196,64
695741,Student-4110,78
695872,Student-0829,85
696099,Student-4875,78
696188,Student-2086,84
696344,Student-2325,66
696614,Student-3810,85
696696,Student-2044,80
696834,Student-4927,88
697030,Student-0910,99
697126,Student-2336,82
697139,Student-0418,69
697465,Student-0995,93
697484,Student-3753,73
697525,Student-2137,77
697712,Student-4014,62
697951,Student-4338,83
697966,Student-0562,79
698348,Student-2381,62
698349,Student-1310,87
698748,Student-0116,69
698944,Student-0898,69
699011,Student-0005,78
699518,Student-2244,83
699585,Student-3562,82
699610,Student-0660,92
699910,Student-4487,83
700068,Student-3138,95
700129,Student-4773,83
700200,Student-2111,95
700411,Student-3423,60
700488,Student-3912,91
701185,Student-3533,62
701548,Student-4267,82
701875,Student-0400,80
701906,Student-0937,94
701992,Student-1444,62
702036,Student-0003,84
702307,Student-1748,72
702582,Student-4354,63
702684,Student-0390,86
702685,Student-2621,94
702917,Student-0720,76
703066,Student-1116,81
703090,Student-2999,89
703151,Student-2420,86
703367,Student-4264,77
703375,Student-4997,93
703436,Student-4572,83
703462,Student-0466,96
704238,Student-0258,84
704256,Student-2257,74
704308,Student-4828,79
704653,Student-0214,94
704835,Student-3026,72
705034,Student-3420,94
705548,Student-3458,76
705674,Student-2705,70
705938,Student-4090,86
705994,Student-1555,90
706084,Student-0805,79
706089,Student-0949,89
706518,Student-1449,76
706537,Student-3451,67
706553,Student-2143,63
706971,Student-1901,84
707065,Student-3598,88
707157,Student-1252,87
707285,Student-1002,89
707438,Student-0445,71
707552,Student-0804,74
707646,Student-1050,98
707670,Student-0675,96
707761,Student-0006,92
707862,Student-0797,89
708067,Student-3732,92
708413,Student-1247,91
708443,Student-1426,92
708992,Student-0188,98
709093,Student-0601,75
709249,Student-3164,80
709267,Student-3966,82
709581,Student-4380,79
710017,Student-4546,61
710032,Student-3793,81
710144,Student-2168,67
710215,Student-4304,78
710441,Student-4687,96
710444,Student-1352,94
710457,Student-3003,92
710551,Student-1366,81
710578,Student-1201,96
710766,Student-3644,96
710808,Student-0305,60
711188,Student-1119,97
711433,Student-3778,78
711836,Student-2528,69
711885,Student-0301,69
711887,Student-0325,80
711912,Student-0302,94
712009,Student-0840,95
712160,Student-3705,72
712188,Student-0939,94
712501,Student-0779,60
712589,Student-4291,60
712833,Student-4332,87
712894,Student-0596,100
712902,Student-3526,100
712964,Student-3043,79
713011,Student-4347,88
713126,Student-0825,71
713344,Student-4330,64
713992,Student-2102,100
714237,Student-2532,77
714342,Student-3324,74
714442,Student-1286,68
714746,Student-1297,77
714752,Student-4411,65
714854,Student-0994,63
715181,Student-1136,82
715318,Student-1507,67
715963,Student-0348,83
716150,Student-0409,64
716332,Student-2187,80
716344,Student-2495,97
716495,Student-0220,78
716715,Student-1733,71
716916,Student-0854,97
716976,Student-1094,79
717128,Student-3779,74
718318,Student-4668,60
718974,Student-1753,98
719029,Student-4149,61
719310,Student-1574,77
719378,Student-2387,82
719424,Student-1572,88
719578,Student-0068,89
719693,Student-2909,77
719741,Student-0496,98
720053,Student-1544,91
720426,Student-4486,100
720599,Student-2462,67
720616,Student-1491,99
721459,Student-4524,83
722000,Student-4058,77
722065,Student-3823,77
722122,Student-3466,63
722260,Student-3978,61
722951,Student-1897,63
723031,Student-3158,72
723118,Student-4629,64
723134,Student-4807,68
723211,Student-3502,72
723533,Student-2416,67
723768,Student-1254,74
723887,Student-4005,95
723902,Student-2927,75
724093,Student-2616,63
724591,Student-3946,80
724593,Student-2921,63
724890,Student-2637,63
725225,Student-0738,73
725365,Student-0367,93
725825,Student-3630,86
726030,Student-0688,79
726275,Student-2589,71
726329,Student-3061,91
726341,Student-0741,74
726535,Student-0905,100
726537,Student-0387,75
726564,Student-1960,86
726642,Student-2380,73
726876,Student-3411,67
726977,Student-1955,68
727118,Student-2732,98
727295,Student-3170,72
727399,Student-1260,63
727401,Student-2159,96
727548,Student-1967,61
727554,Student-2884,85
727689,Student-1531,64
728191,Student-1484,66
728510,Student-0157,88
728582,Student-3981,64
728608,Student-0954,100
728817,Student-1966,92
728994,Student-3765,62
729236,Student-2571,72
729438,Student-4534,78
729618,Student-3673,94
729689,Student-4736,95
729754,Student-0795,86
729802,Student-1533,77
729876,Student-2480,88
730139,Student-1847,93
730317,Student-3984,84
730444,Student-4729,75
730720,Student-4182,92
730727,Student-0703,70
730909,Student-1973,84
730945,Student-0432,93
730983,Student-4799,97
731281,Student-2222,76
731323,Student-4337,78
731810,Student-3115,92
732132,Student-0867,96
732636,Student-0686,76
732717,Student-2507,60
732909,Student-0272,77
732932,Student-2319,92
733025,Student-0524,100
733318,Student-1538,83
733438,Student-4134,99
733538,Student-4851,89
733708,Student-1028,62
733738,Student-3441,65
733998,Student-1724,95
734157,Student-1588,81
734351,Student-0288,78
734405,Student-0024,78
734434,Student-1548,88
734558,Student-1696,97
734623,Student-1462,84
734830,Student-4255,65
735076,Student-0767,96
735138,Student-3394,87
735284,Student-3846,69
735488,Student-3835,77
735528,Student-4652,70
735637,Student-4323,100
735843,Student-4015,63
735875,Student-3851,93
735960,Student-0093,80
736275,Student-2557,94
736312,Student-4713,85
736360,Student-1994,89
736393,Student-3363,81
736565,Student-4703,81
736617,Student-3870,82
736638,Student-2677,61
736971,Student-1790,91
737021,Student-2373,83
737268,Student-0962,75
737574,Student-1663,88
737636,Student-0710,69
737657,Student-2937,68
737686,Student-1965,81
737989,Student-1038,61
738456,Student-4417,97
738466,Student-2644,81
738713,Student-4379,85
738733,Student-1562,75
739514,Student-4616,85
739531,Student-4560,61
739601,Student-2129,71
739715,Student-2184,96
740047,Student-2917,92
740251,Student-2450,64
740323,Student-4454,88
740437,Student-4002,62
741241,Student-4631,72
741415,Student-1481,98
741572,Student-4966,66
741656,Student-4146,94
741666,Student-1189,84
742472,Student-1451,96
742619,Student-0597,73
742625,Student-1911,78
742643,Student-4038,88
743205,Student-3755,99
743750,Student-1878,99
744088,Student-1389,68
744123,Student-3313,80
744394,Student-0140,85
744431,Student-1811,82
744607,Student-3368,60
744724,Student-3449,83
744733,Student-4709,79
744982,Student-4785,69
745168,Student-0509,89
745217,Student-3063,64
745235,Student-1824,86
745467,Student-4855,61
746254,Student-4512,96
746365,Student-0748,63
746459,Student-4300,60
746558,Student-3775,61
746617,Student-0021,98
746953,Student-3143,89
746994,Student-1216,75
747019,Student-0532,93
747050,Student-1438,99
747217,Student-1699,96
747349,Student-1309,76
747476,Student-3665,97
747506,Student-1186,91
747561,Student-3843,61
747604,Student-4000,87
747633,Student-1045,91
747644,Student-0763,68
747910,Student-3730,88
748018,Student-4220,65
748627,Student-4995,89
748995,Student-3986,72
749306,Student-4076,87
749420,Student-2400,71
750402,Student-1781,92
750451,Student-0931,61
750768,Student-3980,60
750945,Student-3091,80
751645,Student-1590,80
751771,Student-1012,83
751793,Student-2468,86
752080,Student-2190,96
752169,Student-0112,97
752212,Student-1431,70
752605,Student-4782,77
752893,Student-3731,87
752981,Student-4393,86
753014,Student-0283,70
753396,Student-1995,97
753454,Student-2351,91
753533,Student-4811,67
753548,Student-4625,92
754124,Student-3498,72
754390,Student-3704,77
754518,Student-0435,92
754588,Student-1204,97
754667,Student-0975,67
754687,Student-2491,68
754714,Student-4968,70
754863,Student-1213,83
754915,Student-4296,74
755021,Student-4484,67
755024,Student-0016,67
755110,Student-1515,88
755140,Student-3803,77
755214,Student-3841,60
755271,Student-4634,79
755297,Student-4451,73
755510,Student-0822,76
755630,Student-4977,72
755754,Student-3349,65
755812,Student-2849,80
755848,Student-2802,61
756128,Student-1253,94
756179,Student-3945,73
756369,Student-0702,96
756435,Student-0141,69
756530,Student-2149,79
756725,Student-2959,93
756798,Student-3288,73
756899,Student-1272,93
757145,Student-0544,65
757159,Student-4563,62
757666,Student-0552,61
757894,Student-3609,67
757958,Student-3854,84
758217,Student-3435,79
758401,Student-0017,84
758430,Student-1511,89
758548,Student-0926,73
758792,Student-0424,93
758958,Student-1841,86
759203,Student-3263,74
759245,Student-1756,93
759640,Student-2103,62
759662,Student-3869,91
759702,Student-3969,83
759796,Student-0706,69
759962,Student-4036,62
760146,Student-3766,81
760230,Student-0382,80
760364,Student-2524,86
761379,Student-2046,61
761466,Student-3431,70
761570,Student-0481,85
761610,Student-3459,62
761717,Student-3551,95
761825,Student-2758,91
761851,Student-2583,63
761880,Student-4124,80
762374,Student-3496,93
762792,Student-1963,63
762972,Student-1617,71
763378,Student-0083,73
763665,Student-3718,94
763697,Student-0441,98
764161,Student-2845,64
764372,Student-3805,72
764419,Student-3637,60
764453,Student-1519,72
764499,Student-2207,67
764558,Student-0928,89
764716,Student-3762,90
764897,Student-3974,86
765116,Student-0029,96
765563,Student-3744,87
765919,Student-0966,71
766098,Student-2756,81
766099,Student-4698,83
766169,Student-2770,77
766519,Student-3812,91
766757,Student-0604,61
766781,Student-2667,85
766848,Student-2377,77
766979,Student-1258,84
767024,Student-3552,77
767035,Student-2826,74
767406,Student-3183,80
767636,Student-0190,98
767707,Student-3089,88
767782,Student-3647,89
768326,Student-1668,96
768356,Student-2316,97
768408,Student-2106,89
769148,Student-2695,71
769261,Student-0278,86
769273,Student-3490,66
769401,Student-4917,88
769495,Student-4941,61
769550,Student-4627,77
769584,Student-1625,91
769611,Student-1246,75
769873,Student-2253,77
770295,Student-1018,86
770434,Student-2130,79
770569,Student-3048,66
771328,Student-1676,96
771348,Student-2760,99
771911,Student-4334,96
772006,Student-4672,76
772753,Student-1991,100
773064,Student-1403,65
773175,Student-0806,100
773467,Student-1981,97
773482,Student-0070,65
773483,Student-0464,76
773877,Student-4179,62
774238,Student-4718,97
774372,Student-0241,80
774434,Student-3918,75
774737,Student-1159,74
774944,Student-1979,70
774960,Student-0280,79
775153,Student-1109,75
775379,Student-2225,64
775387,Student-1606,84
775425,Student-3535,63
775600,Student-1652,61
775979,Student-1386,68
776001,Student-3761,82
776046,Student-1565,68
776439,Student-4035,92
776799,Student-3976,87
777696,Student-3658,67
777754,Student-0396,99
777896,Student-2185,80
777926,Student-4412,63
778322,Student-1275,77
778420,Student-3433,99
778544,Student-2000,80
778663,Student-1052,60
778703,Student-2477,62
778777,Student-3926,85
778941,Student-1526,78
779334,Student-0483,61
779583,Student-1815,73
779631,Student-0938,74
779706,Student-4791,68
779785,Student-3361,76
780066,Student-2123,66
780556,Student-3325,84
780567,Student-1169,75
780615,Student-2588,66
780643,Student-1629,78
780680,Student-1541,63
780744,Student-1350,60
781257,Student-2490,95
781505,Student-0770,67
781567,Student-0106,84
781863,Student-0831,64
782054,Student-0428,87
782373,Student-1632,93
782739,Student-2534,66
782798,Student-3604,100
782821,Student-4326,80
782872,Student-1563,90
782910,Student-3273,65
783106,Student-1374,73
783140,Student-2393,83
783239,Student-2798,93
783280,Student-3988,95
783346,Student-0515,96
783496,Student-2494,96
783690,Student-2957,91
783766,Student-1976,73
783997,Student-4067,85
784244,Student-2735,99
784258,Student-3973,93
784336,Student-0749,91
784396,Student-2733,85
784512,Student-3660,67
784820,Student-0167,95
784971,Student-2623,77
784979,Student-3760,96
784981,Student-2808,87
785335,Student-1483,98
785457,Student-4964,85
785581,Student-0329,93
785609,Student-2060,68
785683,Student-2639,62
785747,Student-1503,95
786090,Student-3556,76
786387,Student-2279,83
786388,Student-4041,100
786656,Student-1800,68
786743,Student-3172,98
786887,Student-3676,95
787011,Student-4498,84
787094,Student-2162,61
787165,Student-1946,74
787296,Student-0624,64
787340,Student-3756,66
787359,Student-1634,78
787363,Student-4213,81
787594,Student-3855,80
787811,Student-1863,89
787848,Student-0502,84
787878,Student-0579,99
788075,Student-2120,95
788124,Student-0549,62
788187,Student-4769,70
788348,Student-2971,100
788877,Student-4288,97
788935,Student-1450,78
789007,Student-3344,90
789060,Student-0323,73
789330,Student-0933,77
789339,Student-2356,73
789344,Student-1489,64
789917,Student-1463,64
789993,Student-1971,84
790056,Student-2357,97
790207,Student-4959,85
790250,Student-1177,96
790289,Student-3726,71
790630,Student-3979,68
790905,Student-2699,92
791052,Student-4390,100
791492,Student-1745,94
791494,Student-0859,90
791536,Student-0989,92
792085,Student-0865,82
792641,Student-2094,82
792653,Student-3269,64
792709,Student-4081,91
792898,Student-4685,96
792967,Student-0202,77
793084,Student-1241,81
793294,Student-3086,63
793332,Student-1113,69
793531,Student-0351,91
793670,Student-3376,66
794008,Student-1064,68
794465,Student-2379,69
794891,Student-3101,82
794997,Student-0361,76
795349,Student-0178,67
795500,Student-4711,92
795630,Student-2960,84
795663,Student-1660,92
796249,Student-4972,72
796406,Student-0058,66
796432,Student-4671,60
796704,Student-1313,77
796783,Student-2178,70
796921,Student-2145,62
797139,Student-4790,74
797249,Student-3284,91
797417,Student-4168,90
797814,Student-3238,70
798016,Student-4803,71
798062,Student-2651,86
798439,Student-1558,67
798578,Student-1482,71
799129,Student-1347,95
799453,Student-3166,73
799506,Student-0979,76
800358,Student-2893,65
800475,Student-0848,76
800521,Student-4735,91
800623,Student-3415,79
800793,Student-0617,75
801621,Student-1643,63
801851,Student-3174,76
801985,Student-4314,76
802358,Student-3561,99
802433,Student-4233,61
802454,Student-3096,62
802614,Student-0971,64
803331,Student-2436,79
803480,Student-0243,80
803522,Student-1058,78
803712,Student-2791,74
804026,Student-2604,60
804105,Student-3452,60
804197,Student-0993,79
804210,Student-0553,79
804215,Student-4229,65
804328,Student-3144,76
804423,Student-0930,60
804544,Student-1227,93
804605,Student-2502,93
805079,Student-2890,87
805113,Student-0318,75
805121,Student-4217,71
805298,Student-2572,68
805340,Student-4164,93
805732,Student-0459,73
805976,Student-3352,97
805990,Student-1691,69
806397,Student-1517,83
806577,Student-3874,66
807306,Student-2408,73
807565,Student-1848,63
807668,Student-0454,100
807923,Student-1161,98
808075,Student-1880,80
808409,Student-4188,68
808419,Student-0405,75
808425,Student-2514,71
808430,Student-1418,66
808489,Student-0961,66
808520,Student-2374,66
808584,Student-0844,100
808714,Student-1197,77
808751,Student-4473,95
808849,Student-2796,95
809398,Student-4095,96
809785,Student-3483,96
809854,Student-0964,65
809981,Student-2686,97
810060,Student-2593,88
810073,Student-0506,78
810152,Student-0918,90
810232,Student-3445,72
810245,Student-4637,85
810523,Student-2885,96
810566,Student-0980,82
810823,Student-3996,79
810970,Student-1571,92
811324,Student-3715,88
811897,Student-1290,84
812064,Student-4141,98
812149,Student-4554,81
812441,Student-2822,89
812455,Student-2600,73
812509,Student-4591,97
812537,Student-2902,91
812777,Student-3641,76
812914,Student-3293,78
813078,Student-0427,94
813107,Student-2371,82
813249,Student-1945,84
813487,Student-2748,70
813729,Student-3634,82
813856,Student-3585,100
813892,Student-0296,80
814403,Student-4595,61
814862,Student-2606,70
815188,Student-0535,72
815224,Student-3914,80
815798,Student-2315,60
816224,Student-4552,64
816436,Student-2151,87
816508,Student-0997,81
816695,Student-3569,85
817198,Student-1777,84
817336,Student-0824,99
817425,Student-2314,67
817431,Student-2515,62
817553,Student-3845,85
817554,Student-3320,76
817650,Student-4529,83
818188,Student-2828,71
818249,Student-0551,93
818297,Student-3456,90
818462,Student-0247,86
818791,Student-3332,66
818824,Student-3626,74
818850,Student-3139,65
819298,Student-0756,97
819442,Student-2368,74
819657,Student-3297,71
819658,Student-2891,88
819870,Student-1771,69
820047,Student-1496,69
820176,Student-0164,76
820303,Student-1954,93
820317,Student-4477,81
820643,Student-1188,100
820885,Student-4501,77
821039,Student-3100,78
821183,Student-2015,73
821198,Student-4152,64
821739,Student-0155,99
821745,Student-4278,87
821873,Student-4521,69
821877,Student-2370,71
822256,Student-1439,62
822282,Student-4384,85
822339,Student-2684,62
822842,Student-3029,70
822943,Student-0751,97
823118,Student-3921,82
823688,Student-4085,100
823700,Student-4648,96
823798,Student-4127,90
823825,Student-2437,91
824136,Student-0208,78
824177,Student-0603,75
824350,Student-2040,88
824351,Student-4850,73
824510,Student-0269,65
824528,Student-3212,73
825180,Student-3878,89
825318,Student-0587,90
825493,Student-2768,91
825521,Student-4821,82
825690,Student-3465,92
826296,Student-2926,60
826435,Student-2267,62
826460,Student-2448,77
826605,Student-2039,76
826681,Student-2411,97
826765,Student-1610,93
826852,Student-3076,61
827194,Student-0650,79
827350,Student-1858,68
827391,Student-2659,60
827679,Student-2989,88
827988,Student-1672,65
827990,Student-3520,87
828071,Student-1434,84
828319,Student-4010,82
828454,Student-4180,66
828669,Student-4511,85
828697,Student-2435,90
828707,Student-4441,86
828718,Student-4657,93
828786,Student-3649,95
828972,Student-4870,72
828992,Student-4258,73
829105,Student-0369,73
829203,Student-1850,94
829493,Student-1554,80
829740,Student-2398,92
829804,Student-1427,75
830137,Student-2048,73
830293,Student-0791,89
830347,Student-1179,100
830522,Student-4301,64
830548,Student-3932,84
830590,Student-4758,91
830918,Student-1869,87
831203,Student-0244,62
831262,Student-0501,78
831604,Student-3203,68
831699,Student-0629,62
831789,Student-4819,88
831977,Student-1993,85
832174,Student-0539,89
832364,Student-1766,99
832795,Student-3655,95
832940,Student-2415,86
833054,Student-0609,61
833242,Student-2252,87
833425,Student-3682,99
833650,Student-4003,87
833904,Student-0518,82
833976,Student-2287,66
834145,Student-1710,73
834275,Student-0583,75
834639,Student-0793,82
834706,Student-1692,87
835409,Student-4025,73
835410,Student-2478,83
835503,Student-1886,74
835513,Student-1904,66
835829,Student-1695,78
836189,Student-3840,81
836260,Student-0138,99
836423,Student-1988,98
836539,Student-0114,98
836841,Student-3617,83
836982,Student-4530,90
837047,Student-4881,72
837355,Student-4593,79
837378,Student-0128,72
837628,Student-4923,67
837903,Student-2734,72
838218,Student-4388,78
838225,Student-3366,100
838528,Student-0762,62
838591,Student-2900,66
838759,Student-3031,77
839276,Student-4413,67
839548,Student-1702,83
839592,Student-3156,60
839954,Student-3339,73
839989,Student-3950,99
840003,Student-1977,75
840207,Student-0118,62
840323,Student-2072,79
840574,Student-2944,98
840594,Student-3915,86
840963,Student-4706,61
841018,Student-3888,71
841081,Student-0204,61
841202,Student-2017,84
841496,Student-2981,66
841701,Student-1827,78
842215,Student-0123,63
842236,Student-1528,77
842493,Student-1944,65
842573,Student-3110,96
842848,Student-4272,73
843135,Student-2577,97
844121,Student-4834,72
844172,Student-1570,97
844218,Student-4493,98
844407,Student-1893,71
844584,Student-2598,86
844713,Student-0353,79
844744,Student-0875,66
845040,Student-1992,69
846389,Student-1305,80
846760,Student-4394,89
846776,Student-3947,82
846944,Student-1755,64
847025,Student-2723,83
847278,Student-0120,65
847354,Student-4820,76
847466,Student-1834,98
847496,Student-0468,98
847833,Student-2525,68
848210,Student-0914,77
849027,Student-1138,96
849745,Student-4329,71
850008,Student-2720,83
850141,Student-4949,68
850160,Student-2258,62
850241,Student-1360,75
850493,Student-1148,86
850497,Student-4989,95
850690,Student-2326,70
851690,Student-3127,86
851735,Student-3853,94
851888,Student-3365,93
852219,Student-4592,65
852317,Student-2156,89
852404,Student-3314,100
852487,Student-4069,69
852669,Student-2771,89
852795,Student-2542,96
853372,Student-2869,66
853438,Student-0234,76
853767,Student-2483,60
853768,Student-3651,90
853793,Student-2224,87
853800,Student-4471,85
854221,Student-1070,95
854434,Student-3053,72
854495,Student-3073,69
854568,Student-0923,80
854640,Student-1333,97
854913,Student-3427,81
854998,Student-0300,68
855065,Student-0096,82
855122,Student-3953,62
855407,Student-4119,68
855598,Student-3146,77
855677,Student-0160,67
855727,Student-1536,71
855933,Student-1063,70
855955,Student-1923,91
856080,Student-0722,94
856265,Student-1020,96
856493,Student-0569,93
856649,Student-1377,88
856661,Student-4197,83
857162,Student-0769,93
857354,Student-0945,99
857760,Student-3287,60
857774,Student-2057,82
857775,Student-2632,62
858427,Student-4249,81
858957,Student-2413,98
859189,Student-3062,100
859426,Student-1530,66
859516,Student-0760,96
859657,Student-0531,70
860234,Student-4315,62
860672,Student-2485,70
860945,Student-3051,79
861048,Student-2250,84
861050,Student-4550,70
861284,Student-2636,67
861504,Student-1604,93
861621,Student-1675,98
861884,Student-2432,99
862024,Student-2152,68
862141,Student-3518,90
862425,Student-2549,64
862484,Student-0218,77
862706,Student-1635,75
862767,Student-3242,83
863373,Student-1575,74
863581,Student-2848,73
864060,Student-4960,84
864226,Student-0326,89
864252,Student-1853,92
864489,Student-3195,68
864720,Student-3082,94
864789,Student-4316,87
864943,Student-3959,68
865059,Student-3389,66
865134,Student-0841,71
865380,Student-1964,89
865410,Student-3041,83
865753,Student-1375,72
865775,Student-3657,73
866061,Student-3137,66
866275,Student-2192,78
866276,Student-1799,95
866351,Student-3243,78
866395,Student-3153,89
866538,Student-4331,68
866800,Student-2714,86
867256,Student-1828,90
867346,Student-1091,66
867499,Student-3560,69
867763,Student-3098,71
867942,Student-0342,61
868066,Student-0862,60
868311,Student-1126,79
868358,Student-0119,85
868422,Student-4981,77
868535,Student-0648,89
868539,Student-1686,92
868638,Student-3671,97
868649,Student-1576,72
868931,Student-1363,79
868933,Student-3037,91
869100,Student-4039,91
869288,Student-1141,92
869310,Student-2481,97
869334,Student-3645,91
870241,Student-1017,61
870718,Student-2888,69
871178,Student-2201,85
871242,Student-2259,86
871296,Student-0701,85
871317,Student-3890,64
871399,Student-3745,66
871672,Student-1499,71
871673,Student-2423,97
871768,Student-3917,87
871953,Student-1750,65
872605,Student-1287,73
872798,Student-2358,77
872852,Student-2856,99
872873,Student-4098,72
873067,Student-0143,94
873501,Student-3787,92
873967,Student-1982,92
874029,Student-3999,87
874073,Student-4640,82
874103,Student-1984,89
874138,Student-4940,91
874273,Student-3023,82
874452,Student-2206,68
874620,Student-2980,91
874630,Student-0001,79
874674,Student-2949,92
874904,Student-0958,83
874993,Student-4535,80
875187,Student-1838,97
875285,Student-4569,87
875456,Student-0109,92
875577,Student-3177,89
875638,Student-4660,74
875920,Student-0256,68
875960,Student-1344,99
875993,Student-1131,72
876105,Student-2033,94
876147,Student-2088,95
876503,Student-1510,62
876805,Student-1677,69
876874,Student-1307,69
876936,Student-4716,60
877203,Student-4290,70
877602,Student-4866,91
877903,Student-2956,95
878001,Student-4877,75
878019,Student-3327,60
878236,Student-2590,85
879070,Student-0725,86
879143,Student-3227,90
879367,Student-0786,86
879439,Student-0060,79
879474,Student-0687,99
879594,Student-4139,94
879706,Student-4805,78
879835,Student-0897,85
880083,Student-3555,62
880192,Student-4808,75
880247,Student-2098,97
880439,Student-1339,88
880714,Student-4813,62
880889,Student-3925,91
881068,Student-2386,86
881191,Student-2685,97
881850,Student-3036,73
882008,Student-1873,69
882436,Student-2844,87
882664,Student-3187,95
882939,Student-2792,76
883004,Student-4852,64
883027,Student-0514,73
883065,Student-3597,80
883069,Student-4636,89
883323,Student-2541,71
883392,Student-3659,68
883463,Student-4531,70
883639,Student-4049,73
884080,Student-4476,63
884406,Student-3566,89
884714,Student-0237,81
884980,Student-1371,69
885192,Student-2710,66
885532,Student-4924,75
885677,Student-1362,80
885813,Student-3680,98
885887,Student-1522,85
886239,Student-0444,73
886349,Student-4259,99
887150,Student-2970,88
887823,Student-3457,76
887835,Student-4295,87
888165,Student-1987,61
888468,Student-0198,91
888862,Student-0605,77
889370,Student-4494,62
889671,Student-2405,61
889863,Student-0972,99
890013,Student-3154,82
890038,Student-4251,67
890069,Student-0156,86
890201,Student-1502,64
890202,Student-3807,91
890526,Student-0728,76
890604,Student-3559,68
890934,Student-4963,72
891769,Student-0311,88
891779,Student-2983,72
892053,Student-3250,88
892068,Student-0334,86
892618,Student-1587,75
892633,Student-2555,76
892765,Student-1761,91
892780,Student-2773,98
892863,Student-3260,73
893250,Student-2568,79
893256,Student-0833,94
893347,Student-0416,75
893456,Student-1723,85
893621,Student-3904,100
893664,Student-1492,99
893682,Student-2322,61
893866,Student-1413,60
893881,Student-3653,61
893920,Student-2031,62
893929,Student-1935,91
894403,Student-3862,67
894823,Student-3429,76
894897,Student-3307,74
895082,Student-1721,75
895120,Student-3397,69
895643,Student-4482,66
895979,Student-2865,79
896156,Student-3380,89
896212,Student-0055,70
896456,Student-4669,91
896515,Student-0352,95
896593,Student-1437,75
896662,Student-0142,84
896719,Student-0051,80
896840,Student-2397,75
896892,Student-2517,93
896964,Student-3949,70
897316,Student-1539,71
897430,Student-4219,80
897461,Student-4887,72
897648,Student-3497,77
897765,Student-4503,65
897767,Student-4318,84
897853,Student-2429,84
897892,Student-1074,76
898086,Student-4283,92
898094,Student-0412,98
898147,Student-0936,80
898333,Student-3592,100
898638,Student-4725,91
898674,Student-2540,91
898706,Student-3248,65
898847,Student-1158,62
899060,Student-3246,89
899146,Student-1786,76
899404,Student-4433,89
899530,Student-3093,99
899927,Student-4313,85
900724,Student-1430,71
900775,Student-1308,75
900803,Student-2697,84
900820,Student-3192,97
900821,Student-3152,87
900896,Student-1725,72
901252,Student-4425,80
901628,Student-1592,96
902139,Student-1047,87
902258,Student-2208,91
902640,Student-2560,78
902715,Student-3437,83
902851,Student-4707,95
903141,Student-2789,66
903188,Student-3832,69
903321,Student-3679,60
903475,Student-0215,73
903515,Student-0951,81
903697,Student-0105,73
903871,Student-0838,100
903967,Student-3359,97
904026,Student-1404,63
904068,Student-3952,92
904222,Student-1224,100
904378,Student-3791,91
904640,Student-2346,64
904710,Student-4675,82
905175,Student-1498,99
905181,Student-0863,85
905402,Student-4371,90
905532,Student-0063,73
905626,Student-3538,88
906031,Student-2291,93
906101,Student-3565,85
906132,Student-4588,91
906347,Student-0166,93
906392,Student-3601,86
906789,Student-2642,94
907039,Student-3826,87
907133,Student-4761,86
907543,Student-0879,79
907544,Student-4907,93
907567,Student-4453,100
908325,Student-1368,81
908631,Student-2765,60
908878,Student-2533,79
909310,Student-2582,86
909362,Student-0447,63
909552,Student-0734,76
909575,Student-0555,89
909702,Student-4742,94
909707,Student-2660,79
909739,Student-2591,87
909745,Student-2022,85
909793,Student-4721,77
909896,Student-3901,94
910258,Student-4925,86
910731,Student-4768,92
910900,Student-0086,60
910943,Student-2698,70
911013,Student-4438,86
911070,Student-1547,95
911076,Student-1121,66
911454,Student-1228,98
911642,Student-4829,73
912081,Student-4072,90
912320,Student-0946,97
912747,Student-1150,67
912810,Student-0685,97
912996,Student-4404,92
913007,Student-3927,70
913031,Student-4183,78
913653,Student-2877,83
913930,Student-3880,63
913969,Student-3229,88
914191,Student-3683,92
914440,Student-4644,79
914574,Student-2510,62
914952,Student-1134,99
915560,Student-4862,71
915705,Student-3370,71
916387,Student-3317,78
916506,Student-4654,82
917344,Student-1127,97
917345,Student-2148,81
917372,Student-2064,83
917388,Student-4280,68
917619,Student-3381,93
918066,Student-3525,63
918188,Student-2739,68
918348,Student-4132,60
918357,Student-3656,65
918803,Student-4576,64
918989,Student-0406,99
919074,Student-3382,93
919183,Student-3473,75
919230,Student-4724,79
919340,Student-4544,94
919360,Student-1732,85
919430,Student-1383,61
919740,Student-0350,85
920191,Student-1041,63
920305,Student-1813,76
920844,Student-2296,93
921087,Student-3935,88
921153,Student-3094,79
921204,Student-4704,61
921262,Student-3330,67
922128,Student-4976,84
922439,Student-2558,87
922445,Student-0037,71
922721,Student-2305,100
923433,Student-0800,98
923468,Student-4352,100
923497,Student-0268,77
923514,Student-4243,65
923676,Student-0570,65
923742,Student-3193,67
923815,Student-4979,78
923889,Student-3948,72
923962,Student-2830,94
924139,Student-3113,97
924153,Student-1069,86
924221,Student-0426,92
924335,Student-2447,81
924400,Student-3736,96
924419,Student-1598,77
924593,Student-2787,98
925060,Student-3638,93
925183,Student-0179,68
925286,Student-1160,75
925298,Student-4695,77
925313,Student-0196,73
925558,Student-2529,63
925904,Student-3868,71
925965,Student-4474,86
925986,Student-4170,97
926678,Student-3321,83
926808,Student-4201,85
926996,Student-4674,60
927033,Student-3958,76
927103,Student-0181,77
927584,Student-3215,85
927639,Student-3558,85
927643,Student-2107,73
927817,Student-4602,90
927974,Student-0739,69
928003,Student-4770,69
928200,Student-2454,60
928509,Student-2005,74
928575,Student-1757,84
929185,Student-0408,81
929655,Student-2570,96
929684,Student-3168,88
929706,Student-2847,84
929782,Student-2479,86
929861,Student-0517,94
929898,Student-4458,89
929991,Student-0998,86
930035,Student-1095,66
930302,Student-4653,76
930358,Student-2272,92
930429,Student-0314,81
930693,Student-0339,87
930973,Student-0856,96
931245,Student-4730,97
931414,Student-4445,60
932197,Student-2650,90
932581,Student-0681,60
932587,Student-0213,60
932812,Student-3371,62
932827,Student-2886,83
932939,Student-4236,100
933063,Student-2105,63
933076,Student-3130,75
933444,Student-1274,81
933626,Student-0457,77
933636,Student-4863,74
933695,Student-3605,93
933741,Student-1801,94
934218,Student-4840,81
934300,Student-4523,65
934581,Student-4214,86
934701,Student-2460,96
934762,Student-1073,87
935021,Student-3550,97
935210,Student-3662,69
935237,Student-4596,85
935294,Student-3790,99
935387,Student-1833,83
935704,Student-0582,90
936043,Student-3802,92
936184,Student-2026,73
936262,Student-2172,98
936671,Student-4655,62
936686,Student-0992,95
936928,Student-3759,88
936938,Student-4638,86
936985,Student-3696,90
937200,Student-0101,92
937282,Student-1654,83
937368,Student-4207,85
937956,Student-2841,92
938010,Student-3472,79
938370,Student-0547,82
938553,Student-1926,73
938591,Student-3908,63
938692,Student-3148,80
938754,Student-4518,76
938927,Student-0148,99
938952,Student-3386,74
939469,Student-4536,92
939694,Student-0365,87
939778,Student-2074,84
939822,Student-1738,98
940016,Student-2664,94
940200,Student-3858,80
940241,Student-4177,97
940547,Student-3521,61
940961,Student-2166,97
941023,Student-2638,69
941338,Student-2778,87
941361,Student-2681,65
941882,Student-1178,89
942061,Student-1183,80
942440,Student-4075,88
942535,Student-4532,85
943115,Student-3584,80
943782,Student-4509,75
943955,Student-2545,62
944002,Student-2146,77
944081,Student-4173,64
944084,Student-1941,100
944570,Student-3856,100
944806,Student-4879,79
945170,Student-1461,76
945181,Student-0002,77
945331,Student-4456,99
945805,Student-3749,73
946443,Student-2270,61
947085,Student-0099,71
947168,Student-4265,61
947180,Student-2383,61
947199,Student-1636,62
947279,Student-4335,75
947895,Student-4991,63
948035,Student-0139,99
948216,Student-0171,83
948308,Student-1739,86
948622,Student-2958,71
948794,Student-0130,61
948804,Student-1195,62
949138,Student-0433,66
949228,Student-4579,76
949326,Student-4028,90
949385,Student-1678,81
949463,Student-2668,91
950000,Student-1379,64
950139,Student-3007,90
950339,Student-2091,62
950537,Student-1298,63
950764,Student-0916,73
950791,Student-0436,80
950862,Student-2799,70
950899,Student-2475,90
951447,Student-0700,99
951549,Student-1529,60
951794,Student-0915,70
952236,Student-1495,69
952311,Student-2068,99
952430,Student-4912,62
952749,Student-4628,97
952753,Student-2157,87
953067,Student-1009,94
953382,Student-3224,89
953396,Student-0438,99
953480,Student-2099,61
954092,Student-2324,81
954139,Student-4936,77
954450,Student-4491,61
954544,Student-3906,75
954759,Student-3579,100
954793,Student-1980,83
954982,Student-3416,88
954987,Student-4436,88
955421,Student-2430,94
955955,Student-3811,71
955970,Student-3406,91
956173,Student-4270,92
956307,Student-2021,60
956475,Student-2575,62
956631,Student-1190,91
956725,Student-3511,89
956787,Student-1962,69
956804,Student-1909,77
957196,Student-2658,84
957405,Student-4559,83
957898,Student-3989,97
958029,Student-1775,66
958163,Student-2910,92
958464,Student-2177,89
958510,Student-2256,85
958689,Student-2142,100
958939,Student-4661,75
959490,Student-2592,66
959565,Student-0682,74
960036,Student-1820,61
960228,Student-0836,93
960301,Student-1931,83
960341,Student-2991,86
960375,Student-4969,65
960756,Student-4387,67
961223,Student-4244,95
961951,Student-1129,75
962090,Student-0695,80
962163,Student-0659,82
962520,Student-0843,96
962624,Student-2951,74
963018,Student-0122,72
963134,Student-4643,80
963317,Student-3126,89
963654,Student-3267,90
964044,Student-4882,78
964375,Student-1998,65
964407,Student-3266,83
964596,Student-3495,62
964664,Student-0331,72
964777,Student-3523,75
964876,Student-4836,87
964888,Student-0810,86
964935,Student-3716,64
965203,Student-0814,87
965636,Student-0079,80
965658,Student-0362,80
965690,Student-4137,76
966015,Student-3882,97
966245,Student-4006,63
966256,Student-0927,60
966281,Student-3697,87
966683,Student-2671,72
967027,Student-4348,85
967210,Student-1704,98
967375,Student-2227,86
967541,Student-3572,79
967776,Student-3409,67
967799,Student-1334,86
968045,Student-2320,80
968168,Student-0893,78
968267,Student-3580,86
968477,Student-0490,80
968591,Student-3161,81
968680,Student-4507,87
969115,Student-2905,72
969269,Student-4608,97
969351,Student-3965,99
969390,Student-2367,73
969513,Student-1557,67
969620,Student-3440,75
969732,Student-0855,63
969761,Student-3219,75
969868,Student-4611,64
969896,Student-2994,100
970240,Student-1477,91
970336,Student-4838,79
970404,Student-4548,84
970474,Student-1622,77
970544,Student-2752,93
970562,Student-1476,73
970626,Student-3961,86
970658,Student-3211,85
970920,Student-3184,98
970963,Student-0802,73
971263,Student-3695,95
971339,Student-3249,72
971427,Student-0742,91
971441,Student-0393,99
971906,Student-1627,79
971912,Student-4277,72
972029,Student-4317,95
972139,Student-4144,81
972938,Student-2943,91
973106,Student-0723,95
973459,Student-4467,95
973797,Student-2548,90
974028,Student-2179,96
974414,Student-4252,74
974423,Student-2564,91
974798,Student-3328,83
974852,Student-3991,98
975249,Student-1082,93
975501,Student-1066,83
975581,Student-3724,75
975605,Student-3069,62
975643,Student-2459,63
975679,Student-1986,93
975786,Student-0559,76
975805,Student-0528,68
975816,Student-3286,83
975940,Student-0636,91
976042,Student-1118,68
976607,Student-0159,92
976629,Student-2407,73
976901,Student-0924,83
976947,Student-4483,63
977312,Student-2362,89
977360,Student-2084,70
977406,Student-1789,99
977454,Student-4192,73
977502,Student-3469,74
977717,Student-3567,75
977897,Student-1726,85
978011,Student-4651,73
978310,Student-4101,96
978461,Student-0201,71
978522,Student-4757,69
978599,Student-0422,95
979134,Student-0595,89
979147,Student-0987,90
979478,Student-0317,91
979591,Student-2878,80
979739,Student-4416,97
979911,Student-3191,86
980086,Student-4238,78
980172,Student-0310,97
980477,Student-2294,92
980735,Student-3865,86
980803,Student-3706,84
980841,Student-4502,72
981056,Student-0801,83
981197,Student-4874,72
981242,Student-3412,79
981391,Student-4510,89
981456,Student-1409,95
981529,Student-0491,76
981635,Student-2962,62
981699,Student-3930,60
981872,Student-3968,99
982015,Student-4033,95
982064,Student-2007,84
982081,Student-3717,61
982092,Student-1919,100
982271,Student-3058,93
982385,Student-4088,84
982946,Student-1512,82
983021,Student-2045,72
983057,Student-3987,61
983102,Student-0733,76
983136,Student-4414,67
983212,Student-4872,64
983322,Student-2307,61
983431,Student-2504,83
983652,Student-4885,91
983720,Student-3516,62
983744,Student-2466,85
984045,Student-4378,67
984163,Student-1899,68
984168,Student-0880,90
984449,Student-0482,90
984830,Student-0615,66
985228,Student-4817,76
985233,Student-3032,71
985674,Student-3240,66
985891,Student-1336,72
986096,Student-2775,61
986244,Student-0678,87
986638,Student-3570,83
986679,Student-2355,87
987142,Student-4728,89
987432,Student-1915,72
987637,Student-0902,76
987901,Student-3199,75
987971,Student-1500,98
988015,Student-2115,61
988164,Student-1460,83
988190,Student-4639,77
988232,Student-0062,89
988463,Student-3189,89
988484,Student-0248,71
988498,Student-0467,83
988620,Student-3942,96
989046,Student-0448,91
989110,Student-2230,62
989758,Student-0981,71
989972,Student-2344,63
990336,Student-3672,92
990681,Student-0307,97
990755,Student-1055,96
990941,Student-3245,81
991358,Student-1597,85
991370,Student-2001,62
991695,Student-2976,61
991861,Student-3499,87
991949,Student-0953,74
992409,Student-2016,92
992596,Student-4731,92
992913,Student-0381,97
992933,Student-0666,74
993002,Student-3513,91
993333,Student-0472,99
993754,Student-3785,92
994118,Student-0012,74
994586,Student-0168,73
994710,Student-3338,72
994738,Student-2313,91
994783,Student-2395,90
995197,Student-3468,84
995634,Student-2774,94
995711,Student-4424,96
995818,Student-1785,62
995847,Student-1249,69
995939,Student-0110,78
996218,Student-0494,77
996272,Student-0228,78
996353,Student-4762,70
996537,Student-3757,64
996809,Student-0158,82
996885,Student-4784,61
996929,Student-1609,93
996941,Student-1417,98
997108,Student-4037,78
997203,Student-1655,68
997436,Student-1795,76
997622,Student-1471,67
997732,Student-3507,81
997924,Student-1248,80
997949,Student-3792,80
997950,Student-2442,89
997980,Student-4145,97
998854,Student-2372,70
999339,Student-3047,80
